<?xml version='1.0' encoding='UTF-8'?>
<!--

    Copyright 2004-2013 The Kuali Foundation

    Licensed under the Educational Community License, Version 2.0 (the "License");
    you may not use this file except in compliance with the License.
    You may obtain a copy of the License at

    http://www.opensource.org/licenses/ecl2.php

    Unless required by applicable law or agreed to in writing, software
    distributed under the License is distributed on an "AS IS" BASIS,
    WITHOUT WARRANTIES OR CONDITIONS OF ANY KIND, either express or implied.
    See the License for the specific language governing permissions and
    limitations under the License.

-->
<data xmlns="ns:workflow"
      xmlns:xsi="http://www.w3.org/2001/XMLSchema-instance"
      xsi:schemaLocation="ns:workflow resource:WorkflowData">
    <documentTypes xmlns="ns:workflow/DocumentType"
                   xsi:schemaLocation="ns:workflow/DocumentType resource:DocumentType">            
		<documentType>
            <name>LeavePayoutDocumentType</name>
			<parent>RiceDocument</parent>
			<superUserGroupName namespace="KPME-HR">System Administrator</superUserGroupName>
			<blanketApproveGroupName namespace="KPME-HR">System Administrator</blanketApproveGroupName>
			<defaultExceptionGroupName namespace="KPME-HR">System Administrator</defaultExceptionGroupName>
			<description>Leave Payout Document</description>
			<label>LeavePayoutDocument</label>
            <docHandler>${kuali.docHandler.url.prefix}/kr/maintenance.do?methodToCall=docHandler</docHandler>
            <active>true</active>
            <applicationId>KPME</applicationId>
            <routingVersion>1</routingVersion>
			<routePaths>
				<routePath>
					<start name="adhoc" nextNode="Leave Payout Attribute" />
					<requests name="Leave Payout Attribute" />
				</routePath>
			</routePaths>
			<routeNodes>
				<start name="adhoc">
					<exceptionGroupName namespace="KPME-HR">System Administrator</exceptionGroupName>
					<activationType>S</activationType>
					<mandatoryRoute>false</mandatoryRoute>
					<finalApproval>false</finalApproval>
				</start>
				<requests name="Leave Payout Attribute">
					<exceptionGroupName namespace="KPME-HR">System Administrator</exceptionGroupName>
					<activationType>S</activationType>
					<ruleTemplate>LeavePayoutRuleTemplate</ruleTemplate>
					<mandatoryRoute>true</mandatoryRoute>
					<finalApproval>true</finalApproval>
				</requests>
			</routeNodes>
			<policies>
				<policy>
					<name>INITIATOR_MUST_CANCEL</name>
					<value>false</value>
				</policy>
				<policy>
					<name>INITIATOR_MUST_ROUTE</name>
					<value>false</value>
				</policy>
			</policies>
		</documentType>
	</documentTypes>
    
    <ruleAttributes xmlns="ns:workflow/RuleAttribute" 
                    xsi:schemaLocation="ns:workflow/RuleAttribute resource:RuleAttribute">
        <ruleAttribute>
            <name>LeavePayoutRoleAttribute</name>
            <className>org.kuali.hr.lm.workflow.LeavePayoutRoleAttribute</className>
            <label>LeavePayoutRoleAttribute</label>
            <description>LeavePayoutRoleAttribute</description>
            <type>RuleAttribute</type>
            <applicationId>KPME</applicationId>
        </ruleAttribute>
    </ruleAttributes>
    
    <ruleTemplates xmlns="ns:workflow/RuleTemplate" 
                   xsi:schemaLocation="ns:workflow/RuleTemplate resource:RuleTemplate">
        <ruleTemplate allowOverwrite="true">
            <name>LeavePayoutRuleTemplate</name>
            <description>LeavePayoutRuleTemplate</description>
            <attributes>
                <attribute>
                    <name>LeavePayoutRoleAttribute</name>
                    <required>false</required>
                </attribute>
            </attributes>
        </ruleTemplate>
    </ruleTemplates>
    
    <rules xmlns="ns:workflow/Rule" 
           xsi:schemaLocation="ns:workflow/Rule resource:Rule">
        <rule>
            <name>LeavePayoutWorkflowRule</name>
            <documentType>LeavePayoutDocumentType</documentType>
            <ruleTemplate>LeavePayoutRuleTemplate</ruleTemplate>
            <description>LeavePayoutWorkflowRule</description>
        	<forceAction>true</forceAction>
        	<responsibilities>
                <responsibility>
                    <role>org.kuali.hr.lm.workflow.LeavePayoutRoleAttribute!Approver</role>
                    <approvePolicy>F</approvePolicy>
                    <actionRequested>A</actionRequested>
                    <priority>1</priority>
            	</responsibility>
                <responsibility>
                    <role>org.kuali.hr.lm.workflow.LeavePayoutRoleAttribute!Approver Delegate</role>
                    <approvePolicy>F</approvePolicy>
                    <actionRequested>A</actionRequested>
                    <priority>2</priority>
                </responsibility>
            </responsibilities>
        </rule>
    </rules>
</data>