<?xml version='1.0' encoding='UTF-8'?>
<!--

    Copyright 2004-2013 The Kuali Foundation

    Licensed under the Educational Community License, Version 2.0 (the "License");
    you may not use this file except in compliance with the License.
    You may obtain a copy of the License at

    http://www.opensource.org/licenses/ecl2.php

    Unless required by applicable law or agreed to in writing, software
    distributed under the License is distributed on an "AS IS" BASIS,
    WITHOUT WARRANTIES OR CONDITIONS OF ANY KIND, either express or implied.
    See the License for the specific language governing permissions and
    limitations under the License.

-->
<data xmlns="ns:workflow" 
      xmlns:xsi="http://www.w3.org/2001/XMLSchema-instance"
      xsi:schemaLocation="ns:workflow resource:WorkflowData">
    <documentTypes xmlns="ns:workflow/DocumentType"
                   xsi:schemaLocation="ns:workflow/DocumentType resource:DocumentType">
		<documentType>
            <name>LeaveCalendarDocument</name>
			<parent>RiceDocument</parent>
			<superUserGroupName namespace="KPME-HR">System Administrator</superUserGroupName>
			<blanketApproveGroupName namespace="KPME-HR">System Administrator</blanketApproveGroupName>
			<defaultExceptionGroupName namespace="KPME-HR">System Administrator</defaultExceptionGroupName>
			<description>Leave Calendar Document</description>
			<label>LeaveCalendarDocument</label>
            <docHandler>${kuali.docHandler.url.prefix}/LeaveCalendar.do?methodToCall=docHandler</docHandler>
            <postProcessorName>org.kuali.hr.lm.workflow.postprocessor.LmPostProcessor</postProcessorName>
            <applicationId>KPME</applicationId>
            <active>true</active>
            <routingVersion>1</routingVersion>
			<attributes>
				<attribute>
					<name>LeaveCalendarWorkAreaSearchAttribute</name>
				</attribute>
				<attribute>
					<name>LeaveCalendarDepartmentSearchAttribute</name>
				</attribute>
				<attribute>
					<name>LeaveCalendarSalGroupSearchAttribute</name>
				</attribute>
				<attribute>
					<name>LeaveCalendarCalEndSearchAttribute</name>
				</attribute>
			</attributes>
			<routePaths>
				<routePath>
					<start name="adhoc" nextNode="Leave Calendar Attribute" />
					<requests name="Leave Calendar Attribute" />
				</routePath>
			</routePaths>
			<routeNodes>
				<start name="adhoc">
					<exceptionGroupName namespace="KPME-HR">System Administrator</exceptionGroupName>
					<activationType>S</activationType>
					<mandatoryRoute>false</mandatoryRoute>
					<finalApproval>false</finalApproval>
				</start>
				<requests name="Leave Calendar Attribute">
					<exceptionGroupName namespace="KPME-HR">System Administrator</exceptionGroupName>
					<activationType>S</activationType>
					<ruleTemplate>LeaveCalendarRuleTemplate</ruleTemplate>
					<mandatoryRoute>true</mandatoryRoute>
					<finalApproval>true</finalApproval>
				</requests>
			</routeNodes>
			<policies>
				<policy>
					<name>INITIATOR_MUST_CANCEL</name>
					<value>false</value>
				</policy>
				<policy>
					<name>INITIATOR_MUST_ROUTE</name>
					<value>false</value>
				</policy>
			</policies>
		</documentType>
	</documentTypes>
    
    <ruleAttributes xmlns="ns:workflow/RuleAttribute" 
                    xsi:schemaLocation="ns:workflow/RuleAttribute resource:RuleAttribute">
        <ruleAttribute>
            <name>LeaveCalendarWorkAreaSearchAttribute</name>
            <className>org.kuali.rice.kew.docsearch.xml.StandardGenericXMLSearchableAttribute</className>
            <label>LeaveCalendarWorkAreaSearchAttribute</label>
            <description>LeaveCalendarWorkAreaSearchAttribute</description>
            <type>SearchableXmlAttribute</type>
            <searchingConfig>
                <fieldDef name="workarea" title="Work Area">
                    <display>
                        <type>text</type>
                    </display>
                    <fieldEvaluation>
                        <xpathexpression>//WORKAREA/@value</xpathexpression>
                    </fieldEvaluation>
                </fieldDef>
            </searchingConfig>
        </ruleAttribute>
        <ruleAttribute>
            <name>LeaveCalendarDepartmentSearchAttribute</name>
            <className>org.kuali.rice.kew.docsearch.xml.StandardGenericXMLSearchableAttribute</className>
            <label>LeaveCalendarDepartmentSearchAttribute</label>
            <description>LeaveCalendarDepartmentSearchAttribute</description>
            <type>SearchableXmlAttribute</type>
            <searchingConfig>
                <fieldDef name="department" title="Department">
                    <display>
                        <type>text</type>
                    </display>
                    <fieldEvaluation>
                        <xpathexpression>//DEPARTMENT/@value</xpathexpression>
                    </fieldEvaluation>
                </fieldDef>
            </searchingConfig>
        </ruleAttribute>
        <ruleAttribute>
            <name>LeaveCalendarSalGroupSearchAttribute</name>
            <className>org.kuali.rice.kew.docsearch.xml.StandardGenericXMLSearchableAttribute</className>
            <label>LeaveCalendarSalGroupSearchAttribute</label>
            <description>LeaveCalendarSalGroupSearchAttribute</description>
            <type>SearchableXmlAttribute</type>
            <searchingConfig>
                <fieldDef name="salGroup" title="Salary Group">
                    <display>
                        <type>text</type>
                    </display>
                    <fieldEvaluation>
                        <xpathexpression>//SALGROUP/@value</xpathexpression>
                    </fieldEvaluation>
                </fieldDef>
            </searchingConfig>
        </ruleAttribute>
        <ruleAttribute>
            <name>LeaveCalendarCalEndSearchAttribute</name>
            <className>org.kuali.rice.kew.docsearch.xml.StandardGenericXMLSearchableAttribute</className>
            <label>LeaveCalendarCalEndSearchAttribute</label>
            <description>LeaveCalendarCalEndSearchAttribute</description>
            <type>SearchableXmlAttribute</type>
            <searchingConfig>
                <fieldDef name="payCalendarEnd" title="Pay Calendar End Date">
                    <display>
                        <type>text</type>
                    </display>
                    <fieldEvaluation>
                        <xpathexpression>//PAYENDDATE/@value</xpathexpression>
                    </fieldEvaluation>
                </fieldDef>
            </searchingConfig>
        </ruleAttribute>
        <ruleAttribute>
            <name>LeaveCalendarRoleAttribute</name>
            <className>org.kuali.hr.lm.workflow.LeaveCalendarRoleAttribute</className>
            <label>LeaveCalendarRoleAttribute</label>
            <description>LeaveCalendarRoleAttribute</description>
            <type>RuleAttribute</type>
            <applicationId>KPME</applicationId>
        </ruleAttribute>
    </ruleAttributes>
    
    <ruleTemplates xmlns="ns:workflow/RuleTemplate" 
                   xsi:schemaLocation="ns:workflow/RuleTemplate resource:RuleTemplate">
        <ruleTemplate allowOverwrite="true">
            <name>LeaveCalendarRuleTemplate</name>
            <description>LeaveCalendarRuleTemplate</description>
            <attributes>
                <attribute>
                    <name>LeaveCalendarRoleAttribute</name>
                    <required>false</required>
                </attribute>
            </attributes>
        </ruleTemplate>
    </ruleTemplates>
    
    <rules xmlns="ns:workflow/Rule" 
           xsi:schemaLocation="ns:workflow/Rule resource:Rule">
        <rule>
            <name>LeaveCalendarRule</name>
            <documentType>LeaveCalendarDocument</documentType>
            <ruleTemplate>LeaveCalendarRuleTemplate</ruleTemplate>
            <description>LeaveCalendarRule</description>
            <forceAction>true</forceAction>
            <responsibilities>
                <responsibility>
                    <role>org.kuali.hr.lm.workflow.LeaveCalendarRoleAttribute!Approver</role>
                    <approvePolicy>F</approvePolicy>
                    <actionRequested>A</actionRequested>
                    <priority>1</priority>
                </responsibility>
                <responsibility>
                    <role>org.kuali.hr.lm.workflow.LeaveCalendarRoleAttribute!Approver Delegate</role>
                    <approvePolicy>F</approvePolicy>
                    <actionRequested>A</actionRequested>
                    <priority>2</priority>
                </responsibility>
            </responsibilities>
        </rule>
    </rules>
</data>