PRNCPL_ID,ENTITY_ID,PRNCPL_NM,ACTV_IND,OBJ_ID,VER_NBR
5091260103,10000,dwoods,Y,KFS5091260103,1
1815208190,10001,houlihan,Y,KFS1815208190,1
1203608260,10002,rbpaulin,Y,KFS1203608260,1
4032804674,10003,chew,Y,KFS4032804674,1
3506402959,10004,majors,Y,KFS3506402959,1
2537402233,10005,donugent,Y,KFS2537402233,1
1249702947,10006,mbshorte,Y,KFS1249702947,1
5864186557,10007,munderwood,Y,KFS5864186557,1
3366605276,10008,hweubank,Y,KFS3366605276,1
3216002071,10009,lvbarger,Y,KFS3216002071,1
3936306076,10010,jckahler,Y,KFS3936306076,1
3898405507,10011,byler,Y,KFS3898405507,1
1509103107,10012,aemcafee,Y,KFS1509103107,1
1604603002,10013,westfall,Y,KFS1604603002,1
1288107367,10014,bbshankl,Y,KFS1288107367,1
5541982157,10015,rferland,Y,KFS5541982157,1
1860501124,10016,khcrabtr,Y,KFS1860501124,1
5123417161,10017,ofelker,Y,KFS5123417161,1
4217300016,10018,martin,Y,KFS4217300016,1
3386606059,10019,sterner,Y,KFS3386606059,1
5627764568,10020,cbayless,Y,KFS5627764568,1
2314806121,10021,tmkato,Y,KFS2314806121,1
5724576910,10022,chovis,Y,KFS5724576910,1
2420700782,10023,rnmcinty,Y,KFS2420700782,1
3374304397,10024,eagle,Y,KFS3374304397,1
5960270367,10025,oblood,Y,KFS5960270367,1
5581304256,10026,mpond,Y,KFS5581304256,1
3939002115,10027,flaherty,Y,KFS3939002115,1
3163207199,10028,mukoss,Y,KFS3163207199,1
5786044627,10029,omceachern,Y,KFS5786044627,1
3036403289,10030,wacuna,Y,KFS3036403289,1
4068002838,10031,schulte,Y,KFS4068002838,1
2331903502,10032,odevries,Y,KFS2331903502,1
3424308580,10033,dxdevane,Y,KFS3424308580,1
3252309588,10034,lvclinks,Y,KFS3252309588,1
1988805632,10035,brunelle,Y,KFS1988805632,1
5184668281,10036,cbernal,Y,KFS5184668281,1
5391187341,10037,bborst,Y,KFS5391187341,1
3326404888,10038,wsoileau,Y,KFS3326404888,1
5523259684,10039,aburd,Y,KFS5523259684,1
5236961858,10040,lengel,Y,KFS5236961858,1
5860226871,10041,fheadley,Y,KFS5860226871,1
5977546655,10042,rgailey,Y,KFS5977546655,1
3427200580,10043,shields,Y,KFS3427200580,1
2331909034,10044,elgin,Y,KFS2331909034,1
5098033757,10045,bboman,Y,KFS5098033757,1
2431808577,10046,duggins,Y,KFS2431808577,1
5739003009,10047,kowens,Y,KFS5739003009,1
5917208020,10048,ndarr,Y,KFS5917208020,1
5521474953,10049,ccary,Y,KFS5521474953,1
2735702616,10050,ralston,Y,KFS2735702616,1
3372600016,10051,mwmartin,Y,KFS3372600016,1
3645307585,10052,bpalladi,Y,KFS3645307585,1
2904700508,10053,cschase,Y,KFS2904700508,1
1741404211,10054,weis,Y,KFS1741404211,1
5539529783,10055,kweis,Y,KFS5539529783,1
5019133138,10056,alindholm,Y,KFS5019133138,1
5243549508,10057,amunford,Y,KFS5243549508,1
5040559378,10058,thaviland,Y,KFS5040559378,1
5777172886,10059,mtheiss,Y,KFS5777172886,1
3162503037,10060,pickard,Y,KFS3162503037,1
4043300972,10061,mdbird,Y,KFS4043300972,1
3876307842,10062,dunson,Y,KFS3876307842,1
2943509237,10063,grindle,Y,KFS2943509237,1
3474208965,10064,lxbiller,Y,KFS3474208965,1
3736602747,10065,noland,Y,KFS3736602747,1
1705103394,10066,jodaniel,Y,KFS1705103394,1
3596609575,10067,flesher,Y,KFS3596609575,1
5620597779,10068,vyoon,Y,KFS5620597779,1
5984193420,10069,mbunnell,Y,KFS5984193420,1
4025604960,10070,michels,Y,KFS4025604960,1
5545433665,10071,ldurbin,Y,KFS5545433665,1
2814003959,10072,blackwoo,Y,KFS2814003959,1
5275554891,10073,sjacobo,Y,KFS5275554891,1
5051708998,10074,vbarth,Y,KFS5051708998,1
1665808937,10075,fang,Y,KFS1665808937,1
1514106516,10076,sharma,Y,KFS1514106516,1
2164400022,10077,rodrigue,Y,KFS2164400022,1
2683807863,10078,yon,Y,KFS2683807863,1
5224664431,10079,dearley,Y,KFS5224664431,1
2300300978,10080,rmoneil,Y,KFS2300300978,1
5226160864,10081,hstringer,Y,KFS5226160864,1
5126018490,10082,tpenrod,Y,KFS5126018490,1
3563401063,10083,jamison,Y,KFS3563401063,1
5854895077,10084,sarriaga,Y,KFS5854895077,1
1756202191,10085,qmedley,Y,KFS1756202191,1
4140303208,10086,keknudse,Y,KFS4140303208,1
3489706142,10087,valdivia,Y,KFS3489706142,1
2390600602,10088,hutchins,Y,KFS2390600602,1
1362801241,10089,crockett,Y,KFS1362801241,1
5063418759,10090,sives,Y,KFS5063418759,1
5203978293,10091,ltoy,Y,KFS5203978293,1
1204808831,10092,abhafner,Y,KFS1204808831,1
3738303291,10093,easigler,Y,KFS3738303291,1
5023975075,10094,fprovince,Y,KFS5023975075,1
5192369024,10095,tkeele,Y,KFS5192369024,1
5283899333,10096,hsingletary,Y,KFS5283899333,1
3649600016,10097,emartin,Y,KFS3649600016,1
3516907290,10098,carvajal,Y,KFS3516907290,1
1223106803,10099,leflore,Y,KFS1223106803,1
2307308417,10100,biworces,Y,KFS2307308417,1
5543169405,10101,vcraver,Y,KFS5543169405,1
5809309337,10102,ysteed,Y,KFS5809309337,1
5943267570,10103,vstaley,Y,KFS5943267570,1
5540292162,10104,lfudge,Y,KFS5540292162,1
1572208606,10105,walcott,Y,KFS1572208606,1
1651505232,10106,haddock,Y,KFS1651505232,1
5774433245,10107,ctedeschi,Y,KFS5774433245,1
5670064054,10108,ttoney,Y,KFS5670064054,1
3826406131,10109,cravens,Y,KFS3826406131,1
5192185031,10110,hmontenegro,Y,KFS5192185031,1
2741900332,10111,jqsharp,Y,KFS2741900332,1
5195619927,10112,ewinder,Y,KFS5195619927,1
1908806212,10113,mcdavid,Y,KFS1908806212,1
3601403206,10114,moffitt,Y,KFS3601403206,1
5232808383,10115,hpace,Y,KFS5232808383,1
5314122418,10116,tpiotrowski,Y,KFS5314122418,1
2937806342,10117,coreal,Y,KFS2937806342,1
5713613329,10118,fhersh,Y,KFS5713613329,1
1747705005,10119,edmunds,Y,KFS1747705005,1
2264204055,10120,adcochra,Y,KFS2264204055,1
3925405955,10121,infante,Y,KFS3925405955,1
3275401107,10122,cvsincla,Y,KFS3275401107,1
3691001925,10123,hutton,Y,KFS3691001925,1
5056283963,10124,rboardman,Y,KFS5056283963,1
5712058844,10125,mlovelady,Y,KFS5712058844,1
2578605950,10126,marchant,Y,KFS2578605950,1
1550800182,10127,lane,Y,KFS1550800182,1
5307993824,10128,lcory,Y,KFS5307993824,1
2635407255,10129,jppankey,Y,KFS2635407255,1
1507307306,10130,berisner,Y,KFS1507307306,1
1526100787,10131,cantu,Y,KFS1526100787,1
1135201202,10132,anemery,Y,KFS1135201202,1
3312503232,10133,albertso,Y,KFS3312503232,1
5070731675,10134,wrhinehart,Y,KFS5070731675,1
3283707808,10135,svoxley,Y,KFS3283707808,1
2470005487,10136,djohnsto,Y,KFS2470005487,1
5351696477,10137,salexander,Y,KFS5351696477,1
2909700894,10138,jsalford,Y,KFS2909700894,1
5334011743,10139,cmattos,Y,KFS5334011743,1
1198203164,10140,ireland,Y,KFS1198203164,1
1197209582,10141,degroot,Y,KFS1197209582,1
5411149156,10142,lwestern,Y,KFS5411149156,1
5004953864,10143,hepps,Y,KFS5004953864,1
1302403183,10144,reich,Y,KFS1302403183,1
2758708357,10145,xrippy,Y,KFS2758708357,1
2307207334,10146,wgrillo,Y,KFS2307207334,1
5174205391,10147,pdaughtry,Y,KFS5174205391,1
5765247378,10148,sfredrick,Y,KFS5765247378,1
2079504577,10149,ggaray,Y,KFS2079504577,1
4207803670,10150,copley,Y,KFS4207803670,1
2331208456,10151,melson,Y,KFS2331208456,1
4221904096,10152,durr,Y,KFS4221904096,1
1248203895,10153,bleighto,Y,KFS1248203895,1
2030404991,10154,ajpedigo,Y,KFS2030404991,1
4205208566,10155,jisley,Y,KFS4205208566,1
3795206649,10156,gailey,Y,KFS3795206649,1
5819309255,10157,ctuck,Y,KFS5819309255,1
5907053654,10158,ecage,Y,KFS5907053654,1
3058705294,10159,xstutzma,Y,KFS3058705294,1
3642904880,10160,cottle,Y,KFS3642904880,1
5170994637,10161,ahowlett,Y,KFS5170994637,1
5725303514,10162,jfehr,Y,KFS5725303514,1
3803402449,10163,raiken,Y,KFS3803402449,1
5927639487,10164,mstarnes,Y,KFS5927639487,1
5454058840,10165,bwear,Y,KFS5454058840,1
1999401495,10166,qmarin,Y,KFS1999401495,1
5093572667,10167,lswarey,Y,KFS5093572667,1
5611783834,10168,cevans,Y,KFS5611783834,1
3428204097,10169,creamer,Y,KFS3428204097,1
2499408370,10170,jbyerly,Y,KFS2499408370,1
5272271837,10171,lsamples,Y,KFS5272271837,1
5202677635,10172,qlaux,Y,KFS5202677635,1
2160507403,10173,kkherefo,Y,KFS2160507403,1
2766001893,10174,koenig,Y,KFS2766001893,1
5812327994,10175,aschock,Y,KFS5812327994,1
3367504366,10176,espino,Y,KFS3367504366,1
5031579522,10177,lhan,Y,KFS5031579522,1
1275504380,10178,bbsimone,Y,KFS1275504380,1
5571585373,10179,abremer,Y,KFS5571585373,1
1452907448,10180,thaxton,Y,KFS1452907448,1
5487714022,10181,mpoole,Y,KFS5487714022,1
1202108464,10182,rolunt,Y,KFS1202108464,1
1805600524,10183,wolf,Y,KFS1805600524,1
5269139522,10184,sorton,Y,KFS5269139522,1
2366709421,10185,mcmaster,Y,KFS2366709421,1
1423005543,10186,henshaw,Y,KFS1423005543,1
2915209681,10187,jsickes,Y,KFS2915209681,1
5374916469,10188,lthurman,Y,KFS5374916469,1
2777801570,10189,dahl,Y,KFS2777801570,1
5538942923,10190,kkay,Y,KFS5538942923,1
5165806291,10191,lsohn,Y,KFS5165806291,1
1569401609,10192,peacock,Y,KFS1569401609,1
4186206504,10193,brodeur,Y,KFS4186206504,1
5636065415,10194,mhorning,Y,KFS5636065415,1
5925273370,10195,slongoria,Y,KFS5925273370,1
1402703961,10196,ahrens,Y,KFS1402703961,1
5833718096,10197,sturnbow,Y,KFS5833718096,1
4178502080,10198,zepeda,Y,KFS4178502080,1
5416732436,10199,mwilkey,Y,KFS5416732436,1
1976402563,10200,eilawton,Y,KFS1976402563,1
5934827280,10201,esnodgrass,Y,KFS5934827280,1
2754906885,10202,rqwoolar,Y,KFS2754906885,1
2736007574,10203,pqstalna,Y,KFS2736007574,1
3962709804,10204,mariani,Y,KFS3962709804,1
3935505190,10205,kclarrab,Y,KFS3935505190,1
2664406482,10206,lander,Y,KFS2664406482,1
2565902038,10207,vhuntley,Y,KFS2565902038,1
5071878780,10208,hreynolds,Y,KFS5071878780,1
3919002203,10209,ypeachey,Y,KFS3919002203,1
1539805280,10210,recoffee,Y,KFS1539805280,1
5231251409,10211,lcandelaria,Y,KFS5231251409,1
1586809641,10212,robeson,Y,KFS1586809641,1
1645207081,10213,efley,Y,KFS1645207081,1
5718398122,10214,tclancy,Y,KFS5718398122,1
5997574834,10215,supton,Y,KFS5997574834,1
3831904949,10216,banner,Y,KFS3831904949,1
2953707698,10217,bocanegr,Y,KFS2953707698,1
5823386215,10218,ebauer,Y,KFS5823386215,1
2151904169,10219,mrawlins,Y,KFS2151904169,1
3402407949,10220,jxnapoli,Y,KFS3402407949,1
3279007141,10221,maloy,Y,KFS3279007141,1
2675607147,10222,gphom,Y,KFS2675607147,1
4035300327,10223,fdramsey,Y,KFS4035300327,1
1226406048,10224,wbouldin,Y,KFS1226406048,1
1438202062,10225,bdbenedi,Y,KFS1438202062,1
1542907750,10226,jahnke,Y,KFS1542907750,1
3433602266,10227,cxcarnes,Y,KFS3433602266,1
5961256137,10228,wrhoden,Y,KFS5961256137,1
3611800101,10229,myers,Y,KFS3611800101,1
2751600451,10230,brock,Y,KFS2751600451,1
3687302674,10231,lzrobins,Y,KFS3687302674,1
5027425575,10232,vriendeau,Y,KFS5027425575,1
5486177388,10233,cbeckford,Y,KFS5486177388,1
3705304927,10234,mcgough,Y,KFS3705304927,1
1693204528,10235,jingraha,Y,KFS1693204528,1
5688132527,10236,lborowski,Y,KFS5688132527,1
1309104027,10237,feeney,Y,KFS1309104027,1
2935303709,10238,cholly,Y,KFS2935303709,1
3776005327,10239,shoemake,Y,KFS3776005327,1
1119909078,10240,theodore,Y,KFS1119909078,1
5453270782,10241,aschexnayder,Y,KFS5453270782,1
1959008511,10242,ahlers,Y,KFS1959008511,1
3278308927,10243,gouge,Y,KFS3278308927,1
5880000968,10244,kwestern,Y,KFS5880000968,1
3098006714,10245,jtbrockw,Y,KFS3098006714,1
3397100787,10246,lcantu,Y,KFS3397100787,1
5105527362,10247,ihedden,Y,KFS5105527362,1
5038246560,10248,ihillyer,Y,KFS5038246560,1
4189500212,10249,jrichard,Y,KFS4189500212,1
3644105427,10250,tzwestco,Y,KFS3644105427,1
5763210085,10251,mbaranowski,Y,KFS5763210085,1
3736906932,10252,berkley,Y,KFS3736906932,1
2954107527,10253,msmarian,Y,KFS2954107527,1
5707283591,10254,dmarrufo,Y,KFS5707283591,1
5655222888,10255,mmancini,Y,KFS5655222888,1
3105802010,10256,gsherril,Y,KFS3105802010,1
2988703413,10257,sibley,Y,KFS2988703413,1
5270352353,10258,lboykin,Y,KFS5270352353,1
5746277470,10259,vdurden,Y,KFS5746277470,1
1713307115,10260,toner,Y,KFS1713307115,1
1377209588,10261,clinksca,Y,KFS1377209588,1
5334268394,10262,lseverson,Y,KFS5334268394,1
5782438260,10263,bhadfield,Y,KFS5782438260,1
3344600883,10264,alston,Y,KFS3344600883,1
2999000040,10265,ascarter,Y,KFS2999000040,1
5962292647,10266,imixon,Y,KFS5962292647,1
5100095328,10267,kyoungs,Y,KFS5100095328,1
5662805363,10268,ereynoso,Y,KFS5662805363,1
2210808811,10269,mckamey,Y,KFS2210808811,1
3589506178,10270,haynie,Y,KFS3589506178,1
5425414489,10271,vstroud,Y,KFS5425414489,1
2585603740,10272,mcbee,Y,KFS2585603740,1
2133704704,10273,appleton,Y,KFS2133704704,1
2930203477,10274,ssales,Y,KFS2930203477,1
2539200452,10275,gopoole,Y,KFS2539200452,1
5681889026,10276,kjacinto,Y,KFS5681889026,1
5499865984,10277,tguarino,Y,KFS5499865984,1
2286203328,10278,graff,Y,KFS2286203328,1
1604403450,10279,hffinche,Y,KFS1604403450,1
1662000685,10280,jfvelasq,Y,KFS1662000685,1
2129506255,10281,rerumsey,Y,KFS2129506255,1
1110902378,10282,dbaer,Y,KFS1110902378,1
5686793074,10283,kcosby,Y,KFS5686793074,1
5357735106,10284,jstitt,Y,KFS5357735106,1
5519657326,10285,dwilmot,Y,KFS5519657326,1
2858107175,10286,dtowner,Y,KFS2858107175,1
3483409286,10287,savino,Y,KFS3483409286,1
5535109690,10288,csisco,Y,KFS5535109690,1
5357531311,10289,wparke,Y,KFS5357531311,1
4212400813,10290,case,Y,KFS4212400813,1
3458300078,10291,dwood,Y,KFS3458300078,1
5740134383,10292,eloftin,Y,KFS5740134383,1
2691706557,10293,burress,Y,KFS2691706557,1
2250505415,10294,tbyron,Y,KFS2250505415,1
2153800157,10295,rose,Y,KFS2153800157,1
1308508136,10296,hagood,Y,KFS1308508136,1
5231310966,10297,ccampo,Y,KFS5231310966,1
1769006523,10298,dringer,Y,KFS1769006523,1
1516803729,10299,sturgill,Y,KFS1516803729,1
2753204360,10300,jqlauer,Y,KFS2753204360,1
3420506415,10301,axwitter,Y,KFS3420506415,1
5476954582,10302,mtedesco,Y,KFS5476954582,1
4182800995,10303,knowles,Y,KFS4182800995,1
5968262906,10304,cmagill,Y,KFS5968262906,1
5868090592,10305,tbumgarner,Y,KFS5868090592,1
5798041539,10306,mday,Y,KFS5798041539,1
5595992071,10307,efarmer,Y,KFS5595992071,1
5148338094,10308,sstidham,Y,KFS5148338094,1
2341000360,10309,vega,Y,KFS2341000360,1
3546008326,10310,pyblades,Y,KFS3546008326,1
5301611061,10311,sbrotherton,Y,KFS5301611061,1
5429384014,10312,blang,Y,KFS5429384014,1
4156403438,10313,cferraro,Y,KFS4156403438,1
1326409751,10314,wadamski,Y,KFS1326409751,1
3792801722,10315,bynum,Y,KFS3792801722,1
1729700072,10316,twatson,Y,KFS1729700072,1
2371700399,10317,flowers,Y,KFS2371700399,1
5949305030,10318,jtipton,Y,KFS5949305030,1
5133949160,10319,smoffatt,Y,KFS5133949160,1
2363702481,10320,switzer,Y,KFS2363702481,1
2171104510,10321,lkmulkey,Y,KFS2171104510,1
5158576071,10322,jchurch,Y,KFS5158576071,1
1209204593,10323,sbmoorma,Y,KFS1209204593,1
1927601081,10324,moser,Y,KFS1927601081,1
1638600687,10325,mchang,Y,KFS1638600687,1
2982703845,10326,jstephen,Y,KFS2982703845,1
2826600464,10327,brsparks,Y,KFS2826600464,1
1481405715,10328,burwell,Y,KFS1481405715,1
4146202628,10329,demotley,Y,KFS4146202628,1
3065204391,10330,leak,Y,KFS3065204391,1
3093503932,10331,tthatche,Y,KFS3093503932,1
5860801989,10332,wcaro,Y,KFS5860801989,1
2330602960,10333,lachance,Y,KFS2330602960,1
5516117146,10334,ppotter,Y,KFS5516117146,1
2836802141,10335,galley,Y,KFS2836802141,1
1445401166,10336,erubio,Y,KFS1445401166,1
5246839492,10337,ktowner,Y,KFS5246839492,1
2513907599,10338,rokowalc,Y,KFS2513907599,1
5607786094,10339,kegbert,Y,KFS5607786094,1
3670600494,10340,mcguire,Y,KFS3670600494,1
5039925000,10341,kpridemore,Y,KFS5039925000,1
2067406910,10342,vlaroche,Y,KFS2067406910,1
1586001806,10343,bhoneycu,Y,KFS1586001806,1
5533517331,10344,kquarles,Y,KFS5533517331,1
5296168286,10345,jseavey,Y,KFS5296168286,1
3608607904,10346,egorton,Y,KFS3608607904,1
2256603317,10347,dlcarl,Y,KFS2256603317,1
1610003826,10348,akunkel,Y,KFS1610003826,1
5740277302,10349,sdobson,Y,KFS5740277302,1
5188653694,10350,mshackleford,Y,KFS5188653694,1
4052406505,10351,abolding,Y,KFS4052406505,1
5421805983,10352,gmcvey,Y,KFS5421805983,1
5950395895,10353,mserra,Y,KFS5950395895,1
5349547591,10354,lswope,Y,KFS5349547591,1
3629509166,10355,rzalvis,Y,KFS3629509166,1
1604806887,10356,afwasser,Y,KFS1604806887,1
3567502882,10357,qpence,Y,KFS3567502882,1
2997600421,10358,dssaunde,Y,KFS2997600421,1
2059604038,10359,wjwitte,Y,KFS2059604038,1
2456208743,10360,qfeather,Y,KFS2456208743,1
2396907870,10361,sweitzer,Y,KFS2396907870,1
2580507812,10362,cmounts,Y,KFS2580507812,1
3242403876,10363,dvloving,Y,KFS3242403876,1
1877007651,10364,renshaw,Y,KFS1877007651,1
5443792669,10365,sdoran,Y,KFS5443792669,1
5376184603,10366,heagle,Y,KFS5376184603,1
5984165424,10367,lsouth,Y,KFS5984165424,1
5916059291,10368,gendicott,Y,KFS5916059291,1
5172187777,10369,lbasso,Y,KFS5172187777,1
3600407439,10370,mayotte,Y,KFS3600407439,1
1742302068,10371,efaust,Y,KFS1742302068,1
5760889708,10372,edrye,Y,KFS5760889708,1
2042307164,10373,econwell,Y,KFS2042307164,1
2906405069,10374,butt,Y,KFS2906405069,1
1466201279,10375,jdweston,Y,KFS1466201279,1
5842997784,10376,pdelozier,Y,KFS5842997784,1
2235508855,10377,mbrochu,Y,KFS2235508855,1
5253835165,10378,dskeen,Y,KFS5253835165,1
2595801199,10379,davila,Y,KFS2595801199,1
5118754682,10380,sfrazier,Y,KFS5118754682,1
5106864029,10381,sfife,Y,KFS5106864029,1
4179703037,10382,aepickar,Y,KFS4179703037,1
5291008808,10383,lplemmons,Y,KFS5291008808,1
5130910049,10384,kphilips,Y,KFS5130910049,1
2065607872,10385,sshaughn,Y,KFS2065607872,1
1435601504,10386,rplatt,Y,KFS1435601504,1
1462106196,10387,dwarring,Y,KFS1462106196,1
2422607714,10388,jateasle,Y,KFS2422607714,1
3373403412,10389,kstaten,Y,KFS3373403412,1
2780707389,10390,ymichael,Y,KFS2780707389,1
3002005569,10391,bskiles,Y,KFS3002005569,1
2479206997,10392,hvalente,Y,KFS2479206997,1
5879383297,10393,mwhyte,Y,KFS5879383297,1
5712159869,10394,eberglund,Y,KFS5712159869,1
5588915442,10395,keasterling,Y,KFS5588915442,1
5433238227,10396,rporterfield,Y,KFS5433238227,1
1950502955,10397,tsaavedr,Y,KFS1950502955,1
3518107121,10398,stanfill,Y,KFS3518107121,1
5716827941,10399,pseibel,Y,KFS5716827941,1
5890906316,10400,anightingale,Y,KFS5890906316,1
5857811765,10401,ghatten,Y,KFS5857811765,1
1771605842,10402,tgalders,Y,KFS1771605842,1
5764051591,10403,jkite,Y,KFS5764051591,1
4161901639,10404,abeal,Y,KFS4161901639,1
2659604340,10405,wcorbitt,Y,KFS2659604340,1
1271001025,10406,acrowe,Y,KFS1271001025,1
1991802088,10407,divarela,Y,KFS1991802088,1
1659405606,10408,nolinger,Y,KFS1659405606,1
3158308097,10409,dthrift,Y,KFS3158308097,1
4097008161,10410,stricker,Y,KFS4097008161,1
5206084673,10411,adixon,Y,KFS5206084673,1
2591702869,10412,jojude,Y,KFS2591702869,1
1239102444,10413,lpederso,Y,KFS1239102444,1
3639507871,10414,dzsherwi,Y,KFS3639507871,1
5799054062,10415,mcahill,Y,KFS5799054062,1
1364506195,10416,rcwhitte,Y,KFS1364506195,1
2642509031,10417,gpfabriz,Y,KFS2642509031,1
5468295645,10418,lguy,Y,KFS5468295645,1
1326309202,10419,pagel,Y,KFS1326309202,1
3474206166,10420,lmellon,Y,KFS3474206166,1
5714770588,10421,lhaworth,Y,KFS5714770588,1
1890805655,10422,sowings,Y,KFS1890805655,1
5148188123,10423,lbowden,Y,KFS5148188123,1
5335343762,10424,jfaust,Y,KFS5335343762,1
1184605262,10425,tapeele,Y,KFS1184605262,1
5336175170,10426,csilverstein,Y,KFS5336175170,1
2329509434,10427,rkephart,Y,KFS2329509434,1
1674805643,10428,bsummer,Y,KFS1674805643,1
3247002806,10429,avnoyes,Y,KFS3247002806,1
5944668139,10430,kloera,Y,KFS5944668139,1
4205601851,10431,gbellamy,Y,KFS4205601851,1
3420502200,10432,axdent,Y,KFS3420502200,1
4068005169,10433,mdbotell,Y,KFS4068005169,1
3909900391,10434,ehodges,Y,KFS3909900391,1
1581207819,10435,rmangan,Y,KFS1581207819,1
1469805442,10436,ikite,Y,KFS1469805442,1
2591309555,10437,joholter,Y,KFS2591309555,1
2701405642,10438,mwainwri,Y,KFS2701405642,1
2860009297,10439,qpickel,Y,KFS2860009297,1
5644167488,10440,sclower,Y,KFS5644167488,1
5027225853,10441,jreich,Y,KFS5027225853,1
1545104915,10442,abarring,Y,KFS1545104915,1
5522487032,10443,beverhart,Y,KFS5522487032,1
1290503526,10444,fnunes,Y,KFS1290503526,1
1975509930,10445,bmodica,Y,KFS1975509930,1
1183109030,10446,aafarthi,Y,KFS1183109030,1
1719509014,10447,bkorte,Y,KFS1719509014,1
5898450840,10448,cwagoner,Y,KFS5898450840,1
2929202535,10449,purdy,Y,KFS2929202535,1
2254202107,10450,clgrossm,Y,KFS2254202107,1
2588908364,10451,anock,Y,KFS2588908364,1
2726706560,10452,jbrockin,Y,KFS2726706560,1
1998203566,10453,rstiltne,Y,KFS1998203566,1
5911893468,10454,pcopenhaver,Y,KFS5911893468,1
3851306848,10455,apare,Y,KFS3851306848,1
2367402565,10456,vwhiting,Y,KFS2367402565,1
3264700400,10457,dcobb,Y,KFS3264700400,1
3296604185,10458,nvillase,Y,KFS3296604185,1
5397254139,10459,jgraziano,Y,KFS5397254139,1
2532408486,10460,kfulbrig,Y,KFS2532408486,1
4041902980,10461,pthigpen,Y,KFS4041902980,1
3709601315,10462,datomlin,Y,KFS3709601315,1
3728902353,10463,vagaskin,Y,KFS3728902353,1
1335003222,10464,jkitchen,Y,KFS1335003222,1
5950122315,10465,aburdette,Y,KFS5950122315,1
5361739626,10466,edubose,Y,KFS5361739626,1
5307217607,10467,mwampler,Y,KFS5307217607,1
5365367107,10468,hnussbaum,Y,KFS5365367107,1
3998400688,10469,echouse,Y,KFS3998400688,1
2057006123,10470,bhollifi,Y,KFS2057006123,1
3730600771,10471,mbarry,Y,KFS3730600771,1
5710658834,10472,jdiehl,Y,KFS5710658834,1
2670801721,10473,sthorne,Y,KFS2670801721,1
2724700273,10474,jlowe,Y,KFS2724700273,1
5663401330,10475,bramer,Y,KFS5663401330,1
3106006335,10476,satoy,Y,KFS3106006335,1
2244704330,10477,dmcgehee,Y,KFS2244704330,1
5113671883,10478,jlivingston,Y,KFS5113671883,1
2079200881,10479,hberger,Y,KFS2079200881,1
2885908053,10480,jhayashi,Y,KFS2885908053,1
5254906567,10481,epeiffer,Y,KFS5254906567,1
4182202259,10482,megann,Y,KFS4182202259,1
1591904250,10483,cgoebel,Y,KFS1591904250,1
4154408215,10484,tburkes,Y,KFS4154408215,1
5161435685,10485,mnaumann,Y,KFS5161435685,1
5025718730,10486,ksalgado,Y,KFS5025718730,1
3241801877,10487,ghuynh,Y,KFS3241801877,1
3083208092,10488,dtwendel,Y,KFS3083208092,1
1701107778,10489,cgbashaw,Y,KFS1701107778,1
1680308253,10490,droemer,Y,KFS1680308253,1
5104277641,10491,tboykins,Y,KFS5104277641,1
5601905082,10492,shaigh,Y,KFS5601905082,1
5106519866,10493,aessary,Y,KFS5106519866,1
5319427380,10494,abarrows,Y,KFS5319427380,1
1936702499,10495,gokeefe,Y,KFS1936702499,1
5861204456,10496,gvidrine,Y,KFS5861204456,1
5207183016,10497,sleatherwood,Y,KFS5207183016,1
5451157984,10498,srigdon,Y,KFS5451157984,1
1565601803,10499,senava,Y,KFS1565601803,1
5677377775,10500,jstroup,Y,KFS5677377775,1
1781104312,10501,rgforet,Y,KFS1781104312,1
5881864804,10502,agilmer,Y,KFS5881864804,1
5484861015,10503,fboden,Y,KFS5484861015,1
5435724049,10504,mortega,Y,KFS5435724049,1
2871205128,10505,brgodsey,Y,KFS2871205128,1
1110101123,10506,dharden,Y,KFS1110101123,1
5613832838,10507,enicholls,Y,KFS5613832838,1
5725267914,10508,tfederico,Y,KFS5725267914,1
5689804519,10509,sgarris,Y,KFS5689804519,1
2123906967,10510,cgillam,Y,KFS2123906967,1
3953901363,10511,tmcclend,Y,KFS3953901363,1
1273305787,10512,tgrigg,Y,KFS1273305787,1
4059803771,10513,rgorham,Y,KFS4059803771,1
5926904557,10514,jguillory,Y,KFS5926904557,1
5673496478,10515,aemery,Y,KFS5673496478,1
2790001875,10516,adowdy,Y,KFS2790001875,1
1715400568,10517,tgmosley,Y,KFS1715400568,1
5923545605,10518,nkaiser,Y,KFS5923545605,1
5396136095,10519,lminter,Y,KFS5396136095,1
5165364506,10520,ldeal,Y,KFS5165364506,1
3072605934,10521,mtthorso,Y,KFS3072605934,1
3271906388,10522,somara,Y,KFS3271906388,1
1391709836,10523,jcgasawa,Y,KFS1391709836,1
5560698557,10524,ologgins,Y,KFS5560698557,1
5931497173,10525,mmanion,Y,KFS5931497173,1
3622007882,10526,gnightin,Y,KFS3622007882,1
3127805179,10527,mstansbu,Y,KFS3127805179,1
4186602347,10528,ayancey,Y,KFS4186602347,1
5847982265,10529,khollister,Y,KFS5847982265,1
1977504222,10530,tination,Y,KFS1977504222,1
1369907980,10531,mgaspard,Y,KFS1369907980,1
4219606069,10532,amccandl,Y,KFS4219606069,1
2200400621,10533,mcallaha,Y,KFS2200400621,1
1396502519,10534,acbaugh,Y,KFS1396502519,1
5796889660,10535,vhouser,Y,KFS5796889660,1
5601819621,10536,ewalston,Y,KFS5601819621,1
5851135577,10537,orangel,Y,KFS5851135577,1
3114503350,10538,fholloma,Y,KFS3114503350,1
5772708150,10539,kjulius,Y,KFS5772708150,1
1701207121,10540,dstanfil,Y,KFS1701207121,1
5503952855,10541,mcarlisle,Y,KFS5503952855,1
2422606713,10542,jnbybee,Y,KFS2422606713,1
5519012856,10543,cknotts,Y,KFS5519012856,1
5990850939,10544,tkilburn,Y,KFS5990850939,1
5567456062,10545,jmelvin,Y,KFS5567456062,1
3771403079,10546,vputman,Y,KFS3771403079,1
1873802777,10547,voglesby,Y,KFS1873802777,1
2266302958,10548,elmchenr,Y,KFS2266302958,1
1143902789,10549,istanfie,Y,KFS1143902789,1
3303508289,10550,awhuck,Y,KFS3303508289,1
1541203472,10551,wwentwor,Y,KFS1541203472,1
3471003858,10552,amayhew,Y,KFS3471003858,1
4212109427,10553,jflingen,Y,KFS4212109427,1
2645800726,10554,npsolis,Y,KFS2645800726,1
2219604689,10555,rkeyser,Y,KFS2219604689,1
3209904483,10556,jvthames,Y,KFS3209904483,1
3541802074,10557,gyelias,Y,KFS3541802074,1
3846208193,10558,dherod,Y,KFS3846208193,1
5879427716,10559,jblaine,Y,KFS5879427716,1
2381600911,10560,jbaird,Y,KFS2381600911,1
5333590406,10561,ebroomfield,Y,KFS5333590406,1
3084506625,10562,fstrombe,Y,KFS3084506625,1
4095608269,10563,lmichala,Y,KFS4095608269,1
3240207955,10564,wmcmurry,Y,KFS3240207955,1
1893804727,10565,pforest,Y,KFS1893804727,1
1860703812,10566,mhkozlow,Y,KFS1860703812,1
2999103847,10567,wssmiths,Y,KFS2999103847,1
2722708015,10568,awilk,Y,KFS2722708015,1
3491306639,10569,jlandero,Y,KFS3491306639,1
1583009370,10570,aeabad,Y,KFS1583009370,1
5716268027,10571,lhoggard,Y,KFS5716268027,1
5251476367,10572,slittles,Y,KFS5251476367,1
3236104556,10573,avjankow,Y,KFS3236104556,1
5837404723,10574,mmoreno,Y,KFS5837404723,1
5626373911,10575,lgutierrez,Y,KFS5626373911,1
2037407017,10576,dkean,Y,KFS2037407017,1
5060588417,10577,mlarge,Y,KFS5060588417,1
3506305224,10578,lmeraz,Y,KFS3506305224,1
1851407732,10579,lraab,Y,KFS1851407732,1
2168808105,10580,rruffner,Y,KFS2168808105,1
1997403090,10581,mbillups,Y,KFS1997403090,1
2210608902,10582,smorell,Y,KFS2210608902,1
4039709776,10583,bruben,Y,KFS4039709776,1
3075402167,10584,cburrows,Y,KFS3075402167,1
3608700794,10585,pzbentle,Y,KFS3608700794,1
3091109681,10586,aickes,Y,KFS3091109681,1
5831882052,10587,sderry,Y,KFS5831882052,1
3610405811,10588,lznewson,Y,KFS3610405811,1
3379807602,10589,rjaworsk,Y,KFS3379807602,1
2698204697,10590,rpcoggin,Y,KFS2698204697,1
3395606968,10591,dgerhard,Y,KFS3395606968,1
2142103403,10592,mkcuster,Y,KFS2142103403,1
2444607029,10593,dnginsbe,Y,KFS2444607029,1
5944771123,10594,gyim,Y,KFS5944771123,1
5691786470,10595,omckamey,Y,KFS5691786470,1
3613806482,10596,tlander,Y,KFS3613806482,1
2125805710,10597,akfix,Y,KFS2125805710,1
1717008596,10598,tbayles,Y,KFS1717008596,1
3432106365,10599,hfore,Y,KFS3432106365,1
1504703229,10600,cburnsid,Y,KFS1504703229,1
2100108872,10601,jtrueblo,Y,KFS2100108872,1
1298309000,10602,hnichol,Y,KFS1298309000,1
2477306322,10603,sneberle,Y,KFS2477306322,1
1210506984,10604,mbbolano,Y,KFS1210506984,1
3135705171,10605,daycock,Y,KFS3135705171,1
1668303757,10606,dfbrent,Y,KFS1668303757,1
2905401709,10607,aatwood,Y,KFS2905401709,1
3082302550,10608,ltquinta,Y,KFS3082302550,1
5340087537,10609,lquintanilla,Y,KFS5340087537,1
5408394565,10610,caustin,Y,KFS5408394565,1
5868051801,10611,tislas,Y,KFS5868051801,1
2318605547,10612,rmdurst,Y,KFS2318605547,1
5377203987,10613,mtomlinson,Y,KFS5377203987,1
5086925222,10614,mliu,Y,KFS5086925222,1
3570803537,10615,sregiste,Y,KFS3570803537,1
5478814260,10616,season,Y,KFS5478814260,1
4004609468,10617,cdbookma,Y,KFS4004609468,1
2983601426,10618,smetcalf,Y,KFS2983601426,1
3414509376,10619,fwillhit,Y,KFS3414509376,1
2663206846,10620,mparmer,Y,KFS2663206846,1
1271304676,10621,wbrazil,Y,KFS1271304676,1
3679505261,10622,gpickle,Y,KFS3679505261,1
5016782870,10623,erodarte,Y,KFS5016782870,1
2566903942,10624,rshrader,Y,KFS2566903942,1
2687501556,10625,wakins,Y,KFS2687501556,1
5534965571,10626,snunez,Y,KFS5534965571,1
2683109793,10627,anavarre,Y,KFS2683109793,1
1872708343,10628,cswinson,Y,KFS1872708343,1
2017509094,10629,jquacken,Y,KFS2017509094,1
5445384853,10630,ecastanon,Y,KFS5445384853,1
1499309452,10631,bfey,Y,KFS1499309452,1
5847651857,10632,mhuddleston,Y,KFS5847651857,1
5969553028,10633,stoole,Y,KFS5969553028,1
3805505298,10634,dbpilkin,Y,KFS3805505298,1
2130202257,10635,skgant,Y,KFS2130202257,1
5810205623,10636,vmagnuson,Y,KFS5810205623,1
2191506168,10637,wklykins,Y,KFS2191506168,1
3949401795,10638,ocmcnall,Y,KFS3949401795,1
1250802481,10639,mswitzer,Y,KFS1250802481,1
4156108398,10640,ieakins,Y,KFS4156108398,1
3554107164,10641,myconwel,Y,KFS3554107164,1
2039604860,10642,sjvillag,Y,KFS2039604860,1
1758506777,10643,gwestove,Y,KFS1758506777,1
5039085461,10644,kmcphail,Y,KFS5039085461,1
5821413952,10645,rrenfrow,Y,KFS5821413952,1
5765072789,10646,rdeen,Y,KFS5765072789,1
5259772682,10647,llara,Y,KFS5259772682,1
5949890315,10648,mchick,Y,KFS5949890315,1
2232000480,10649,lboone,Y,KFS2232000480,1
3421900658,10650,bfarrell,Y,KFS3421900658,1
3716609036,10651,leaddy,Y,KFS3716609036,1
5353917679,10652,earenas,Y,KFS5353917679,1
1381802688,10653,mitalber,Y,KFS1381802688,1
5209810433,10654,rloucks,Y,KFS5209810433,1
5214298084,10655,tcolella,Y,KFS5214298084,1
5375247485,10656,mschramm,Y,KFS5375247485,1
2701102442,10657,cqquarle,Y,KFS2701102442,1
3851402102,10658,frly,Y,KFS3851402102,1
3973303170,10659,taranda,Y,KFS3973303170,1
5267855394,10660,rmccully,Y,KFS5267855394,1
5130409537,10661,sbuford,Y,KFS5130409537,1
2728703111,10662,pgalvez,Y,KFS2728703111,1
5858630004,10663,dlesko,Y,KFS5858630004,1
2171806350,10664,jloeffle,Y,KFS2171806350,1
5864406836,10665,tsylvester,Y,KFS5864406836,1
5867972762,10666,yryder,Y,KFS5867972762,1
1229409497,10667,tbswanne,Y,KFS1229409497,1
4119106569,10668,jeeyoho,Y,KFS4119106569,1
1409904240,10669,jdpfeife,Y,KFS1409904240,1
5405567191,10670,ckee,Y,KFS5405567191,1
1700701530,10671,rglay,Y,KFS1700701530,1
5033107980,10672,stolman,Y,KFS5033107980,1
4229402365,10673,sfserna,Y,KFS4229402365,1
3184509630,10674,fsly,Y,KFS3184509630,1
5741436656,10675,shastings,Y,KFS5741436656,1
5659743655,10676,tabbey,Y,KFS5659743655,1
2063705233,10677,gducharm,Y,KFS2063705233,1
1401601855,10678,gyazzie,Y,KFS1401601855,1
5110377372,10679,icarbajal,Y,KFS5110377372,1
5941204719,10680,jnuss,Y,KFS5941204719,1
2247204558,10681,mforster,Y,KFS2247204558,1
5755352682,10682,eaquilar,Y,KFS5755352682,1
4071904043,10683,lmeacham,Y,KFS4071904043,1
3882609863,10684,rboyes,Y,KFS3882609863,1
3237001729,10685,fduvall,Y,KFS3237001729,1
5379822984,10686,eolguin,Y,KFS5379822984,1
5775036728,10687,talden,Y,KFS5775036728,1
1257009999,10688,bburruss,Y,KFS1257009999,1
4189006519,10689,mescanla,Y,KFS4189006519,1
4191101345,10690,lmuller,Y,KFS4191101345,1
5173384975,10691,jgordy,Y,KFS5173384975,1
2676505139,10692,dpwesson,Y,KFS2676505139,1
1825401133,10693,hhbolden,Y,KFS1825401133,1
2416008397,10694,leshelma,Y,KFS2416008397,1
5518930926,10695,dolander,Y,KFS5518930926,1
4120805311,10696,lufelker,Y,KFS4120805311,1
1304408857,10697,hbogard,Y,KFS1304408857,1
5827613860,10698,gkraus,Y,KFS5827613860,1
5371788647,10699,dbinion,Y,KFS5371788647,1
2564500627,10700,rocarey,Y,KFS2564500627,1
1189909114,10701,ikonrad,Y,KFS1189909114,1
5806280562,10702,aseitz,Y,KFS5806280562,1
1617103986,10703,wftom,Y,KFS1617103986,1
5060119181,10704,cwendel,Y,KFS5060119181,1
3504508872,10705,dytruebl,Y,KFS3504508872,1
1538407407,10706,sehafer,Y,KFS1538407407,1
3339401230,10707,wroe,Y,KFS3339401230,1
3616406417,10708,wtolenti,Y,KFS3616406417,1
5654842049,10709,fhogg,Y,KFS5654842049,1
5753462205,10710,mlloyd,Y,KFS5753462205,1
4054206419,10711,fstgerma,Y,KFS4054206419,1
5064019817,10712,jdenman,Y,KFS5064019817,1
3651402735,10713,lmilam,Y,KFS3651402735,1
4075208273,10714,dmarti,Y,KFS4075208273,1
2620008671,10715,gpbilly,Y,KFS2620008671,1
1625704209,10716,dbinkley,Y,KFS1625704209,1
2689004273,10717,mbrogan,Y,KFS2689004273,1
5738267476,10718,msawyer,Y,KFS5738267476,1
3771303577,10719,rginn,Y,KFS3771303577,1
5882090383,10720,mmiceli,Y,KFS5882090383,1
3577005213,10721,bywomble,Y,KFS3577005213,1
5288200741,10722,ehyder,Y,KFS5288200741,1
4069204088,10723,dkunz,Y,KFS4069204088,1
3787609893,10724,easwart,Y,KFS3787609893,1
5561490109,10725,kgourley,Y,KFS5561490109,1
2310609761,10726,smvansco,Y,KFS2310609761,1
1399906687,10727,jcmcphee,Y,KFS1399906687,1
3526803109,10728,charlan,Y,KFS3526803109,1
4012108265,10729,joneves,Y,KFS4012108265,1
5057175624,10730,kbarnes,Y,KFS5057175624,1
5306731218,10731,darneson,Y,KFS5306731218,1
1913409136,10732,efiscus,Y,KFS1913409136,1
5028737958,10733,smauldin,Y,KFS5028737958,1
2234900338,10734,rlbaldwi,Y,KFS2234900338,1
1257605304,10735,vbmaddux,Y,KFS1257605304,1
5647377993,10736,cnewton,Y,KFS5647377993,1
5434043581,10737,cmccue,Y,KFS5434043581,1
1494004993,10738,mlunn,Y,KFS1494004993,1
5698187323,10739,asollars,Y,KFS5698187323,1
5567560509,10740,nloeb,Y,KFS5567560509,1
5971805756,10741,cunruh,Y,KFS5971805756,1
5933538390,10742,mslusher,Y,KFS5933538390,1
5725988750,10743,mirizarry,Y,KFS5725988750,1
5168146703,10744,kmeneses,Y,KFS5168146703,1
4160100413,10745,msandova,Y,KFS4160100413,1
2798209582,10746,rdegroot,Y,KFS2798209582,1
1825000680,10747,sexton,Y,KFS1825000680,1
3185208201,10748,mfunkhou,Y,KFS3185208201,1
3153306089,10749,fcrossle,Y,KFS3153306089,1
5674819151,10750,boliveira,Y,KFS5674819151,1
5951408642,10751,tforsyth,Y,KFS5951408642,1
5102441673,10752,mlynn,Y,KFS5102441673,1
1153304576,10753,fharr,Y,KFS1153304576,1
5662400837,10754,hkrug,Y,KFS5662400837,1
1870105802,10755,bsuzuki,Y,KFS1870105802,1
2098609156,10756,rbrannen,Y,KFS2098609156,1
5051981299,10757,fbranton,Y,KFS5051981299,1
5081078284,10758,lbosworth,Y,KFS5081078284,1
3962607660,10759,lnevins,Y,KFS3962607660,1
5201644887,10760,akingsley,Y,KFS5201644887,1
3377209434,10761,skephart,Y,KFS3377209434,1
5092525939,10762,llineberry,Y,KFS5092525939,1
3686309824,10763,ezhoyos,Y,KFS3686309824,1
3870804190,10764,lshore,Y,KFS3870804190,1
2557302698,10765,wwren,Y,KFS2557302698,1
5212452342,10766,ehite,Y,KFS5212452342,1
1365502400,10767,toldham,Y,KFS1365502400,1
5043907454,10768,mhulsey,Y,KFS5043907454,1
5217511446,10769,cdowner,Y,KFS5217511446,1
1370604405,10770,nbarden,Y,KFS1370604405,1
2385706642,10771,lkerley,Y,KFS2385706642,1
2473509501,10772,hnsheehy,Y,KFS2473509501,1
3746100822,10773,cstout,Y,KFS3746100822,1
2514300297,10774,morhodes,Y,KFS2514300297,1
2216800403,10775,llblake,Y,KFS2216800403,1
5956697415,10776,smoll,Y,KFS5956697415,1
4042509785,10777,ddpetree,Y,KFS4042509785,1
5154835613,10778,adelgadillo,Y,KFS5154835613,1
5193496627,10779,tgreenlee,Y,KFS5193496627,1
5352563616,10780,mriojas,Y,KFS5352563616,1
1110208926,10781,bgranvil,Y,KFS1110208926,1
3103108378,10782,fhowse,Y,KFS3103108378,1
2044004167,10783,csipes,Y,KFS2044004167,1
5578577223,10784,mormsby,Y,KFS5578577223,1
1917101392,10785,wraines,Y,KFS1917101392,1
2187909904,10786,lkshifle,Y,KFS2187909904,1
1805206486,10787,jholifie,Y,KFS1805206486,1
2853504613,10788,bbilodea,Y,KFS2853504613,1
2815401389,10789,trrodrig,Y,KFS2815401389,1
3954101482,10790,egleason,Y,KFS3954101482,1
3324503879,10791,lwhumes,Y,KFS3324503879,1
2811207565,10792,crviolet,Y,KFS2811207565,1
3572801924,10793,myleary,Y,KFS3572801924,1
1407101459,10794,fpelleti,Y,KFS1407101459,1
2151305938,10795,sreams,Y,KFS2151305938,1
1312601202,10796,kcemery,Y,KFS1312601202,1
2595106260,10797,bomiddle,Y,KFS2595106260,1
4090002966,10798,adblocke,Y,KFS4090002966,1
5653559151,10799,mfrazier,Y,KFS5653559151,1
2937208570,10800,gshaugh,Y,KFS2937208570,1
3172909967,10801,lfutch,Y,KFS3172909967,1
1860205280,10802,bcoffee,Y,KFS1860205280,1
1429707627,10803,tdblackm,Y,KFS1429707627,1
3696203424,10804,fcooks,Y,KFS3696203424,1
5269443545,10805,cbarbosa,Y,KFS5269443545,1
2302909552,10806,lmjarboe,Y,KFS2302909552,1
2598709220,10807,klechner,Y,KFS2598709220,1
2827008884,10808,arsergen,Y,KFS2827008884,1
2462903583,10809,rnroyste,Y,KFS2462903583,1
5794827325,10810,llingo,Y,KFS5794827325,1
2529001055,10811,mogregg,Y,KFS2529001055,1
1595003228,10812,hcalkins,Y,KFS1595003228,1
1890604607,10813,rhfoltz,Y,KFS1890604607,1
1224705693,10814,jquesada,Y,KFS1224705693,1
6606474132,10815,gmarquis,Y,KFS6606474132,1
6561243711,10816,lnorthrop,Y,KFS6561243711,1
1395608638,10817,dkeesee,Y,KFS1395608638,1
3723004024,10818,jahoman,Y,KFS3723004024,1
6626998465,10819,ksievers,Y,KFS6626998465,1
2960207362,10820,bsvice,Y,KFS2960207362,1
6344529452,10821,juribe,Y,KFS6344529452,1
3892107556,10822,kbaubin,Y,KFS3892107556,1
4851904064,10823,slscoggi,Y,KFS4851904064,1
6753325004,10824,wdodds,Y,KFS6753325004,1
3973007125,10825,ncsipple,Y,KFS3973007125,1
3674600205,10826,mzcarr,Y,KFS3674600205,1
4054108339,10827,edtrexle,Y,KFS4054108339,1
1548905190,10828,jlarrabe,Y,KFS1548905190,1
3311909675,10829,tkinslow,Y,KFS3311909675,1
2235508898,10830,moloughl,Y,KFS2235508898,1
2855702943,10831,hbeckwit,Y,KFS2855702943,1
2817408084,10832,gavent,Y,KFS2817408084,1
6675920246,10833,hmarte,Y,KFS6675920246,1
1601505971,10834,dfalbert,Y,KFS1601505971,1
6608749094,10835,jneace,Y,KFS6608749094,1
6623742451,10836,nviolette,Y,KFS6623742451,1
3439809008,10837,rleduc,Y,KFS3439809008,1
1246104058,10838,cbbeaure,Y,KFS1246104058,1
6336019798,10839,jnickelson,Y,KFS6336019798,1
2558305577,10840,domarlin,Y,KFS2558305577,1
1963107144,10841,rlanda,Y,KFS1963107144,1
6776444491,10842,kfrazier,Y,KFS6776444491,1
3682507451,10843,rzstotts,Y,KFS3682507451,1
1913605143,10844,eispille,Y,KFS1913605143,1
6824373523,10845,balbin,Y,KFS6824373523,1
1815201705,10846,jdugan,Y,KFS1815201705,1
1858404165,10847,awalston,Y,KFS1858404165,1
2007308722,10848,bkrouse,Y,KFS2007308722,1
6256379447,10849,agarry,Y,KFS6256379447,1
6151620405,10850,cmillett,Y,KFS6151620405,1
2976808378,10851,dhowse,Y,KFS2976808378,1
3380509089,10852,crudnick,Y,KFS3380509089,1
1325700900,10853,dcote,Y,KFS1325700900,1
3428900121,10854,sxgomez,Y,KFS3428900121,1
4215903770,10855,jholguin,Y,KFS4215903770,1
6690940289,10856,dnicol,Y,KFS6690940289,1
1778407739,10857,gamcgann,Y,KFS1778407739,1
6654828341,10858,kdimaggio,Y,KFS6654828341,1
3138906213,10859,sumccraw,Y,KFS3138906213,1
3270009216,10860,dmatte,Y,KFS3270009216,1
6256907508,10861,aknowles,Y,KFS6256907508,1
6921736850,10862,blamm,Y,KFS6921736850,1
6638157439,10863,clabonte,Y,KFS6638157439,1
6052105481,10864,wthelen,Y,KFS6052105481,1
2493208285,10865,jkaminsk,Y,KFS2493208285,1
1623901088,10866,claw,Y,KFS1623901088,1
3808900136,10867,jmorales,Y,KFS3808900136,1
3428005487,10868,wjohnsto,Y,KFS3428005487,1
6095054123,10869,lmorin,Y,KFS6095054123,1
6192108545,10870,boakley,Y,KFS6192108545,1
1640704968,10871,ihargett,Y,KFS1640704968,1
1224201162,10872,tbblue,Y,KFS1224201162,1
1255308159,10873,jswaney,Y,KFS1255308159,1
2843302291,10874,erbundy,Y,KFS2843302291,1
3909803874,10875,lcmccaff,Y,KFS3909803874,1
6645361792,10876,lchiu,Y,KFS6645361792,1
2470508447,10877,bnober,Y,KFS2470508447,1
3317806328,10878,dwcasare,Y,KFS3317806328,1
6232329206,10879,aolivas,Y,KFS6232329206,1
6042398319,10880,bdoney,Y,KFS6042398319,1
6845668751,10881,fmohan,Y,KFS6845668751,1
1164809566,10882,rahadfie,Y,KFS1164809566,1
3132300262,10883,ddavidso,Y,KFS3132300262,1
3584609748,10884,tyashbau,Y,KFS3584609748,1
2459709799,10885,nnmcwhir,Y,KFS2459709799,1
1506406723,10886,nwigfall,Y,KFS1506406723,1
3830700232,10887,sreid,Y,KFS3830700232,1
1739701101,10888,kggodfre,Y,KFS1739701101,1
2599004561,10889,abays,Y,KFS2599004561,1
4021000393,10890,econner,Y,KFS4021000393,1
2552809682,10891,eohurlbu,Y,KFS2552809682,1
6767258758,10892,dflickinger,Y,KFS6767258758,1
3554803363,10893,dmarquis,Y,KFS3554803363,1
6377054713,10894,aharp,Y,KFS6377054713,1
1897800967,10895,dhfranks,Y,KFS1897800967,1
6191359232,10896,rmunroe,Y,KFS6191359232,1
2744604637,10897,dqsills,Y,KFS2744604637,1
6605038791,10898,equillen,Y,KFS6605038791,1
1641209639,10899,wfrosenb,Y,KFS1641209639,1
3849809601,10900,jbbitner,Y,KFS3849809601,1
6045962804,10901,sfitz,Y,KFS6045962804,1
6176218387,10902,dmeehan,Y,KFS6176218387,1
6323882758,10903,bsnead,Y,KFS6323882758,1
6890442014,10904,mbessette,Y,KFS6890442014,1
1940602451,10905,cischaef,Y,KFS1940602451,1
6677540322,10906,jhoskins,Y,KFS6677540322,1
2321500336,10907,dmcummin,Y,KFS2321500336,1
2566404853,10908,bgroff,Y,KFS2566404853,1
6732333217,10909,vpeabody,Y,KFS6732333217,1
6819590609,10910,vholman,Y,KFS6819590609,1
1777902237,10911,hgcanale,Y,KFS1777902237,1
6100534220,10912,mwaits,Y,KFS6100534220,1
6042257041,10913,mflanders,Y,KFS6042257041,1
2857802003,10914,dresquiv,Y,KFS2857802003,1
2498300893,10915,hnmayer,Y,KFS2498300893,1
2862905828,10916,rrdicken,Y,KFS2862905828,1
2079403368,10917,gposton,Y,KFS2079403368,1
6637694148,10918,esteele,Y,KFS6637694148,1
6272615767,10919,bsuter,Y,KFS6272615767,1
6941774283,10920,lsoileau,Y,KFS6941774283,1
2802202597,10921,arturpin,Y,KFS2802202597,1
2845700356,10922,pmcgee,Y,KFS2845700356,1
6166737733,10923,mpulido,Y,KFS6166737733,1
1730300231,10924,fjacobs,Y,KFS1730300231,1
3880605325,10925,nbtetrea,Y,KFS3880605325,1
3908907565,10926,jviolett,Y,KFS3908907565,1
6819222276,10927,mdawson,Y,KFS6819222276,1
1567300664,10928,sellison,Y,KFS1567300664,1
2228809634,10929,klshenk,Y,KFS2228809634,1
3879106523,10930,rringer,Y,KFS3879106523,1
1516709007,10931,felingo,Y,KFS1516709007,1
3316807128,10932,lwshults,Y,KFS3316807128,1
3328902578,10933,segaithe,Y,KFS3328902578,1
6981678100,10934,mglover,Y,KFS6981678100,1
6289292187,10935,rrobichaux,Y,KFS6289292187,1
1896903531,10936,thhiggs,Y,KFS1896903531,1
1533606607,10937,ccozart,Y,KFS1533606607,1
6383618960,10938,jvarnado,Y,KFS6383618960,1
3334505644,10939,rwstowel,Y,KFS3334505644,1
6085196980,10940,ctrader,Y,KFS6085196980,1
6885701025,10941,abaillargeon,Y,KFS6885701025,1
2361504918,10942,jmschram,Y,KFS2361504918,1
6835682073,10943,imccollough,Y,KFS6835682073,1
1463708773,10944,gdwolfen,Y,KFS1463708773,1
1862105446,10945,dhhicker,Y,KFS1862105446,1
6549793882,10946,ccheung,Y,KFS6549793882,1
1386607996,10947,eccann,Y,KFS1386607996,1
3653901689,10948,rhackett,Y,KFS3653901689,1
6726787664,10949,icounts,Y,KFS6726787664,1
4040902117,10950,eddoe,Y,KFS4040902117,1
1513707924,10951,rearbuck,Y,KFS1513707924,1
6572529896,10952,cforet,Y,KFS6572529896,1
2693000507,10953,acochran,Y,KFS2693000507,1
6471460881,10954,kmcgregor,Y,KFS6471460881,1
6083829595,10955,vwork,Y,KFS6083829595,1
6389712229,10956,nbuford,Y,KFS6389712229,1
2007901595,10957,hlackey,Y,KFS2007901595,1
6390977647,10958,esisk,Y,KFS6390977647,1
6784322191,10959,mwillingham,Y,KFS6784322191,1
4077903148,10960,edchrist,Y,KFS4077903148,1
1879003958,10961,ahdurden,Y,KFS1879003958,1
6572536309,10962,misaacson,Y,KFS6572536309,1
1340401175,10963,scgorman,Y,KFS1340401175,1
2210506219,10964,mllargen,Y,KFS2210506219,1
2517107355,10965,wbreault,Y,KFS2517107355,1
3889504703,10966,jaraujo,Y,KFS3889504703,1
6108205544,10967,mswink,Y,KFS6108205544,1
1985208153,10968,mwines,Y,KFS1985208153,1
3505700757,10969,tmcmilla,Y,KFS3505700757,1
1743101782,10970,dstaples,Y,KFS1743101782,1
6122466817,10971,nsmart,Y,KFS6122466817,1
6715221551,10972,oleong,Y,KFS6715221551,1
6785794833,10973,jbaldwin,Y,KFS6785794833,1
2559901166,10974,rorubio,Y,KFS2559901166,1
1982906442,10975,bfederic,Y,KFS1982906442,1
6753957497,10976,saldridge,Y,KFS6753957497,1
2905707168,10977,tboutte,Y,KFS2905707168,1
6632667037,10978,dbenham,Y,KFS6632667037,1
1624505499,10979,lfalcone,Y,KFS1624505499,1
3620801617,10980,lzham,Y,KFS3620801617,1
2468607983,10981,enfitzhu,Y,KFS2468607983,1
2040308140,10982,ljgarry,Y,KFS2040308140,1
3447804275,10983,txwilmot,Y,KFS3447804275,1
2275203572,10984,aharter,Y,KFS2275203572,1
6107711969,10985,fbennet,Y,KFS6107711969,1
2553405475,10986,eoschenc,Y,KFS2553405475,1
6692114398,10987,nmullens,Y,KFS6692114398,1
1587202030,10988,remalloy,Y,KFS1587202030,1
6152989950,10989,jdamato,Y,KFS6152989950,1
3087305148,10990,ltporras,Y,KFS3087305148,1
6363969127,10991,ethach,Y,KFS6363969127,1
6090306142,10992,kashmore,Y,KFS6090306142,1
6663560538,10993,sdunning,Y,KFS6663560538,1
3018504407,10994,vtantoin,Y,KFS3018504407,1
6364733772,10995,lamey,Y,KFS6364733772,1
2839007760,10996,cdupless,Y,KFS2839007760,1
1683304591,10997,luschrei,Y,KFS1683304591,1
6636143342,10998,icrossland,Y,KFS6636143342,1
1731109684,10999,jhoekstr,Y,KFS1731109684,1
2079807479,11000,rjkobaya,Y,KFS2079807479,1
1516301766,11001,deeasley,Y,KFS1516301766,1
1122304097,11002,racreame,Y,KFS1122304097,1
4135900674,11003,vgentry,Y,KFS4135900674,1
6705692935,11004,rcordoba,Y,KFS6705692935,1
1645403294,11005,efostran,Y,KFS1645403294,1
3933407724,11006,mschram,Y,KFS3933407724,1
1529707192,11007,tmedelli,Y,KFS1529707192,1
2740808468,11008,cqlakin,Y,KFS2740808468,1
2488308819,11009,gleffler,Y,KFS2488308819,1
3406900727,11010,axherman,Y,KFS3406900727,1
2681701139,11011,fmayes,Y,KFS2681701139,1
6337961536,11012,adwyer,Y,KFS6337961536,1
6058765871,11013,ahayashi,Y,KFS6058765871,1
6083908855,11014,tkirchner,Y,KFS6083908855,1
6336054190,11015,mhaase,Y,KFS6336054190,1
6110731221,11016,sbojorquez,Y,KFS6110731221,1
3414606406,11017,mchou,Y,KFS3414606406,1
2362105752,11018,dmdever,Y,KFS2362105752,1
6874391830,11019,lsnider,Y,KFS6874391830,1
6428019992,11020,omarin,Y,KFS6428019992,1
6138480645,11021,oacker,Y,KFS6138480645,1
2169500830,11022,mbernard,Y,KFS2169500830,1
2604400361,11023,hglover,Y,KFS2604400361,1
6303002270,11024,cdance,Y,KFS6303002270,1
6517672424,11025,gcurrin,Y,KFS6517672424,1
6051540569,11026,mcintron,Y,KFS6051540569,1
3101406141,11027,mvalverd,Y,KFS3101406141,1
2528805211,11028,kalmonte,Y,KFS2528805211,1
6719113463,11029,btull,Y,KFS6719113463,1
3918606779,11030,hutter,Y,KFS3918606779,1
6243939007,11031,cjeanbaptiste,Y,KFS6243939007,1
6207859663,11032,aleger,Y,KFS6207859663,1
2379808946,11033,rdonohoe,Y,KFS2379808946,1
6001640597,11034,nlovelady,Y,KFS6001640597,1
6857399299,11035,crodrigue,Y,KFS6857399299,1
6115932730,11036,mblakeslee,Y,KFS6115932730,1
6733392969,11037,ffrederickson,Y,KFS6733392969,1
3316900091,11038,awbutler,Y,KFS3316900091,1
6930286848,11039,mbasham,Y,KFS6930286848,1
1461200273,11040,clowe,Y,KFS1461200273,1
6844020221,11041,cmarkel,Y,KFS6844020221,1
6622672248,11042,dmccarthy,Y,KFS6622672248,1
6122385525,11043,lyarber,Y,KFS6122385525,1
1170706400,11044,hahagans,Y,KFS1170706400,1
1867601981,11045,ehsheare,Y,KFS1867601981,1
6095569075,11046,ntharpe,Y,KFS6095569075,1
6416788091,11047,mroundtree,Y,KFS6416788091,1
1793008100,11048,agsistru,Y,KFS1793008100,1
4034202067,11049,kregan,Y,KFS4034202067,1
6829037017,11050,bmcmillen,Y,KFS6829037017,1
6131719997,11051,jahern,Y,KFS6131719997,1
2873601030,11052,arholley,Y,KFS2873601030,1
2552202601,11053,bisom,Y,KFS2552202601,1
2450002411,11054,emonahan,Y,KFS2450002411,1
4076302016,11055,adcronin,Y,KFS4076302016,1
1969307398,11056,clamp,Y,KFS1969307398,1
3910806448,11057,tcolucci,Y,KFS3910806448,1
6254008899,11058,jsledge,Y,KFS6254008899,1
1200708313,11059,rbcolang,Y,KFS1200708313,1
2492206714,11060,obrockwa,Y,KFS2492206714,1
1409801740,11061,edsteine,Y,KFS1409801740,1
6248612086,11062,gstott,Y,KFS6248612086,1
3024607135,11063,ctpenton,Y,KFS3024607135,1
3381303865,11064,mwarriag,Y,KFS3381303865,1
3322109259,11065,rwbussar,Y,KFS3322109259,1
3673205053,11066,czleech,Y,KFS3673205053,1
6299238451,11067,dlucero,Y,KFS6299238451,1
4189509424,11068,jemarron,Y,KFS4189509424,1
1603607198,11069,rlamoure,Y,KFS1603607198,1
3666809498,11070,bswallow,Y,KFS3666809498,1
6621643781,11071,cwasserman,Y,KFS6621643781,1
6142500708,11072,tlandes,Y,KFS6142500708,1
3356000660,11073,ewhurst,Y,KFS3356000660,1
1133303624,11074,rasutter,Y,KFS1133303624,1
3335500105,11075,masulliv,Y,KFS3335500105,1
6537544713,11076,mchrisman,Y,KFS6537544713,1
6393968143,11077,tashburn,Y,KFS6393968143,1
3563109098,11078,rparada,Y,KFS3563109098,1
3162908101,11079,rushows,Y,KFS3162908101,1
3099209224,11080,ftkratze,Y,KFS3099209224,1
6836445258,11081,kvaldovinos,Y,KFS6836445258,1
1634605169,11082,kbotello,Y,KFS1634605169,1
1394308640,11083,ccjeanlo,Y,KFS1394308640,1
2639502574,11084,dmackenz,Y,KFS2639502574,1
2718700680,11085,csexton,Y,KFS2718700680,1
6514924980,11086,ncalvo,Y,KFS6514924980,1
1689406108,11087,oroof,Y,KFS1689406108,1
3290302393,11088,norourke,Y,KFS3290302393,1
1137304513,11089,ehillard,Y,KFS1137304513,1
6192073693,11090,chine,Y,KFS6192073693,1
2283704736,11091,swickham,Y,KFS2283704736,1
6303343822,11092,ebasinger,Y,KFS6303343822,1
6699131842,11093,sdunham,Y,KFS6699131842,1
4102006775,11094,shzamudi,Y,KFS4102006775,1
1289603908,11095,dbweed,Y,KFS1289603908,1
6836227791,11096,ctowle,Y,KFS6836227791,1
6057552122,11097,jdeans,Y,KFS6057552122,1
6140456599,11098,ngilroy,Y,KFS6140456599,1
2452000667,11099,mwinters,Y,KFS2452000667,1
3492904444,11100,bxlindst,Y,KFS3492904444,1
1306901621,11101,acegan,Y,KFS1306901621,1
6991415426,11102,lridge,Y,KFS6991415426,1
3907601072,11103,idailey,Y,KFS3907601072,1
6820183675,11104,ekasten,Y,KFS6820183675,1
3606307807,11105,lzperdom,Y,KFS3606307807,1
1618507225,11106,vbrooke,Y,KFS1618507225,1
2420002064,11107,ghamby,Y,KFS2420002064,1
1811109385,11108,rtasker,Y,KFS1811109385,1
1298803604,11109,dbdesant,Y,KFS1298803604,1
1297209262,11110,hbbigley,Y,KFS1297209262,1
2544403609,11111,fscherer,Y,KFS2544403609,1
1259209800,11112,smcsween,Y,KFS1259209800,1
2314607060,11113,mmstouff,Y,KFS2314607060,1
1391306877,11114,jccrim,Y,KFS1391306877,1
2857103497,11115,brmcgrew,Y,KFS2857103497,1
3076500820,11116,drosario,Y,KFS3076500820,1
2112807392,11117,bmcalpin,Y,KFS2112807392,1
2553103572,11118,pharter,Y,KFS2553103572,1
6439923211,11119,mmenefee,Y,KFS6439923211,1
2253805465,11120,klbaran,Y,KFS2253805465,1
6773367448,11121,rrunkle,Y,KFS6773367448,1
6298483099,11122,twendling,Y,KFS6298483099,1
6760805777,11123,mlaguna,Y,KFS6760805777,1
3012703100,11124,fsiler,Y,KFS3012703100,1
1632009201,11125,lfpasley,Y,KFS1632009201,1
3072201870,11126,ktbergma,Y,KFS3072201870,1
4135906990,11127,veaveril,Y,KFS4135906990,1
1881202850,11128,rhharbin,Y,KFS1881202850,1
2588101919,11129,bbruner,Y,KFS2588101919,1
1208309261,11130,bborja,Y,KFS1208309261,1
2563307411,11131,gfrances,Y,KFS2563307411,1
6292094375,11132,hreber,Y,KFS6292094375,1
6700862320,11133,broseberry,Y,KFS6700862320,1
3933904788,11134,scboyett,Y,KFS3933904788,1
3760709409,11135,bapesce,Y,KFS3760709409,1
6600897779,11136,hperdomo,Y,KFS6600897779,1
1594308264,11137,cenicely,Y,KFS1594308264,1
3744107105,11138,saburdin,Y,KFS3744107105,1
6708376145,11139,mtotten,Y,KFS6708376145,1
6732479746,11140,ahuth,Y,KFS6732479746,1
6606327966,11141,lbanner,Y,KFS6606327966,1
6044177528,11142,rfant,Y,KFS6044177528,1
6098383554,11143,rhambrick,Y,KFS6098383554,1
1715703441,11144,jogrigsb,Y,KFS1715703441,1
6194085706,11145,gblanchette,Y,KFS6194085706,1
6954622957,11146,cvan,Y,KFS6954622957,1
3701402014,11147,baedmond,Y,KFS3701402014,1
6693428513,11148,omilo,Y,KFS6693428513,1
1189109800,11149,camcswee,Y,KFS1189109800,1
2783907167,11150,mbremer,Y,KFS2783907167,1
3262902893,11151,rhoyle,Y,KFS3262902893,1
2456303043,11152,anclancy,Y,KFS2456303043,1
3312302137,11153,lwring,Y,KFS3312302137,1
2191200653,11154,lmcclure,Y,KFS2191200653,1
3239505891,11155,dvalmara,Y,KFS3239505891,1
3229901916,11156,fmayberr,Y,KFS3229901916,1
3527803486,11157,mfong,Y,KFS3527803486,1
1736503440,11158,pwhitesi,Y,KFS1736503440,1
6755756993,11159,psturgeon,Y,KFS6755756993,1
2671604827,11160,tdenman,Y,KFS2671604827,1
3691201748,11161,lstaton,Y,KFS3691201748,1
3681205703,11162,rlheureu,Y,KFS3681205703,1
3567107587,11163,nymontel,Y,KFS3567107587,1
2792204561,11164,obays,Y,KFS2792204561,1
6171802232,11165,tkoller,Y,KFS6171802232,1
6567550341,11166,aasberry,Y,KFS6567550341,1
6928475793,11167,rstephens,Y,KFS6928475793,1
2814801804,11168,tmyles,Y,KFS2814801804,1
2325208621,11169,gpartee,Y,KFS2325208621,1
6812565262,11170,dwoosley,Y,KFS6812565262,1
6220017666,11171,rahmed,Y,KFS6220017666,1
2649901983,11172,jphanks,Y,KFS2649901983,1
1421900725,11173,bdashley,Y,KFS1421900725,1
3166901050,11174,rulake,Y,KFS3166901050,1
3712704766,11175,eseale,Y,KFS3712704766,1
2709506479,11176,plindema,Y,KFS2709506479,1
1373503598,11177,hoates,Y,KFS1373503598,1
1893206735,11178,jpelleri,Y,KFS1893206735,1
1821805071,11179,eharmend,Y,KFS1821805071,1
6596115528,11180,cgaona,Y,KFS6596115528,1
6665465507,11181,edockery,Y,KFS6665465507,1
6214295570,11182,hprince,Y,KFS6214295570,1
6645508225,11183,hsalley,Y,KFS6645508225,1
6368143891,11184,alamkin,Y,KFS6368143891,1
2664109901,11185,asine,Y,KFS2664109901,1
1946205984,11186,lileath,Y,KFS1946205984,1
4040409372,11187,jdyim,Y,KFS4040409372,1
2122306680,11188,rkrhone,Y,KFS2122306680,1
2773000082,11189,hqcolema,Y,KFS2773000082,1
3756607704,11190,caalbin,Y,KFS3756607704,1
6604218768,11191,iboudreaux,Y,KFS6604218768,1
2159401306,11192,nsingh,Y,KFS2159401306,1
6954237952,11193,etolentino,Y,KFS6954237952,1
3445505002,11194,rharrels,Y,KFS3445505002,1
3463501705,11195,ixdugan,Y,KFS3463501705,1
1817304397,11196,dheagle,Y,KFS1817304397,1
3645101596,11197,azcody,Y,KFS3645101596,1
6678944617,11198,csmall,Y,KFS6678944617,1
6621434416,11199,cmccluskey,Y,KFS6621434416,1
3454106039,11200,mgamache,Y,KFS3454106039,1
6341252159,11201,cjohns,Y,KFS6341252159,1
3852804492,11202,cbmarcha,Y,KFS3852804492,1
2966509283,11203,mssiegfr,Y,KFS2966509283,1
3597903619,11204,mbelton,Y,KFS3597903619,1
2156007406,11205,ekhallid,Y,KFS2156007406,1
4222102340,11206,bfmonk,Y,KFS4222102340,1
3085007654,11207,rtpresne,Y,KFS3085007654,1
6621393758,11208,zkuehl,Y,KFS6621393758,1
6782607143,11209,wyager,Y,KFS6782607143,1
6766876187,11210,dparent,Y,KFS6766876187,1
3695405816,11211,ozmalave,Y,KFS3695405816,1
1486601605,11212,edlink,Y,KFS1486601605,1
4089203889,11213,adtyner,Y,KFS4089203889,1
1794704319,11214,karchie,Y,KFS1794704319,1
6418749417,11215,abeers,Y,KFS6418749417,1
1241605004,11216,lbflick,Y,KFS1241605004,1
6469469874,11217,schung,Y,KFS6469469874,1
6352342314,11218,aautry,Y,KFS6352342314,1
2090102017,11219,tjnunn,Y,KFS2090102017,1
2580002272,11220,locarrin,Y,KFS2580002272,1
6629597648,11221,jali,Y,KFS6629597648,1
6044813732,11222,jskelly,Y,KFS6044813732,1
3545207632,11223,eyalva,Y,KFS3545207632,1
3102209996,11224,acalfee,Y,KFS3102209996,1
6474736804,11225,lbrantley,Y,KFS6474736804,1
1612703479,11226,fricci,Y,KFS1612703479,1
6821359736,11227,irosenfeld,Y,KFS6821359736,1
6039682612,11228,bkimura,Y,KFS6039682612,1
2563206771,11229,mclyde,Y,KFS2563206771,1
6546685513,11230,bburgess,Y,KFS6546685513,1
1800105002,11231,jharrels,Y,KFS1800105002,1
3344009440,11232,cwhouseh,Y,KFS3344009440,1
6050186338,11233,ndorton,Y,KFS6050186338,1
2891402154,11234,braviles,Y,KFS2891402154,1
1106901514,11235,asneed,Y,KFS1106901514,1
2950605083,11236,resorrel,Y,KFS2950605083,1
2735008733,11237,jqhepbur,Y,KFS2735008733,1
6620536247,11238,koutlaw,Y,KFS6620536247,1
6396316486,11239,klemoine,Y,KFS6396316486,1
6010936502,11240,aencarnacion,Y,KFS6010936502,1
1373005978,11241,hsoucy,Y,KFS1373005978,1
2405502709,11242,jnrhoads,Y,KFS2405502709,1
1612700914,11243,ffrosale,Y,KFS1612700914,1
2661408831,11244,aphafner,Y,KFS2661408831,1
2166904212,11245,rverdin,Y,KFS2166904212,1
3417804797,11246,dephilip,Y,KFS3417804797,1
6862015014,11247,cmcmullen,Y,KFS6862015014,1
6354569892,11248,abozeman,Y,KFS6354569892,1
2892007462,11249,bpfister,Y,KFS2892007462,1
2361100900,11250,tcote,Y,KFS2361100900,1
6815205060,11251,jbuss,Y,KFS6815205060,1
1306305885,11252,lcbreton,Y,KFS1306305885,1
3687005124,11253,dzhotchk,Y,KFS3687005124,1
3235207704,11254,avalbin,Y,KFS3235207704,1
3246604444,11255,dlindstr,Y,KFS3246604444,1
2660204297,11256,bptrudea,Y,KFS2660204297,1
6548713105,11257,aseals,Y,KFS6548713105,1
1781003865,11258,warriaga,Y,KFS1781003865,1
3296303933,11259,tvhass,Y,KFS3296303933,1
6143942434,11260,gtolle,Y,KFS6143942434,1
1233208366,11261,obmckown,Y,KFS1233208366,1
6636238154,11262,lshubert,Y,KFS6636238154,1
3170902843,11263,ducanfie,Y,KFS3170902843,1
6061626255,11264,jmuhammad,Y,KFS6061626255,1
3236804114,11265,gfrick,Y,KFS3236804114,1
6808618408,11266,kmcatee,Y,KFS6808618408,1
1129107497,11267,tabojorq,Y,KFS1129107497,1
6690855810,11268,dmartineau,Y,KFS6690855810,1
3872108083,11269,rbaillar,Y,KFS3872108083,1
6336512958,11270,mcloutier,Y,KFS6336512958,1
1391703903,11271,jccranfo,Y,KFS1391703903,1
6254808849,11272,aomalley,Y,KFS6254808849,1
3232007851,11273,lvcater,Y,KFS3232007851,1
6809461435,11274,khuntley,Y,KFS6809461435,1
1417202799,11275,gdduggan,Y,KFS1417202799,1
2708207895,11276,rliston,Y,KFS2708207895,1
3909303174,11277,pcpeek,Y,KFS3909303174,1
6826664429,11278,bred,Y,KFS6826664429,1
1982103476,11279,risaucie,Y,KFS1982103476,1
1607306341,11280,bfreber,Y,KFS1607306341,1
1435600603,11281,rhess,Y,KFS1435600603,1
6675828397,11282,egilley,Y,KFS6675828397,1
6672111586,11283,jlinderman,Y,KFS6672111586,1
3940305045,11284,kereel,Y,KFS3940305045,1
3249006281,11285,evbill,Y,KFS3249006281,1
6340767041,11286,fabbott,Y,KFS6340767041,1
1443505632,11287,adbrunel,Y,KFS1443505632,1
1736801902,11288,gesposit,Y,KFS1736801902,1
3593407588,11289,tymelnic,Y,KFS3593407588,1
1770301008,11290,cgcowan,Y,KFS1770301008,1
6634347130,11291,britz,Y,KFS6634347130,1
2319606904,11292,ramckim,Y,KFS2319606904,1
1246806746,11293,mmatherl,Y,KFS1246806746,1
4226103092,11294,dfmcfarl,Y,KFS4226103092,1
2216501154,11295,dmanley,Y,KFS2216501154,1
2717708169,11296,psanmigu,Y,KFS2717708169,1
1658401295,11297,aflowry,Y,KFS1658401295,1
6454941790,11298,bhallowell,Y,KFS6454941790,1
6366936942,11299,erainer,Y,KFS6366936942,1
6346031259,11300,jlieb,Y,KFS6346031259,1
6911546396,11301,cfye,Y,KFS6911546396,1
4133402071,11302,mebarger,Y,KFS4133402071,1
6402354487,11303,mjenkins,Y,KFS6402354487,1
6132403622,11304,jywhitco,Y,KFS6132403622,1
3087001085,11305,dakers,Y,KFS3087001085,1
2318004374,11306,lmtotten,Y,KFS2318004374,1
2615708929,11307,jgerhart,Y,KFS2615708929,1
3063708933,11308,gforehan,Y,KFS3063708933,1
6834605448,11309,jfecteau,Y,KFS6834605448,1
2107408108,11310,striccia,Y,KFS2107408108,1
1682403759,11311,albatten,Y,KFS1682403759,1
6578874426,11312,jhartfield,Y,KFS6578874426,1
3306705802,11313,bwsuzuki,Y,KFS3306705802,1
1416100736,11314,tkoch,Y,KFS1416100736,1
6558578883,11315,dhargett,Y,KFS6558578883,1
2051003056,11316,tbrito,Y,KFS2051003056,1
2160401493,11317,ekarella,Y,KFS2160401493,1
2537809390,11318,coshambl,Y,KFS2537809390,1
1555503680,11319,eeschwei,Y,KFS1555503680,1
3465301554,11320,rxhaskin,Y,KFS3465301554,1
2596106833,11321,jotingle,Y,KFS2596106833,1
1190207952,11322,nmendiol,Y,KFS1190207952,1
6449415650,11323,ngravitt,Y,KFS6449415650,1
6092753713,11324,eclaypool,Y,KFS6092753713,1
6528213555,11325,abrockway,Y,KFS6528213555,1
1695804716,11326,opender,Y,KFS1695804716,1
1556602834,11327,dealicea,Y,KFS1556602834,1
6667611022,11328,cpagan,Y,KFS6667611022,1
1988505427,11329,awestcot,Y,KFS1988505427,1
6635859783,11330,mcrow,Y,KFS6635859783,1
2003405744,11331,sjgott,Y,KFS2003405744,1
6266975459,11332,mfortune,Y,KFS6266975459,1
2035402366,11333,jjojeda,Y,KFS2035402366,1
2932706840,11334,ssred,Y,KFS2932706840,1
3184309620,11335,atims,Y,KFS3184309620,1
6149965863,11336,bbrenneman,Y,KFS6149965863,1
2675503231,11337,bpashwor,Y,KFS2675503231,1
6888608288,11338,hschreiner,Y,KFS6888608288,1
6324123412,11339,dquick,Y,KFS6324123412,1
1772205236,11340,kgcaruth,Y,KFS1772205236,1
2343308403,11341,emdaviss,Y,KFS2343308403,1
3285900998,11342,jwhitley,Y,KFS3285900998,1
2918801999,11343,gsams,Y,KFS2918801999,1
6966875540,11344,gdonato,Y,KFS6966875540,1
2093401908,11345,tjkeenan,Y,KFS2093401908,1
6042255192,11346,lshamblin,Y,KFS6042255192,1
6082916478,11347,bcalkins,Y,KFS6082916478,1
6167542932,11348,jfrederick,Y,KFS6167542932,1
6989464527,11349,jharrold,Y,KFS6989464527,1
2355802016,11350,mmcronin,Y,KFS2355802016,1
1271005561,11351,abbagby,Y,KFS1271005561,1
6358933623,11352,lquesenberry,Y,KFS6358933623,1
3402005199,11353,bxdenis,Y,KFS3402005199,1
6950051492,11354,bcaddell,Y,KFS6950051492,1
3236001621,11355,pegan,Y,KFS3236001621,1
2285105599,11356,rothurmo,Y,KFS2285105599,1
6850463934,11357,jarteaga,Y,KFS6850463934,1
2501003115,11358,tcharlto,Y,KFS2501003115,1
6937615017,11359,ctoth,Y,KFS6937615017,1
2717804241,11360,dqperron,Y,KFS2717804241,1
4025604325,11361,maramsay,Y,KFS4025604325,1
1996305599,11362,tithurmo,Y,KFS1996305599,1
6548260804,11363,cleung,Y,KFS6548260804,1
2617807722,11364,dpshuck,Y,KFS2617807722,1
2615105455,11365,ochaisso,Y,KFS2615105455,1
1294109220,11366,lblechne,Y,KFS1294109220,1
6711314136,11367,epimentel,Y,KFS6711314136,1
6791075336,11368,jpowers,Y,KFS6791075336,1
1643905301,11369,imiracle,Y,KFS1643905301,1
6145062684,11370,cbrazier,Y,KFS6145062684,1
4085808804,11371,ooxendin,Y,KFS4085808804,1
3759708455,11372,samontei,Y,KFS3759708455,1
6662741043,11373,emalek,Y,KFS6662741043,1
3514105019,11374,aysolori,Y,KFS3514105019,1
1226904798,11375,ablabont,Y,KFS1226904798,1
1732407799,11376,kgriffe,Y,KFS1732407799,1
1760600402,11377,dgquinn,Y,KFS1760600402,1
6859558296,11378,aeddy,Y,KFS6859558296,1
2868007063,11379,hrshuber,Y,KFS2868007063,1
1208408248,11380,vrude,Y,KFS1208408248,1
6283474723,11381,fedmunds,Y,KFS6283474723,1
1956702925,11382,aichow,Y,KFS1956702925,1
2308608509,11383,emalpert,Y,KFS2308608509,1
6127240415,11384,pvalentino,Y,KFS6127240415,1
6303877562,11385,flomax,Y,KFS6303877562,1
3173704814,11386,wustonge,Y,KFS3173704814,1
6509953577,11387,lholcombe,Y,KFS6509953577,1
1429401698,11388,tdweir,Y,KFS1429401698,1
6787190211,11389,waldrich,Y,KFS6787190211,1
6641141387,11390,fkirkland,Y,KFS6641141387,1
6835864574,11391,lmack,Y,KFS6835864574,1
4124805803,11392,cstandle,Y,KFS4124805803,1
3396200491,11393,fcollier,Y,KFS3396200491,1
6440205490,11394,tbryant,Y,KFS6440205490,1
6936705949,11395,bgott,Y,KFS6936705949,1
6116261070,11396,nhunt,Y,KFS6116261070,1
6034350276,11397,gkohl,Y,KFS6034350276,1
1520300891,11398,revalenz,Y,KFS1520300891,1
6082548095,11399,tgeorge,Y,KFS6082548095,1
3826400961,11400,gfinch,Y,KFS3826400961,1
1611308074,11401,ncarner,Y,KFS1611308074,1
1274007182,11402,dbschlue,Y,KFS1274007182,1
6829230570,11403,aeckard,Y,KFS6829230570,1
6559508598,11404,sclaudio,Y,KFS6559508598,1
4159407077,11405,hemanion,Y,KFS4159407077,1
2722306665,11406,rqbarrin,Y,KFS2722306665,1
4071101475,11407,sblackmo,Y,KFS4071101475,1
3257204727,11408,evforest,Y,KFS3257204727,1
6787664693,11409,tdeangelis,Y,KFS6787664693,1
2047009140,11410,aeanes,Y,KFS2047009140,1
1505600379,11411,jerowe,Y,KFS1505600379,1
6272789859,11412,blight,Y,KFS6272789859,1
1290807742,11413,smarrufo,Y,KFS1290807742,1
6242182664,11414,beads,Y,KFS6242182664,1
6324662346,11415,mfenton,Y,KFS6324662346,1
3383108331,11416,awyun,Y,KFS3383108331,1
6800539910,11417,mwhitehead,Y,KFS6800539910,1
6610302086,11418,mzelaya,Y,KFS6610302086,1
6709823694,11419,leldridge,Y,KFS6709823694,1
2198202350,11420,rklombar,Y,KFS2198202350,1
2766501199,11421,mdavila,Y,KFS2766501199,1
2208900926,11422,jlemerso,Y,KFS2208900926,1
2165804985,11423,nsoper,Y,KFS2165804985,1
6226914126,11424,lsegura,Y,KFS6226914126,1
6655866372,11425,kcastellanos,Y,KFS6655866372,1
6342014343,11426,bgroom,Y,KFS6342014343,1
6543846762,11427,bkiely,Y,KFS6543846762,1
6622369982,11428,rromano,Y,KFS6622369982,1
2788101156,11429,bplummer,Y,KFS2788101156,1
1463703123,11430,gdmassie,Y,KFS1463703123,1
2393306338,11431,dspinell,Y,KFS2393306338,1
1210908400,11432,ddisney,Y,KFS1210908400,1
6404686659,11433,tgusman,Y,KFS6404686659,1
6350864048,11434,lepps,Y,KFS6350864048,1
2117500270,11435,jkcurtis,Y,KFS2117500270,1
2257903278,11436,joreddic,Y,KFS2257903278,1
2600805164,11437,cpgariba,Y,KFS2600805164,1
1329201709,11438,scatwood,Y,KFS1329201709,1
6086736887,11439,dmott,Y,KFS6086736887,1
4161502293,11440,jeskelto,Y,KFS4161502293,1
6838844087,11441,cwilcher,Y,KFS6838844087,1
1122607230,11442,jabeaton,Y,KFS1122607230,1
6972525424,11443,vpatch,Y,KFS6972525424,1
2688805408,11444,apgallah,Y,KFS2688805408,1
6313599761,11445,mgoad,Y,KFS6313599761,1
2158407946,11446,akpisano,Y,KFS2158407946,1
1522307114,11447,rtye,Y,KFS1522307114,1
6572729461,11448,lchisolm,Y,KFS6572729461,1
6299004540,11449,bmaxson,Y,KFS6299004540,1
1525600953,11450,dekirkla,Y,KFS1525600953,1
4072802651,11451,gdaquino,Y,KFS4072802651,1
2466307862,11452,enalsup,Y,KFS2466307862,1
3862706178,11453,ghaynie,Y,KFS3862706178,1
3749301116,11454,mastarr,Y,KFS3749301116,1
1305309367,11455,jaube,Y,KFS1305309367,1
3767304426,11456,scowles,Y,KFS3767304426,1
3060202670,11457,bcary,Y,KFS3060202670,1
6413273420,11458,kstraka,Y,KFS6413273420,1
2228105867,11459,damanzan,Y,KFS2228105867,1
2368908934,11460,jferree,Y,KFS2368908934,1
2253102501,11461,pgannon,Y,KFS2253102501,1
6733477700,11462,eebersole,Y,KFS6733477700,1
2286701827,11463,jlconnel,Y,KFS2286701827,1
6458569348,11464,nfink,Y,KFS6458569348,1
1951202859,11465,eireynos,Y,KFS1951202859,1
3471002056,11466,axfugate,Y,KFS3471002056,1
6062191977,11467,ttellez,Y,KFS6062191977,1
2625401275,11468,hho,Y,KFS2625401275,1
3516904968,11469,ayharget,Y,KFS3516904968,1
6401650552,11470,sessary,Y,KFS6401650552,1
2656601272,11471,dpteague,Y,KFS2656601272,1
3027305567,11472,jtterraz,Y,KFS3027305567,1
3903903307,11473,dcmercie,Y,KFS3903903307,1
6209401784,11474,cwertz,Y,KFS6209401784,1
6577078229,11475,lmartinelli,Y,KFS6577078229,1
3662109584,11476,dzcrowl,Y,KFS3662109584,1
1523400530,11477,noconnor,Y,KFS1523400530,1
2141500632,11478,mkbooker,Y,KFS2141500632,1
2572007692,11479,fcarley,Y,KFS2572007692,1
1423508220,11480,jdboldt,Y,KFS1423508220,1
1305500732,11481,jpenning,Y,KFS1305500732,1
6913382244,11482,kherrington,Y,KFS6913382244,1
6271525680,11483,tmair,Y,KFS6271525680,1
2865309548,11484,rkirkend,Y,KFS2865309548,1
6726108561,11485,psoper,Y,KFS6726108561,1
3729104499,11486,taguess,Y,KFS3729104499,1
3409204973,11487,sxdagost,Y,KFS3409204973,1
6561010954,11488,emarble,Y,KFS6561010954,1
1659102154,11489,aaviles,Y,KFS1659102154,1
3784207466,11490,daparadi,Y,KFS3784207466,1
1531507338,11491,degarret,Y,KFS1531507338,1
2056202906,11492,qthao,Y,KFS2056202906,1
3236004643,11493,pvmcdoug,Y,KFS3236004643,1
1867204529,11494,mhhiller,Y,KFS1867204529,1
6577288605,11495,tfurst,Y,KFS6577288605,1
2211304154,11496,ngerald,Y,KFS2211304154,1
6972496992,11497,scatron,Y,KFS6972496992,1
2251000129,11498,tlporter,Y,KFS2251000129,1
3480207161,11499,exdana,Y,KFS3480207161,1
6153859779,11500,fcurrey,Y,KFS6153859779,1
1206006319,11501,sbgerman,Y,KFS1206006319,1
2820008053,11502,grhayash,Y,KFS2820008053,1
2987604646,11503,hgragg,Y,KFS2987604646,1
6385475587,11504,bthoma,Y,KFS6385475587,1
3599704520,11505,wyalfred,Y,KFS3599704520,1
1329701509,11506,tcgabrie,Y,KFS1329701509,1
6309100738,11507,tjarman,Y,KFS6309100738,1
6536994960,11508,lbehr,Y,KFS6536994960,1
4113408611,11509,eesimas,Y,KFS4113408611,1
2971109038,11510,lidorton,Y,KFS2971109038,1
2382401375,11511,asmiley,Y,KFS2382401375,1
2311506822,11512,mmdilley,Y,KFS2311506822,1
1772009053,11513,fbrimmer,Y,KFS1772009053,1
6657092321,11514,ichance,Y,KFS6657092321,1
1816003921,11515,lhwild,Y,KFS1816003921,1
3501703237,11516,kytyree,Y,KFS3501703237,1
4192500130,11517,mehunter,Y,KFS4192500130,1
4053303316,11518,schapin,Y,KFS4053303316,1
6178317126,11519,eflory,Y,KFS6178317126,1
3552808023,11520,eystaats,Y,KFS3552808023,1
3372102879,11521,dfogle,Y,KFS3372102879,1
6054856149,11522,kcopley,Y,KFS6054856149,1
2155107462,11523,apfister,Y,KFS2155107462,1
2015800662,11524,rjweiss,Y,KFS2015800662,1
3302806400,11525,jwhagans,Y,KFS3302806400,1
6155102899,11526,mtull,Y,KFS6155102899,1
3428508900,11527,mxnuss,Y,KFS3428508900,1
6988722066,11528,bottinger,Y,KFS6988722066,1
6139306823,11529,fclyburn,Y,KFS6139306823,1
6411529913,11530,ineff,Y,KFS6411529913,1
6528692452,11531,jegbert,Y,KFS6528692452,1
6004199558,11532,jhavens,Y,KFS6004199558,1
2237202707,11533,abney,Y,KFS2237202707,1
6297114660,11534,lkelso,Y,KFS6297114660,1
2442402300,11535,dliu,Y,KFS2442402300,1
3394506378,11536,steven,Y,KFS3394506378,1
3895100501,11537,kbwilcox,Y,KFS3895100501,1
2802508887,11538,mrrutkow,Y,KFS2802508887,1
6907282798,11539,uvoss,Y,KFS6907282798,1
6837226771,11540,ihenley,Y,KFS6837226771,1
6500733212,11541,ianderson,Y,KFS6500733212,1
6338051978,11542,imatthews,Y,KFS6338051978,1
6608378027,11543,icain,Y,KFS6608378027,1
6676340787,11544,iklein,Y,KFS6676340787,1
6606101455,11545,itaylor,Y,KFS6606101455,1
6355191592,11546,ismith,Y,KFS6355191592,1
6504837424,11547,ijohnson,Y,KFS6504837424,1
6466309521,11548,itarkington,Y,KFS6466309521,1
6559713579,11549,imccloud,Y,KFS6559713579,1
6003396750,11550,cdonnelly,Y,KFS6003396750,1
6601269694,11551,cpeterson,Y,KFS6601269694,1
6818623525,11552,cgreathouse,Y,KFS6818623525,1
6508409678,11553,cnoble,Y,KFS6508409678,1
6980756425,11554,cmorrison,Y,KFS6980756425,1
6114477169,11555,cemsley,Y,KFS6114477169,1
6794413968,11556,cmcmeans,Y,KFS6794413968,1
6393572733,11557,cburket,Y,KFS6393572733,1
6410930018,11558,csylvester,Y,KFS6410930018,1
6666801168,11559,cabrams,Y,KFS6666801168,1
6478813026,11560,dmarin,Y,KFS6478813026,1
6733318246,11561,dforsythe,Y,KFS6733318246,1
6261532487,11562,dberry,Y,KFS6261532487,1
6183391819,11563,dshipman,Y,KFS6183391819,1
6029329668,11564,dsears,Y,KFS6029329668,1
6560284640,11565,dfreeland,Y,KFS6560284640,1
6696577327,11566,ddunlap,Y,KFS6696577327,1
6656745756,11567,dellis,Y,KFS6656745756,1
6727756370,11568,dgrainger,Y,KFS6727756370,1
6081724748,11569,dmonroe,Y,KFS6081724748,1
6206985427,11570,akoontz,Y,KFS6206985427,1
6536956825,11571,aburton,Y,KFS6536956825,1
6419549940,11572,ayoung,Y,KFS6419549940,1
6068798690,11573,avogel,Y,KFS6068798690,1
6187627478,11574,agetz,Y,KFS6187627478,1
6913962247,11575,aferree,Y,KFS6913962247,1
6507378225,11576,acoatney,Y,KFS6507378225,1
6185727592,11577,abarge,Y,KFS6185727592,1
6602361339,11578,amorgan,Y,KFS6602361339,1
6732734584,11579,awright,Y,KFS6732734584,1
6705802579,11580,mbaxter,Y,KFS6705802579,1
6366880977,11581,mgray,Y,KFS6366880977,1
6824599157,11582,mhandley,Y,KFS6824599157,1
6570458107,11583,mlee,Y,KFS6570458107,1
6810150089,11584,mlawyer,Y,KFS6810150089,1
6455532324,11585,mnorman,Y,KFS6455532324,1
6027714093,11586,mobrian,Y,KFS6027714093,1
6508213399,11587,mpayne,Y,KFS6508213399,1
6991707261,11588,mhart,Y,KFS6991707261,1
6010291672,11589,mquick,Y,KFS6010291672,1
6311692550,11590,uryan,Y,KFS6311692550,1
6503100179,11591,usampson,Y,KFS6503100179,1
6813024038,11592,uallen,Y,KFS6813024038,1
6375022686,11593,utroyer,Y,KFS6375022686,1
6072394155,11594,uwarren,Y,KFS6072394155,1
6486487879,11595,uyoder,Y,KFS6486487879,1
6848247760,11596,uzane,Y,KFS6848247760,1
6053468065,11597,uyolinsky,Y,KFS6053468065,1
6105797096,11598,ubrava,Y,KFS6105797096,1
6762011499,11599,hnelson,Y,KFS6762011499,1
6107079034,11600,hmoss,Y,KFS6107079034,1
6895415781,11601,hgonzales,Y,KFS6895415781,1
6865497570,11602,hwilliams,Y,KFS6865497570,1
6249630250,11603,hbender,Y,KFS6249630250,1
6274281714,11604,hsanders,Y,KFS6274281714,1
6288826598,11605,hfields,Y,KFS6288826598,1
6215544907,11606,hcarmichael,Y,KFS6215544907,1
6527276635,11607,heads,Y,KFS6527276635,1
6903849993,11608,hkeller,Y,KFS6903849993,1