--
-- Copyright 2004-2013 The Kuali Foundation
--
-- Licensed under the Educational Community License, Version 2.0 (the "License");
-- you may not use this file except in compliance with the License.
-- You may obtain a copy of the License at
--
-- http://www.opensource.org/licenses/ecl2.php
--
-- Unless required by applicable law or agreed to in writing, software
-- distributed under the License is distributed on an "AS IS" BASIS,
-- WITHOUT WARRANTIES OR CONDITIONS OF ANY KIND, either express or implied.
-- See the License for the specific language governing permissions and
-- limitations under the License.
--

delete from lm_leave_plan_t where LM_LEAVE_PLAN_ID >= 8000;
delete from lm_accrual_category_t where lm_accrual_category_id >= 5000;
delete from lm_accrual_category_rules_t where lm_accrual_category_rules_id >= 5000;
delete from lm_leave_code_t where lm_leave_code_id >= 5000;
delete from hr_earn_code_t where hr_earn_code_id >= 5000;
delete from hr_principal_attributes_t where hr_principal_attribute_id >= 5000;
delete from hr_principal_attributes_t where principal_id like('testUser%');
delete from hr_job_t where hr_job_id >= 5000;
delete from lm_sys_schd_timeoff_t where lm_sys_schd_timeoff_id >= 5000;
delete from lm_leave_block_t where principal_id like('testUser%');
delete from lm_leave_block_hist_t where principal_id like('testUser%');
delete from lm_leave_plan_t where lm_leave_plan_id >= 8000;
delete from lm_leave_document_header_t where document_id >= 5000;
delete from hr_calendar_t where hr_calendar_id >= 1000;
delete from hr_calendar_entries_t where hr_calendar_entry_id >= 5000;

insert into lm_leave_plan_t (`lm_leave_plan_id`, `LEAVE_PLAN`, `DESCR`, `CAL_YEAR_START`, `EFFDT`, `OBJ_ID`, `VER_NBR`, `ACTIVE`, `TIMESTAMP`, `PLANNING_MONTHS`) values ('8000', 'testLP', 'Test Leave Plan', '02/01', '2012-02-01', '', '1', 'Y', '2012-02-06 11:59:46', '12');
insert into hr_principal_attributes_t (`hr_principal_attribute_id`, `principal_id`, `pay_calendar`, `leave_plan`, `service_date`, `fmla_eligible`, `workers_eligible`, `timezone`, `EFFDT`, `TIMESTAMP`, `OBJ_ID`, `VER_NBR`, `active`, `leave_calendar`) values('5001', 'testUser', 'BWS-CAL', 'testLP', '2012-03-01', 'Y', 'Y', null, '2012-03-01', now(), uuid(), '1', 'Y', 'LM');
insert into lm_accrual_category_t (`lm_accrual_category_id`, `ACCRUAL_CATEGORY`, `LEAVE_PLAN`, `DESCR`, `ACCRUAL_INTERVAL_EARN`, `UNIT_OF_TIME`, `EFFDT`, `OBJ_ID`, `VER_NBR`, `PRORATION`, `DONATION`, `SHOW_ON_GRID`, `ACTIVE`, `TIMESTAMP`, `MIN_PERCENT_WORKED`, `EARN_CODE`, `HAS_RULES`) values('5000', 'testAC', 'testLP', 'test', 'M', '40', '2012-02-01', '8421CD29-E1F4-4B9A-AE33-F3F4752505CE', '1', null, null, 'Y', 'Y',now(), '0', 'EC', 'Y');
insert into lm_accrual_category_rules_t (`lm_accrual_category_rules_id`, `SERVICE_UNIT_OF_TIME`, `START_ACC`, `END_ACC`, `ACCRUAL_RATE`, `MAX_BAL`, `MAX_BAL_ACTION_FREQUENCY`, `ACTION_AT_MAX_BAL`, `MAX_BAL_TRANS_ACC_CAT`, `MAX_BAL_TRANS_CONV_FACTOR`, `MAX_TRANS_AMOUNT`, `MAX_PAYOUT_AMOUNT`, `MAX_PAYOUT_EARN_CODE`, `MAX_USAGE`, `MAX_CARRY_OVER`, `LM_ACCRUAL_CATEGORY_ID`, `OBJ_ID`, `VER_NBR`, `ACTIVE`, `TIMESTAMP`, `MAX_BAL_FLAG`) values ('5000', 'M', 0, 888, 16, 100.00, 'NA', 'NA', NULL, NULL, NULL, NULL, NULL, NULL, NULL, '5000', 'DEDC243D-4E51-CCDE-1326-E1700B2631E1', '1', 'Y', '2012-02-03 12:10:23', 'N');
insert into hr_earn_code_t values('5000', 'EC', 'test', '2012-02-01', 'Y', 'Y', 'B2991ADA-E866-F28C-7E95-A897AC377D0C', '1', now(), 'testAC', '1.5', '1.5', 'Hours', 'testLP', 'None', '99', 'T', 'N', 'Y', 'Y', 'Y', 'Y', 'test', null, 'N', 'I');
# insert into lm_leave_code_t (`lm_leave_code_id`, `LEAVE_PLAN`, `ELIGIBLE_FOR_ACC`, `ACCRUAL_CAT`, `EARN_CODE`, `LEAVE_CODE`, `DISP_NAME`, `UNIT_OF_TIME`, `FRACT_TIME_ALLOWD`, `ROUND_OPT`, `ALLOW_SCHD_LEAVE`, `FMLA`, `WORKMANS_COMP`, `DEF_TIME`, `EMPLOYEE`, `APPROVER`, `DEPT_ADMIN`, `EFFDT`, `OBJ_ID`, `VER_NBR`, `ACTIVE`, `TIMESTAMP`, `ALLOW_NEGATIVE_ACC_BALANCE`, `AFFECT_PAY`) values ('5000',	'testLP', 'Y', 'testAC', 'TC1', 'testLC', 'testLC', 'D', 99,	'T', 'Y', 'N', 'N', null, 'Y', 'N', 'N', '2012-02-01', 'B2991ADA-E866-F28C-7E95-A897AC377D0C',	'1', 'Y', '2012-02-02 11:38:04', 'N', 'N');

# two not eligible for leave jobs and one eligible one
insert into hr_job_t (`hr_job_id`, `PRINCIPAL_ID`, `JOB_NUMBER`, `EFFDT`, `dept`, `HR_SAL_GROUP`, `pay_grade`, `TIMESTAMP`, `OBJ_ID`, `VER_NBR`, `comp_rate`, `location`, `std_hours`, `hr_paytype`, `active`, `primary_indicator`, `position_nbr`, `eligible_for_leave`, `FLSA_STATUS`) values ('5000', 'testUser', '1', '2012-01-01', 'TEST-DEPT', 'SD1', 'SD1', '2012-01-01 11:00:00', uuid(), '1', '0.000000', 'SD1', '40.00', 'BW', 'Y',  'Y', 'N', 'N', null);
insert into hr_job_t (`hr_job_id`, `PRINCIPAL_ID`, `JOB_NUMBER`, `EFFDT`, `dept`, `HR_SAL_GROUP`, `pay_grade`, `TIMESTAMP`, `OBJ_ID`, `VER_NBR`, `comp_rate`, `location`, `std_hours`, `hr_paytype`, `active`, `primary_indicator`, `position_nbr`, `eligible_for_leave`, `FLSA_STATUS`) values ('5001', 'testUser', '2', '2012-02-01', 'TEST-DEPT', 'SD1', 'SD1', '2012-02-01 11:00:00', uuid(), '1', '0.000000', 'SD1', '40.00', 'BW', 'Y',  'Y', 'N', 'N', null);
insert into hr_job_t (`hr_job_id`, `PRINCIPAL_ID`, `JOB_NUMBER`, `EFFDT`, `dept`, `HR_SAL_GROUP`, `pay_grade`, `TIMESTAMP`, `OBJ_ID`, `VER_NBR`, `comp_rate`, `location`, `std_hours`, `hr_paytype`, `active`, `primary_indicator`, `position_nbr`, `eligible_for_leave`, `FLSA_STATUS`) values ('5002', 'testUser', '3', '2012-03-01', 'TEST-DEPT', 'SD1', 'SD1', '2012-03-01 11:00:00', uuid(), '1', '0.000000', 'SD1', '40.00', 'BW', 'Y',  'Y', 'N', 'Y', null);

# set up a system scheduled time off on 04/10/2012
insert into lm_accrual_category_t (`lm_accrual_category_id`, `ACCRUAL_CATEGORY`, `LEAVE_PLAN`, `DESCR`, `ACCRUAL_INTERVAL_EARN`, `UNIT_OF_TIME`, `EFFDT`, `OBJ_ID`, `VER_NBR`, `PRORATION`, `DONATION`, `SHOW_ON_GRID`, `ACTIVE`, `TIMESTAMP`, `MIN_PERCENT_WORKED`, `EARN_CODE`, `HAS_RULES`) values('5001', 'holAC', 'testLP', 'test', 'M', '40', '2012-02-01', '8421CD29-E1F4-4B9A-AE33-F3F4752505CE', '1', null, null, 'Y', 'Y', now(), '0', 'hEC', 'Y');
insert into hr_earn_code_t values('5001', 'hEC', 'test', '2012-02-01', 'Y', 'Y', 'B2991ADA-E866-F28C-7E95-A897AC377D0C', '1', now(), 'holAC', '1.5', '1.5', 'Hours', 'testLP', 'None', '99', 'T', 'N', 'Y', 'Y', 'Y', 'Y', 'test', null, 'N', 'I');
#insert into lm_leave_code_t (`lm_leave_code_id`, `LEAVE_PLAN`, `ELIGIBLE_FOR_ACC`, `ACCRUAL_CAT`, `EARN_CODE`, `LEAVE_CODE`, `DISP_NAME`, `UNIT_OF_TIME`, `FRACT_TIME_ALLOWD`, `ROUND_OPT`, `ALLOW_SCHD_LEAVE`, `FMLA`, `WORKMANS_COMP`, `DEF_TIME`, `EMPLOYEE`, `APPROVER`, `DEPT_ADMIN`, `EFFDT`, `OBJ_ID`, `VER_NBR`, `ACTIVE`, `TIMESTAMP`, `ALLOW_NEGATIVE_ACC_BALANCE`, `AFFECT_PAY`) values ('5001', 'testLP', 'Y', 'holAC', 'TC1', 'holLC', 'holLC', 'D', 99,	'T', 'Y', 'N', 'N', null, 'Y', 'N', 'N', '2012-02-01', 'B2991ADA-E866-F28C-7E95-A897AC377D0C',	'1', 'Y', '2012-02-02 11:38:04', 'N', 'N');
insert into lm_sys_schd_timeoff_t values ('5000', 'testLP', 'holAC', 'hEC', '2012-04-10', NULL, 'testLocation','testSSTO', '8', null, null, null, null, 'testH', '2012-03-01', uuid(), '1', 'Y', now());
-- disabled system scheduled time off, should not generate accruals
insert into lm_sys_schd_timeoff_t values ('5001', 'testLP', 'holAC', 'hEC', '2012-04-20', NULL, 'testLocation','testSSTO', '8', null, null, null, null, 'testH', '2012-03-01', uuid(), '1', 'Y', '2012-02-19 10:00:00');
insert into lm_sys_schd_timeoff_t values ('5002', 'testLP', 'holAC', 'hEC', '2012-04-20', NULL, 'testLocation','testSSTO', '8', null, null, null, null, 'testH', '2012-03-01', uuid(), '1', 'N', '2012-02-19 11:00:00');

# add an inactive entry for job 3 and add a new job 4 for employee status change
# employee changed status on 04/01, fte is changed from 1 to 0.5
insert into hr_job_t (`hr_job_id`, `PRINCIPAL_ID`, `JOB_NUMBER`, `EFFDT`, `dept`, `HR_SAL_GROUP`, `pay_grade`, `TIMESTAMP`, `OBJ_ID`, `VER_NBR`, `comp_rate`, `location`, `std_hours`, `hr_paytype`, `active`, `primary_indicator`, `position_nbr`, `eligible_for_leave`, `FLSA_STATUS`) values ('5003', 'testUser', '3', '2012-04-01', 'TEST-DEPT', 'SD1', 'SD1', '2012-04-01 11:00:00', uuid(), '1', '0.000000', 'SD1', '40.00', 'BW', 'N',  'Y', 'N', 'Y', null);
insert into hr_job_t (`hr_job_id`, `PRINCIPAL_ID`, `JOB_NUMBER`, `EFFDT`, `dept`, `HR_SAL_GROUP`, `pay_grade`, `TIMESTAMP`, `OBJ_ID`, `VER_NBR`, `comp_rate`, `location`, `std_hours`, `hr_paytype`, `active`, `primary_indicator`, `position_nbr`, `eligible_for_leave`, `FLSA_STATUS`) values ('5004', 'testUser', '4', '2012-04-01', 'TEST-DEPT', 'SD1', 'SD1', '2012-04-01 11:00:00', uuid(), '1', '0.000000', 'SD1', '20.00', 'BW', 'Y',  'Y', 'N', 'Y', null);

# for testRunAccrualForRuleChangeS
# user testUser2 has 2 rules
insert into lm_leave_plan_t (`lm_leave_plan_id`, `LEAVE_PLAN`, `DESCR`, `CAL_YEAR_START`, `EFFDT`, `OBJ_ID`, `VER_NBR`, `ACTIVE`, `TIMESTAMP`, `PLANNING_MONTHS`) values ('8001', 'testLP2', 'Test Leave Plan', '02/01', '2012-02-01', '', '1', 'Y', '2012-02-06 11:59:46', '80');
insert into hr_principal_attributes_t (`hr_principal_attribute_id`, `principal_id`, `pay_calendar`, `leave_plan`, `service_date`, `fmla_eligible`, `workers_eligible`, `timezone`, `EFFDT`, `TIMESTAMP`, `OBJ_ID`, `VER_NBR`, `active`, `leave_calendar`) values('5002', 'testUser2', 'BWS-CAL', 'testLP2', '2012-03-01', 'Y', 'Y', null, '2012-03-01', now(), uuid(), '1', 'Y', 'LM');
insert into lm_accrual_category_t (`lm_accrual_category_id`, `ACCRUAL_CATEGORY`, `LEAVE_PLAN`, `DESCR`, `ACCRUAL_INTERVAL_EARN`, `UNIT_OF_TIME`, `EFFDT`, `OBJ_ID`, `VER_NBR`, `PRORATION`, `DONATION`, `SHOW_ON_GRID`, `ACTIVE`, `TIMESTAMP`, `MIN_PERCENT_WORKED`, `EARN_CODE`, `HAS_RULES`) values('5002', 'testAC2', 'testLP2', 'test', 'M', '40', '2012-02-01', '8421CD29-E1F4-4B9A-AE33-F3F4752505CE', '1', null, null, 'Y', 'Y',now(), '0', 'EC', 'Y');
insert into lm_accrual_category_rules_t (`lm_accrual_category_rules_id`, `SERVICE_UNIT_OF_TIME`, `START_ACC`, `END_ACC`, `ACCRUAL_RATE`, `MAX_BAL`, `MAX_BAL_ACTION_FREQUENCY`, `ACTION_AT_MAX_BAL`, `MAX_BAL_TRANS_ACC_CAT`, `MAX_BAL_TRANS_CONV_FACTOR`, `MAX_TRANS_AMOUNT`, `MAX_PAYOUT_AMOUNT`, `MAX_PAYOUT_EARN_CODE`, `MAX_USAGE`, `MAX_CARRY_OVER`, `LM_ACCRUAL_CATEGORY_ID`, `OBJ_ID`, `VER_NBR`, `ACTIVE`, `TIMESTAMP`, `MAX_BAL_FLAG`) values ('5001', 'M', 0, 5, 16, 100.00, 'NA', 'NA', NULL, NULL, NULL, NULL, NULL, NULL, NULL, '5002', 'DEDC243D-4E51-CCDE-1326-E1700B2631E1', '1', 'Y', '2012-02-03 12:10:23', 'N');
insert into lm_accrual_category_rules_t (`lm_accrual_category_rules_id`, `SERVICE_UNIT_OF_TIME`, `START_ACC`, `END_ACC`, `ACCRUAL_RATE`, `MAX_BAL`, `MAX_BAL_ACTION_FREQUENCY`, `ACTION_AT_MAX_BAL`, `MAX_BAL_TRANS_ACC_CAT`, `MAX_BAL_TRANS_CONV_FACTOR`, `MAX_TRANS_AMOUNT`, `MAX_PAYOUT_AMOUNT`, `MAX_PAYOUT_EARN_CODE`, `MAX_USAGE`, `MAX_CARRY_OVER`, `LM_ACCRUAL_CATEGORY_ID`, `OBJ_ID`, `VER_NBR`, `ACTIVE`, `TIMESTAMP`, `MAX_BAL_FLAG`) values ('5002', 'M', 5, 900, 24, 500.00, 'NA', 'NA', NULL, NULL, NULL, NULL, NULL, NULL, NULL, '5002', 'DEDC243D-4E51-CCDE-1326-E1700B2631E1', '1', 'Y', '2012-02-03 12:10:23', 'N');
insert into hr_job_t (`hr_job_id`, `PRINCIPAL_ID`, `JOB_NUMBER`, `EFFDT`, `dept`, `HR_SAL_GROUP`, `pay_grade`, `TIMESTAMP`, `OBJ_ID`, `VER_NBR`, `comp_rate`, `location`, `std_hours`, `hr_paytype`, `active`, `primary_indicator`, `position_nbr`, `eligible_for_leave`, `FLSA_STATUS`) values ('5005', 'testUser2', '5', '2012-03-01', 'TEST-DEPT', 'SD1', 'SD1', now(), uuid(), '1', '0.000000', 'SD1', '40.00', 'BW', 'Y',  'Y', 'N', 'Y', null);

# for testRunAccrualWithDifferentAccrualIntervals
# user testUser3 has leavePlan testLP3 which has 2 accrual categories
insert into lm_leave_plan_t (`lm_leave_plan_id`, `LEAVE_PLAN`, `DESCR`, `CAL_YEAR_START`, `EFFDT`, `OBJ_ID`, `VER_NBR`, `ACTIVE`, `TIMESTAMP`, `PLANNING_MONTHS`) values ('8002', 'testLP3', 'Test Leave Plan', '02/01', '2012-02-01', '', '1', 'Y', '2012-02-06 11:59:46', '80');
insert into hr_principal_attributes_t (`hr_principal_attribute_id`, `principal_id`, `pay_calendar`, `leave_plan`, `service_date`, `fmla_eligible`, `workers_eligible`, `timezone`, `EFFDT`, `TIMESTAMP`, `OBJ_ID`, `VER_NBR`, `active`, `leave_calendar`) values('5003', 'testUser3', 'BWS-CAL', 'testLP3', '2012-03-01', 'Y', 'Y', null, '2012-03-01', now(), uuid(), '1', 'Y', 'LM');
# testAC3 has leaveCode testLC1, Semi-Monthly as earn interval
insert into hr_earn_code_t values('5002', 'EC1', 'test', '2012-02-01', 'Y', 'Y', 'B2991ADA-E866-F28C-7E95-A897AC377D0C', '1', now(), 'testAC3', '1.5', '1.5', 'Hours', 'testLP', 'None', '99', 'T', 'N', 'Y', 'Y', 'Y', 'Y', 'test', null, 'N', 'I');
#insert into lm_leave_code_t (`lm_leave_code_id`, `LEAVE_PLAN`, `ELIGIBLE_FOR_ACC`, `ACCRUAL_CAT`, `EARN_CODE`, `LEAVE_CODE`, `DISP_NAME`, `UNIT_OF_TIME`, `FRACT_TIME_ALLOWD`, `ROUND_OPT`, `ALLOW_SCHD_LEAVE`, `FMLA`, `WORKMANS_COMP`, `DEF_TIME`, `EMPLOYEE`, `APPROVER`, `DEPT_ADMIN`, `EFFDT`, `OBJ_ID`, `VER_NBR`, `ACTIVE`, `TIMESTAMP`, `ALLOW_NEGATIVE_ACC_BALANCE`, `AFFECT_PAY`) values ('5002',	'testLP3', 'Y', 'testAC3', 'TC1', 'testLC1', 'testLC1', 'D', 99,	'T', 'Y', 'N', 'N', null, 'Y', 'N', 'N', '2012-02-01', 'B2991ADA-E866-F28C-7E95-A897AC377D0C',	'1', 'Y', '2012-02-02 11:38:04', 'N', 'N');
insert into lm_accrual_category_t (`lm_accrual_category_id`, `ACCRUAL_CATEGORY`, `LEAVE_PLAN`, `DESCR`, `ACCRUAL_INTERVAL_EARN`, `UNIT_OF_TIME`, `EFFDT`, `OBJ_ID`, `VER_NBR`, `PRORATION`, `DONATION`, `SHOW_ON_GRID`, `ACTIVE`, `TIMESTAMP`, `MIN_PERCENT_WORKED`, `EARN_CODE`, `HAS_RULES`) values('5003', 'testAC3', 'testLP3', 'test', 'S', '40', '2012-02-01', '8421CD29-E1F4-4B9A-AE33-F3F4752505CE', '1', null, null, 'Y', 'Y',now(), '0', 'EC1', 'Y');
insert into lm_accrual_category_rules_t (`lm_accrual_category_rules_id`, `SERVICE_UNIT_OF_TIME`, `START_ACC`, `END_ACC`, `ACCRUAL_RATE`, `MAX_BAL`, `MAX_BAL_ACTION_FREQUENCY`, `ACTION_AT_MAX_BAL`, `MAX_BAL_TRANS_ACC_CAT`, `MAX_BAL_TRANS_CONV_FACTOR`, `MAX_TRANS_AMOUNT`, `MAX_PAYOUT_AMOUNT`, `MAX_PAYOUT_EARN_CODE`, `MAX_USAGE`, `MAX_CARRY_OVER`, `LM_ACCRUAL_CATEGORY_ID`, `OBJ_ID`, `VER_NBR`, `ACTIVE`, `TIMESTAMP`, `MAX_BAL_FLAG`) values ('5003', 'M', 0, 800, 8, 100.00, 'NA', 'NA', NULL, NULL, NULL, NULL, NULL, NULL, NULL, '5003', 'DEDC243D-4E51-CCDE-1326-E1700B2631E1', '1', 'Y', '2012-02-03 12:10:23', 'N');
# testAC4 has leaveCode testLC2, monthly as earn interval
insert into hr_earn_code_t values('5003', 'EC2', 'test', '2012-02-01', 'Y', 'Y', 'B2991ADA-E866-F28C-7E95-A897AC377D0C', '1', now(), 'testAC4', '1.5', '1.5', 'Hours', 'testLP', 'None', '99', 'T', 'N', 'Y', 'Y', 'Y', 'Y', 'test', null, 'N', 'I');
#insert into lm_leave_code_t (`lm_leave_code_id`, `LEAVE_PLAN`, `ELIGIBLE_FOR_ACC`, `ACCRUAL_CAT`, `EARN_CODE`, `LEAVE_CODE`, `DISP_NAME`, `UNIT_OF_TIME`, `FRACT_TIME_ALLOWD`, `ROUND_OPT`, `ALLOW_SCHD_LEAVE`, `FMLA`, `WORKMANS_COMP`, `DEF_TIME`, `EMPLOYEE`, `APPROVER`, `DEPT_ADMIN`, `EFFDT`, `OBJ_ID`, `VER_NBR`, `ACTIVE`, `TIMESTAMP`, `ALLOW_NEGATIVE_ACC_BALANCE`, `AFFECT_PAY`) values ('5003',	'testLP3', 'Y', 'testAC4', 'TC1', 'testLC2', 'testLC2', 'D', 99,	'T', 'Y', 'N', 'N', null, 'Y', 'N', 'N', '2012-02-01', 'B2991ADA-E866-F28C-7E95-A897AC377D0C',	'1', 'Y', '2012-02-02 11:38:04', 'N', 'N');
insert into lm_accrual_category_t (`lm_accrual_category_id`, `ACCRUAL_CATEGORY`, `LEAVE_PLAN`, `DESCR`, `ACCRUAL_INTERVAL_EARN`, `UNIT_OF_TIME`, `EFFDT`, `OBJ_ID`, `VER_NBR`, `PRORATION`, `DONATION`, `SHOW_ON_GRID`, `ACTIVE`, `TIMESTAMP`, `MIN_PERCENT_WORKED`, `EARN_CODE`, `HAS_RULES`) values('5004', 'testAC4', 'testLP3', 'test', 'M', '40', '2012-02-01', '8421CD29-E1F4-4B9A-AE33-F3F4752505CE', '1', null, null, 'Y', 'Y',now(), '0', 'EC2', 'Y');
insert into lm_accrual_category_rules_t (`lm_accrual_category_rules_id`, `SERVICE_UNIT_OF_TIME`, `START_ACC`, `END_ACC`, `ACCRUAL_RATE`, `MAX_BAL`, `MAX_BAL_ACTION_FREQUENCY`, `ACTION_AT_MAX_BAL`, `MAX_BAL_TRANS_ACC_CAT`, `MAX_BAL_TRANS_CONV_FACTOR`, `MAX_TRANS_AMOUNT`, `MAX_PAYOUT_AMOUNT`, `MAX_PAYOUT_EARN_CODE`, `MAX_USAGE`, `MAX_CARRY_OVER`, `LM_ACCRUAL_CATEGORY_ID`, `OBJ_ID`, `VER_NBR`, `ACTIVE`, `TIMESTAMP`, `MAX_BAL_FLAG`) values ('5004', 'M', 0, 900, 24, 500.00, 'NA', 'NA', NULL, NULL, NULL, NULL, NULL, NULL, NULL, '5004', 'DEDC243D-4E51-CCDE-1326-E1700B2631E1', '1', 'Y', '2012-02-03 12:10:23', 'N');
insert into hr_job_t (`hr_job_id`, `PRINCIPAL_ID`, `JOB_NUMBER`, `EFFDT`, `dept`, `HR_SAL_GROUP`, `pay_grade`, `TIMESTAMP`, `OBJ_ID`, `VER_NBR`, `comp_rate`, `location`, `std_hours`, `hr_paytype`, `active`, `primary_indicator`, `position_nbr`, `eligible_for_leave`, `FLSA_STATUS`) values ('5006', 'testUser3', '6', '2012-03-01', 'TEST-DEPT', 'SD1', 'SD1', now(), uuid(), '1', '0.000000', 'SD1', '40.00', 'BW', 'Y',  'Y', 'N', 'Y', null);

# for testRunAccrualForMinimumPercentage
# testUser4 has leavePlan testLP4 which has 2 accrual categories
insert into lm_leave_plan_t (`lm_leave_plan_id`, `LEAVE_PLAN`, `DESCR`, `CAL_YEAR_START`, `EFFDT`, `OBJ_ID`, `VER_NBR`, `ACTIVE`, `TIMESTAMP`, `PLANNING_MONTHS`) values ('8003', 'testLP4', 'Test Leave Plan', '02/01', '2012-02-01', '', '1', 'Y', '2012-02-06 11:59:46', '80');
# testUser4 has a service date of 03/18/2012 and Accrual category with Minimum percentage of 50% so for March 2012, 
# there should not be accrual for testUser4 for testAC5
insert into hr_principal_attributes_t (`hr_principal_attribute_id`, `principal_id`, `pay_calendar`, `leave_plan`, `service_date`, `fmla_eligible`, `workers_eligible`, `timezone`, `EFFDT`, `TIMESTAMP`, `OBJ_ID`, `VER_NBR`, `active`, `leave_calendar`) values('5004', 'testUser4', 'BWS-CAL', 'testLP4', '2012-03-18', 'Y', 'Y', null, '2012-03-18', now(), uuid(), '1', 'Y', 'LM');
# employment ends on 2012-08-08
insert into hr_principal_attributes_t (`hr_principal_attribute_id`, `principal_id`, `pay_calendar`, `leave_plan`, `service_date`, `fmla_eligible`, `workers_eligible`, `timezone`, `EFFDT`, `TIMESTAMP`, `OBJ_ID`, `VER_NBR`, `active`, `leave_calendar`) values('5005', 'testUser4', 'BWS-CAL', 'testLP4', '2012-03-18', 'Y', 'Y', null, '2012-08-08', now(), uuid(), '1', 'N', 'LM');
insert into hr_earn_code_t values('5004', 'EC4', 'test', '2012-02-01', 'Y', 'Y', 'B2991ADA-E866-F28C-7E95-A897AC377D0C', '1', now(), 'testAC5', '1.5', '1.5', 'Hours', 'testLP', 'None', '99', 'T', 'N', 'Y', 'Y', 'Y', 'Y', 'test', null, 'N', 'I');
#insert into lm_leave_code_t (`lm_leave_code_id`, `LEAVE_PLAN`, `ELIGIBLE_FOR_ACC`, `ACCRUAL_CAT`, `EARN_CODE`, `LEAVE_CODE`, `DISP_NAME`, `UNIT_OF_TIME`, `FRACT_TIME_ALLOWD`, `ROUND_OPT`, `ALLOW_SCHD_LEAVE`, `FMLA`, `WORKMANS_COMP`, `DEF_TIME`, `EMPLOYEE`, `APPROVER`, `DEPT_ADMIN`, `EFFDT`, `OBJ_ID`, `VER_NBR`, `ACTIVE`, `TIMESTAMP`, `ALLOW_NEGATIVE_ACC_BALANCE`, `AFFECT_PAY`) values ('5004',	'testLP4', 'Y', 'testAC5', 'TC1', 'testLC4', 'testLC4', 'D', 99,	'T', 'Y', 'N', 'N', null, 'Y', 'N', 'N', '2012-02-01', 'B2991ADA-E866-F28C-7E95-A897AC377D0C',	'1', 'Y', '2012-02-02 11:38:04', 'N', 'N');
insert into lm_accrual_category_t (`lm_accrual_category_id`, `ACCRUAL_CATEGORY`, `LEAVE_PLAN`, `DESCR`, `ACCRUAL_INTERVAL_EARN`, `UNIT_OF_TIME`, `EFFDT`, `OBJ_ID`, `VER_NBR`, `PRORATION`, `DONATION`, `SHOW_ON_GRID`, `ACTIVE`, `TIMESTAMP`, `MIN_PERCENT_WORKED`, `EARN_CODE`, `HAS_RULES`) values('5005', 'testAC5', 'testLP4', 'test', 'M', '40', '2012-02-01', '8421CD29-E1F4-4B9A-AE33-F3F4752505CE', '1', 'Y', null, 'Y', 'Y',now(), '0.5', 'EC4', 'Y');
insert into lm_accrual_category_rules_t (`lm_accrual_category_rules_id`, `SERVICE_UNIT_OF_TIME`, `START_ACC`, `END_ACC`, `ACCRUAL_RATE`, `MAX_BAL`, `MAX_BAL_ACTION_FREQUENCY`, `ACTION_AT_MAX_BAL`, `MAX_BAL_TRANS_ACC_CAT`, `MAX_BAL_TRANS_CONV_FACTOR`, `MAX_TRANS_AMOUNT`, `MAX_PAYOUT_AMOUNT`, `MAX_PAYOUT_EARN_CODE`, `MAX_USAGE`, `MAX_CARRY_OVER`, `LM_ACCRUAL_CATEGORY_ID`, `OBJ_ID`, `VER_NBR`, `ACTIVE`, `TIMESTAMP`, `MAX_BAL_FLAG`) values ('5005', 'M', 0, 800, 8, 100.00, 'NA', 'NA', NULL, NULL, NULL, NULL, NULL, NULL, NULL, '5005', 'DEDC243D-4E51-CCDE-1326-E1700B2631E1', '1', 'Y', '2012-02-03 12:10:23', 'N');

insert into hr_earn_code_t values('5005', 'EC5', 'test', '2012-02-01', 'Y', 'Y', 'B2991ADA-E866-F28C-7E95-A897AC377D0C', '1', now(), 'testAC6', '1.5', '1.5', 'Hours', 'testLP', 'None', '99', 'T', 'N', 'Y', 'Y', 'Y', 'Y', 'test', null, 'N', 'I');
#insert into lm_leave_code_t (`lm_leave_code_id`, `LEAVE_PLAN`, `ELIGIBLE_FOR_ACC`, `ACCRUAL_CAT`, `EARN_CODE`, `LEAVE_CODE`, `DISP_NAME`, `UNIT_OF_TIME`, `FRACT_TIME_ALLOWD`, `ROUND_OPT`, `ALLOW_SCHD_LEAVE`, `FMLA`, `WORKMANS_COMP`, `DEF_TIME`, `EMPLOYEE`, `APPROVER`, `DEPT_ADMIN`, `EFFDT`, `OBJ_ID`, `VER_NBR`, `ACTIVE`, `TIMESTAMP`, `ALLOW_NEGATIVE_ACC_BALANCE`, `AFFECT_PAY`) values ('5005',	'testLP4', 'Y', 'testAC6', 'TC1', 'testLC5', 'testLC5', 'D', 99,	'T', 'Y', 'N', 'N', null, 'Y', 'N', 'N', '2012-02-01', 'B2991ADA-E866-F28C-7E95-A897AC377D0C',	'1', 'Y', '2012-02-02 11:38:04', 'N', 'N');
insert into lm_accrual_category_t (`lm_accrual_category_id`, `ACCRUAL_CATEGORY`, `LEAVE_PLAN`, `DESCR`, `ACCRUAL_INTERVAL_EARN`, `UNIT_OF_TIME`, `EFFDT`, `OBJ_ID`, `VER_NBR`, `PRORATION`, `DONATION`, `SHOW_ON_GRID`, `ACTIVE`, `TIMESTAMP`, `MIN_PERCENT_WORKED`, `EARN_CODE`, `HAS_RULES`) values('5006', 'testAC6', 'testLP4', 'test', 'M', '40', '2012-02-01', '8421CD29-E1F4-4B9A-AE33-F3F4752505CE', '1', null, null, 'Y', 'Y',now(), '0', 'EC5', 'Y');
insert into lm_accrual_category_rules_t (`lm_accrual_category_rules_id`, `SERVICE_UNIT_OF_TIME`, `START_ACC`, `END_ACC`, `ACCRUAL_RATE`, `MAX_BAL`, `MAX_BAL_ACTION_FREQUENCY`, `ACTION_AT_MAX_BAL`, `MAX_BAL_TRANS_ACC_CAT`, `MAX_BAL_TRANS_CONV_FACTOR`, `MAX_TRANS_AMOUNT`, `MAX_PAYOUT_AMOUNT`, `MAX_PAYOUT_EARN_CODE`, `MAX_USAGE`, `MAX_CARRY_OVER`, `LM_ACCRUAL_CATEGORY_ID`, `OBJ_ID`, `VER_NBR`, `ACTIVE`, `TIMESTAMP`, `MAX_BAL_FLAG`) values ('5006', 'M', 0, 800, 16, 100.00, 'NA', 'NA', NULL, NULL, NULL, NULL, NULL, NULL, NULL, '5006', 'DEDC243D-4E51-CCDE-1326-E1700B2631E1', '1', 'Y', '2012-02-03 12:10:23', 'N');

insert into hr_job_t (`hr_job_id`, `PRINCIPAL_ID`, `JOB_NUMBER`, `EFFDT`, `dept`, `HR_SAL_GROUP`, `pay_grade`, `TIMESTAMP`, `OBJ_ID`, `VER_NBR`, `comp_rate`, `location`, `std_hours`, `hr_paytype`, `active`, `primary_indicator`, `position_nbr`, `eligible_for_leave`, `FLSA_STATUS`) values ('5007', 'testUser4', '7', '2012-03-01', 'TEST-DEPT', 'SD1', 'SD1', now(), uuid(), '1', '0.000000', 'SD1', '40.00', 'BW', 'Y',  'Y', 'N', 'Y', null);

# for testMinReachedProrationFalseAndRuleChange
# user testUser5 has 2 rules
insert into lm_leave_plan_t (`lm_leave_plan_id`, `LEAVE_PLAN`, `DESCR`, `CAL_YEAR_START`, `EFFDT`, `OBJ_ID`, `VER_NBR`, `ACTIVE`, `TIMESTAMP`, `PLANNING_MONTHS`) values ('8004', 'testLP5', 'Test Leave Plan', '02/01', '2012-02-01', '', '1', 'Y', '2012-02-06 11:59:46', '80');
insert into hr_principal_attributes_t (`hr_principal_attribute_id`, `principal_id`, `pay_calendar`, `leave_plan`, `service_date`, `fmla_eligible`, `workers_eligible`, `timezone`, `EFFDT`, `TIMESTAMP`, `OBJ_ID`, `VER_NBR`, `active`, `leave_calendar`) values('5006', 'testUser5', 'BWS-CAL', 'testLP5', '2012-03-10', 'Y', 'Y', null, '2012-03-10', now(), uuid(), '1', 'Y', 'LM');
# accrual category testAC7 has proration = fasle and minimum percentage = 0.5
insert into lm_accrual_category_t (`lm_accrual_category_id`, `ACCRUAL_CATEGORY`, `LEAVE_PLAN`, `DESCR`, `ACCRUAL_INTERVAL_EARN`, `UNIT_OF_TIME`, `EFFDT`, `OBJ_ID`, `VER_NBR`, `PRORATION`, `DONATION`, `SHOW_ON_GRID`, `ACTIVE`, `TIMESTAMP`, `MIN_PERCENT_WORKED`, `EARN_CODE`, `HAS_RULES`) values('5007', 'testAC7', 'testLP5', 'test', 'M', '40', '2012-02-01', '8421CD29-E1F4-4B9A-AE33-F3F4752505CE', '1', 'N', null, 'Y', 'Y',now(), '0.5', 'EC', 'Y');
insert into lm_accrual_category_rules_t (`lm_accrual_category_rules_id`, `SERVICE_UNIT_OF_TIME`, `START_ACC`, `END_ACC`, `ACCRUAL_RATE`, `MAX_BAL`, `MAX_BAL_ACTION_FREQUENCY`, `ACTION_AT_MAX_BAL`, `MAX_BAL_TRANS_ACC_CAT`, `MAX_BAL_TRANS_CONV_FACTOR`, `MAX_TRANS_AMOUNT`, `MAX_PAYOUT_AMOUNT`, `MAX_PAYOUT_EARN_CODE`, `MAX_USAGE`, `MAX_CARRY_OVER`, `LM_ACCRUAL_CATEGORY_ID`, `OBJ_ID`, `VER_NBR`, `ACTIVE`, `TIMESTAMP`, `MAX_BAL_FLAG`) values ('5007', 'M', 0, 12, 16, 100.00, 'NA', 'NA', NULL, NULL, NULL, NULL, NULL, NULL, NULL, '5007', 'DEDC243D-4E51-CCDE-1326-E1700B2631E1', '1', 'Y', '2012-02-03 12:10:23', 'N');
insert into lm_accrual_category_rules_t (`lm_accrual_category_rules_id`, `SERVICE_UNIT_OF_TIME`, `START_ACC`, `END_ACC`, `ACCRUAL_RATE`, `MAX_BAL`, `MAX_BAL_ACTION_FREQUENCY`, `ACTION_AT_MAX_BAL`, `MAX_BAL_TRANS_ACC_CAT`, `MAX_BAL_TRANS_CONV_FACTOR`, `MAX_TRANS_AMOUNT`, `MAX_PAYOUT_AMOUNT`, `MAX_PAYOUT_EARN_CODE`, `MAX_USAGE`, `MAX_CARRY_OVER`, `LM_ACCRUAL_CATEGORY_ID`, `OBJ_ID`, `VER_NBR`, `ACTIVE`, `TIMESTAMP`, `MAX_BAL_FLAG`) values ('5008', 'M', 12, 900, 24, 500.00, 'NA', 'NA', NULL, NULL, NULL, NULL, NULL, NULL, NULL, '5007', 'DEDC243D-4E51-CCDE-1326-E1700B2631E1', '1', 'Y', '2012-02-03 12:10:23', 'N');
insert into hr_job_t (`hr_job_id`, `PRINCIPAL_ID`, `JOB_NUMBER`, `EFFDT`, `dept`, `HR_SAL_GROUP`, `pay_grade`, `TIMESTAMP`, `OBJ_ID`, `VER_NBR`, `comp_rate`, `location`, `std_hours`, `hr_paytype`, `active`, `primary_indicator`, `position_nbr`, `eligible_for_leave`, `FLSA_STATUS`) values ('5008', 'testUser5', '8', '2012-03-01', 'TEST-DEPT', 'SD1', 'SD1', now(), uuid(), '1', '0.000000', 'SD1', '40.00', 'BW', 'Y',  'Y', 'N', 'Y', null);

# for testMinNOTReachedProrationFalseAndRuleChange
# user testUser6 has 2 rules
insert into lm_leave_plan_t (`lm_leave_plan_id`, `LEAVE_PLAN`, `DESCR`, `CAL_YEAR_START`, `EFFDT`, `OBJ_ID`, `VER_NBR`, `ACTIVE`, `TIMESTAMP`, `PLANNING_MONTHS`) values ('8005', 'testLP6', 'Test Leave Plan', '02/01', '2012-02-01', '', '1', 'Y', '2012-02-06 11:59:46', '80');
insert into hr_principal_attributes_t (`hr_principal_attribute_id`, `principal_id`, `pay_calendar`, `leave_plan`, `service_date`, `fmla_eligible`, `workers_eligible`, `timezone`, `EFFDT`, `TIMESTAMP`, `OBJ_ID`, `VER_NBR`, `active`, `leave_calendar`) values('5007', 'testUser6', 'BWS-CAL', 'testLP6', '2012-03-25', 'Y', 'Y', null, '2012-03-25', now(), uuid(), '1', 'Y', 'LM');
# accrual category testAC8 has proration = fasle, minimum percentage = 0.5 and earnInterval = semi-monthly
insert into lm_accrual_category_t (`lm_accrual_category_id`, `ACCRUAL_CATEGORY`, `LEAVE_PLAN`, `DESCR`, `ACCRUAL_INTERVAL_EARN`, `UNIT_OF_TIME`, `EFFDT`, `OBJ_ID`, `VER_NBR`, `PRORATION`, `DONATION`, `SHOW_ON_GRID`, `ACTIVE`, `TIMESTAMP`, `MIN_PERCENT_WORKED`, `EARN_CODE`, `HAS_RULES`) values('5008', 'testAC8', 'testLP6', 'test', 'S', '40', '2012-02-01', '8421CD29-E1F4-4B9A-AE33-F3F4752505CE', '1', 'N', null, 'Y', 'Y',now(), '0.5', 'EC', 'Y');
insert into lm_accrual_category_rules_t (`lm_accrual_category_rules_id`, `SERVICE_UNIT_OF_TIME`, `START_ACC`, `END_ACC`, `ACCRUAL_RATE`, `MAX_BAL`, `MAX_BAL_ACTION_FREQUENCY`, `ACTION_AT_MAX_BAL`, `MAX_BAL_TRANS_ACC_CAT`, `MAX_BAL_TRANS_CONV_FACTOR`, `MAX_TRANS_AMOUNT`, `MAX_PAYOUT_AMOUNT`, `MAX_PAYOUT_EARN_CODE`, `MAX_USAGE`, `MAX_CARRY_OVER`, `LM_ACCRUAL_CATEGORY_ID`, `OBJ_ID`, `VER_NBR`, `ACTIVE`, `TIMESTAMP`, `MAX_BAL_FLAG`) values ('5009', 'M', 0, 6, 16, 100.00, 'NA', 'NA', NULL, NULL, NULL, NULL, NULL, NULL, NULL, '5008', 'DEDC243D-4E51-CCDE-1326-E1700B2631E1', '1', 'Y', '2012-02-03 12:10:23', 'N');
insert into lm_accrual_category_rules_t (`lm_accrual_category_rules_id`, `SERVICE_UNIT_OF_TIME`, `START_ACC`, `END_ACC`, `ACCRUAL_RATE`, `MAX_BAL`, `MAX_BAL_ACTION_FREQUENCY`, `ACTION_AT_MAX_BAL`, `MAX_BAL_TRANS_ACC_CAT`, `MAX_BAL_TRANS_CONV_FACTOR`, `MAX_TRANS_AMOUNT`, `MAX_PAYOUT_AMOUNT`, `MAX_PAYOUT_EARN_CODE`, `MAX_USAGE`, `MAX_CARRY_OVER`, `LM_ACCRUAL_CATEGORY_ID`, `OBJ_ID`, `VER_NBR`, `ACTIVE`, `TIMESTAMP`, `MAX_BAL_FLAG`) values ('5010', 'M', 6, 900, 24, 500.00, 'NA', 'NA', NULL, NULL, NULL, NULL, NULL, NULL, NULL, '5008', 'DEDC243D-4E51-CCDE-1326-E1700B2631E1', '1', 'Y', '2012-02-03 12:10:23', 'N');
insert into hr_job_t (`hr_job_id`, `PRINCIPAL_ID`, `JOB_NUMBER`, `EFFDT`, `dept`, `HR_SAL_GROUP`, `pay_grade`, `TIMESTAMP`, `OBJ_ID`, `VER_NBR`, `comp_rate`, `location`, `std_hours`, `hr_paytype`, `active`, `primary_indicator`, `position_nbr`, `eligible_for_leave`, `FLSA_STATUS`) values ('5009', 'testUser6', '9', '2012-03-01', 'TEST-DEPT', 'SD1', 'SD1', now(), uuid(), '1', '0.000000', 'SD1', '40.00', 'BW', 'Y',  'Y', 'N', 'Y', null);

# for testNotEligibleForAccrualAdjustment
# user testUser7
insert into lm_leave_plan_t (`lm_leave_plan_id`, `LEAVE_PLAN`, `DESCR`, `CAL_YEAR_START`, `EFFDT`, `OBJ_ID`, `VER_NBR`, `ACTIVE`, `TIMESTAMP`, `PLANNING_MONTHS`) values ('8006', 'testLP7', 'Test Leave Plan', '02/01', '2012-02-01', '', '1', 'Y', '2012-02-06 11:59:46', '80');
insert into hr_principal_attributes_t (`hr_principal_attribute_id`, `principal_id`, `pay_calendar`, `leave_plan`, `service_date`, `fmla_eligible`, `workers_eligible`, `timezone`, `EFFDT`, `TIMESTAMP`, `OBJ_ID`, `VER_NBR`, `active`, `leave_calendar`) values('5008', 'testUser7', 'BWS-CAL', 'testLP7', '2012-03-10', 'Y', 'Y', null, '2012-03-10', now(), uuid(), '1', 'Y', 'LM');

insert into lm_accrual_category_t (`lm_accrual_category_id`, `ACCRUAL_CATEGORY`, `LEAVE_PLAN`, `DESCR`, `ACCRUAL_INTERVAL_EARN`, `UNIT_OF_TIME`, `EFFDT`, `OBJ_ID`, `VER_NBR`, `PRORATION`, `DONATION`, `SHOW_ON_GRID`, `ACTIVE`, `TIMESTAMP`, `MIN_PERCENT_WORKED`, `EARN_CODE`, `HAS_RULES`) values('5009', 'testAC9', 'testLP7', 'test', 'M', '40', '2012-02-01', '8421CD29-E1F4-4B9A-AE33-F3F4752505CE', '1', 'Y', null, 'Y', 'Y',now(), '0', 'EC', 'Y');
insert into lm_accrual_category_rules_t (`lm_accrual_category_rules_id`, `SERVICE_UNIT_OF_TIME`, `START_ACC`, `END_ACC`, `ACCRUAL_RATE`, `MAX_BAL`, `MAX_BAL_ACTION_FREQUENCY`, `ACTION_AT_MAX_BAL`, `MAX_BAL_TRANS_ACC_CAT`, `MAX_BAL_TRANS_CONV_FACTOR`, `MAX_TRANS_AMOUNT`, `MAX_PAYOUT_AMOUNT`, `MAX_PAYOUT_EARN_CODE`, `MAX_USAGE`, `MAX_CARRY_OVER`, `LM_ACCRUAL_CATEGORY_ID`, `OBJ_ID`, `VER_NBR`, `ACTIVE`, `TIMESTAMP`, `MAX_BAL_FLAG`) values ('5011', 'M', 0, 300, 32, 100.00, 'NA', 'NA', NULL, NULL, NULL, NULL, NULL, NULL, NULL, '5009', 'DEDC243D-4E51-CCDE-1326-E1700B2631E1', '1', 'Y', '2012-02-03 12:10:23', 'N');
insert into hr_job_t (`hr_job_id`, `PRINCIPAL_ID`, `JOB_NUMBER`, `EFFDT`, `dept`, `HR_SAL_GROUP`, `pay_grade`, `TIMESTAMP`, `OBJ_ID`, `VER_NBR`, `comp_rate`, `location`, `std_hours`, `hr_paytype`, `active`, `primary_indicator`, `position_nbr`, `eligible_for_leave`, `FLSA_STATUS`) values ('5010', 'testUser7', '10', '2012-03-01', 'TEST-DEPT', 'SD1', 'SD1', now(), uuid(), '1', '0.000000', 'SD1', '30.00', 'BW', 'Y',  'Y', 'N', 'Y', null);
insert into hr_job_t (`hr_job_id`, `PRINCIPAL_ID`, `JOB_NUMBER`, `EFFDT`, `dept`, `HR_SAL_GROUP`, `pay_grade`, `TIMESTAMP`, `OBJ_ID`, `VER_NBR`, `comp_rate`, `location`, `std_hours`, `hr_paytype`, `active`, `primary_indicator`, `position_nbr`, `eligible_for_leave`, `FLSA_STATUS`) values ('5011', 'testUser7', '11', '2012-03-01', 'TEST-DEPT', 'SD1', 'SD1', now(), uuid(), '1', '0.000000', 'SD1', '10.00', 'BW', 'Y',  'Y', 'N', 'Y', null);

# earn code EC6 is NOT eligible for accrual
insert into hr_earn_code_t values('5006', 'EC6', 'test', '2012-02-01', 'Y', 'Y', 'B2991ADA-E866-F28C-7E95-A897AC377D0C', '1', now(), 'testAC9', '1.5', '1.5', 'Hours', 'testLP', 'None', '99', 'T', 'N', 'N', 'N', 'Y', 'Y', 'test', null, 'N', 'I');
# 3 manually entered leave blocks that are NOT eligible for accrual
insert into lm_leave_block_t (`lm_leave_block_id`, `leave_date`,`description`,  `principal_id` , `earn_code` ,`lm_sys_schd_timeoff_id` ,`accrual_category` ,`leave_amount`, `apply_to_ytd_used`, `document_id`, `accrual_generated`, `block_id`,`ver_nbr`, `obj_id`, `timestamp`,`principal_id_modified`, `tk_assignment_id`, `request_status`, `leave_block_type`) values('5000', '2012-04-26', 'Send for Approval', 'testUser7', 'EC6', NULL, 'testAC9', '2', null, null, 'N', '0','1','B2991ADA-E866-F28C-7E95-A897AC377D0C', now(), 'admin',  null, 'P', 'AS');
insert into lm_leave_block_t (`lm_leave_block_id`, `leave_date`,`description`,  `principal_id` , `earn_code` ,`lm_sys_schd_timeoff_id` ,`accrual_category` ,`leave_amount`, `apply_to_ytd_used`, `document_id`, `accrual_generated`, `block_id`,`ver_nbr`, `obj_id`, `timestamp`,`principal_id_modified`, `tk_assignment_id`, `request_status`, `leave_block_type` ) values('5001', '2012-05-08', 'Send for Approval', 'testUser7', 'EC6', NULL, 'testAC9', '-5', null, null, 'N', '0','1','B2991ADA-E866-F28C-7E95-A897AC377D0C', now(), 'admin',  null, 'P', 'AS');
insert into lm_leave_block_t (`lm_leave_block_id`, `leave_date`,`description`,  `principal_id` , `earn_code` ,`lm_sys_schd_timeoff_id` ,`accrual_category` ,`leave_amount`, `apply_to_ytd_used`, `document_id`, `accrual_generated`, `block_id`,`ver_nbr`, `obj_id`, `timestamp`,`principal_id_modified`, `tk_assignment_id`, `request_status`, `leave_block_type` ) values('5002', '2012-06-12', 'Send for Approval', 'testUser7', 'EC6', NULL, 'testAC9', '-15', null, null, 'N', '0','1','B2991ADA-E866-F28C-7E95-A897AC377D0C', now(), 'admin',  null, 'P', 'AS');
# one manually entered leave block that is eligible for accrual
insert into lm_leave_block_t (`lm_leave_block_id`, `leave_date`,`description`,  `principal_id` , `earn_code` ,`lm_sys_schd_timeoff_id` ,`accrual_category` ,`leave_amount`, `apply_to_ytd_used`, `document_id`, `accrual_generated`, `block_id`,`ver_nbr`, `obj_id`, `timestamp`,`principal_id_modified`, `tk_assignment_id`, `request_status`, `leave_block_type` ) values('5003', '2012-05-22', 'Send for Approval', 'testUser7', 'EC', NULL, 'testAC9', '8', null, null, 'N', '0','1','B2991ADA-E866-F28C-7E95-A897AC377D0C', now(), 'admin',  null, 'P', 'AS');

# for testAccrualCategoryChanges
insert into lm_leave_plan_t (`lm_leave_plan_id`, `LEAVE_PLAN`, `DESCR`, `CAL_YEAR_START`, `EFFDT`, `OBJ_ID`, `VER_NBR`, `ACTIVE`, `TIMESTAMP`, `PLANNING_MONTHS`) values ('8007', 'testLP8', 'Test Leave Plan', '02/01', '2012-03-01', '', '1', 'Y', '2012-02-06 11:59:46', '80');
insert into lm_leave_plan_t (`lm_leave_plan_id`, `LEAVE_PLAN`, `DESCR`, `CAL_YEAR_START`, `EFFDT`, `OBJ_ID`, `VER_NBR`, `ACTIVE`, `TIMESTAMP`, `PLANNING_MONTHS`) values ('8008', 'testLP8', 'Test Leave Plan', '02/01', '2012-04-01', '', '1', 'N', '2012-03-06 11:59:46', '80');
insert into lm_leave_plan_t (`lm_leave_plan_id`, `LEAVE_PLAN`, `DESCR`, `CAL_YEAR_START`, `EFFDT`, `OBJ_ID`, `VER_NBR`, `ACTIVE`, `TIMESTAMP`, `PLANNING_MONTHS`) values ('8009', 'testLP8', 'Test Leave Plan', '02/01', '2012-04-01', '', '1', 'Y', '2012-03-26 11:59:46', '80');
insert into hr_principal_attributes_t (`hr_principal_attribute_id`, `principal_id`, `pay_calendar`, `leave_plan`, `service_date`, `fmla_eligible`, `workers_eligible`, `timezone`, `EFFDT`, `TIMESTAMP`, `OBJ_ID`, `VER_NBR`, `active`, `leave_calendar`) values ('5009', 'testUser8', 'BWS-CAL', 'testLP8', '2012-03-10', 'Y', 'Y', null, '2012-03-10', now(), uuid(), '1', 'Y', 'LM');

# 3 accrual category entries, two active, one inactive
insert into lm_accrual_category_t (`lm_accrual_category_id`, `ACCRUAL_CATEGORY`, `LEAVE_PLAN`, `DESCR`, `ACCRUAL_INTERVAL_EARN`, `UNIT_OF_TIME`, `EFFDT`, `OBJ_ID`, `VER_NBR`, `PRORATION`, `DONATION`, `SHOW_ON_GRID`, `ACTIVE`, `TIMESTAMP`, `MIN_PERCENT_WORKED`, `EARN_CODE`, `HAS_RULES`) values ('5010', 'testAC10', 'testLP8', 'test', 'M', '40', '2012-03-01', '8421CD29-E1F4-4B9A-AE33-F3F4752505CE', '1', 'Y', null, 'Y', 'Y', '2012-02-03 12:10:23', '0', 'EC', 'Y');
insert into lm_accrual_category_t (`lm_accrual_category_id`, `ACCRUAL_CATEGORY`, `LEAVE_PLAN`, `DESCR`, `ACCRUAL_INTERVAL_EARN`, `UNIT_OF_TIME`, `EFFDT`, `OBJ_ID`, `VER_NBR`, `PRORATION`, `DONATION`, `SHOW_ON_GRID`, `ACTIVE`, `TIMESTAMP`, `MIN_PERCENT_WORKED`, `EARN_CODE`, `HAS_RULES`) values ('5011', 'testAC10', 'testLP8', 'test', 'M', '40', '2012-05-01', '8421CD29-E1F4-4B9A-AE33-F3F4752505CE', '2', 'Y', null, 'Y', 'N','2012-03-03 12:10:23', '0', 'EC', 'Y');
insert into lm_accrual_category_rules_t (`lm_accrual_category_rules_id`, `SERVICE_UNIT_OF_TIME`, `START_ACC`, `END_ACC`, `ACCRUAL_RATE`, `MAX_BAL`, `MAX_BAL_ACTION_FREQUENCY`, `ACTION_AT_MAX_BAL`, `MAX_BAL_TRANS_ACC_CAT`, `MAX_BAL_TRANS_CONV_FACTOR`, `MAX_TRANS_AMOUNT`, `MAX_PAYOUT_AMOUNT`, `MAX_PAYOUT_EARN_CODE`, `MAX_USAGE`, `MAX_CARRY_OVER`, `LM_ACCRUAL_CATEGORY_ID`, `OBJ_ID`, `VER_NBR`, `ACTIVE`, `TIMESTAMP`, `MAX_BAL_FLAG`) values ('5012', 'M', 0, 300, 16, 100.00, 'NA', 'NA', NULL, NULL, NULL, NULL, NULL, NULL, NULL, '5010', 'DEDC243D-4E51-CCDE-1326-E1700B2631E1', '1', 'Y', '2012-02-03 12:10:23', 'N');
insert into lm_accrual_category_t (`lm_accrual_category_id`, `ACCRUAL_CATEGORY`, `LEAVE_PLAN`, `DESCR`, `ACCRUAL_INTERVAL_EARN`, `UNIT_OF_TIME`, `EFFDT`, `OBJ_ID`, `VER_NBR`, `PRORATION`, `DONATION`, `SHOW_ON_GRID`, `ACTIVE`, `TIMESTAMP`, `MIN_PERCENT_WORKED`, `EARN_CODE`, `HAS_RULES`) values ('5012', 'testAC10', 'testLP8', 'test', 'M', '40', '2012-05-01', '8421CD29-E1F4-4B9A-AE33-F3F4752505CE', '2', 'Y', null, 'Y', 'Y','2012-03-04 12:10:23', '0', 'EC', 'Y');

insert into lm_accrual_category_rules_t (`lm_accrual_category_rules_id`, `SERVICE_UNIT_OF_TIME`, `START_ACC`, `END_ACC`, `ACCRUAL_RATE`, `MAX_BAL`, `MAX_BAL_ACTION_FREQUENCY`, `ACTION_AT_MAX_BAL`, `MAX_BAL_TRANS_ACC_CAT`, `MAX_BAL_TRANS_CONV_FACTOR`, `MAX_TRANS_AMOUNT`, `MAX_PAYOUT_AMOUNT`, `MAX_PAYOUT_EARN_CODE`, `MAX_USAGE`, `MAX_CARRY_OVER`, `LM_ACCRUAL_CATEGORY_ID`, `OBJ_ID`, `VER_NBR`, `ACTIVE`, `TIMESTAMP`, `MAX_BAL_FLAG`) values ('5013', 'M', 0, 300, 32, 100.00, 'NA', 'NA', NULL, NULL, NULL, NULL, NULL, NULL, NULL, '5012', 'DEDC243D-4E51-CCDE-1326-E1700B2631E1', '1', 'Y', '2012-02-03 12:10:23', 'N');
# accrual category with the accrual_interval_earn = N
insert into lm_accrual_category_t (`lm_accrual_category_id`, `ACCRUAL_CATEGORY`, `LEAVE_PLAN`, `DESCR`, `ACCRUAL_INTERVAL_EARN`, `UNIT_OF_TIME`, `EFFDT`, `OBJ_ID`, `VER_NBR`, `PRORATION`, `DONATION`, `SHOW_ON_GRID`, `ACTIVE`, `TIMESTAMP`, `MIN_PERCENT_WORKED`, `EARN_CODE`, `HAS_RULES`) values ('5013', 'testAC11', 'testLP8', 'test', 'N', '40', '2012-05-01', '8421CD29-E1F4-4B9A-AE33-F3F4752505CE', '2', 'Y', null, 'Y', 'Y',now(), '0', 'EC', 'Y');

insert into hr_job_t (`hr_job_id`, `PRINCIPAL_ID`, `JOB_NUMBER`, `EFFDT`, `dept`, `HR_SAL_GROUP`, `pay_grade`, `TIMESTAMP`, `OBJ_ID`, `VER_NBR`, `comp_rate`, `location`, `std_hours`, `hr_paytype`, `active`, `primary_indicator`, `position_nbr`, `eligible_for_leave`, `FLSA_STATUS`) values ('5012', 'testUser8', '12', '2012-03-01', 'TEST-DEPT', 'SD1', 'SD1', now(), uuid(), '1', '0.000000', 'SD1', '40.00', 'BW', 'Y',  'Y', 'N', 'Y', null);

-- testMinReachedProrationTrueFirstLastPeriod
-- testUser9 has leavePlan testLP9 which has 1 accrual categories
insert into lm_leave_plan_t (`lm_leave_plan_id`, `LEAVE_PLAN`, `DESCR`, `CAL_YEAR_START`, `EFFDT`, `OBJ_ID`, `VER_NBR`, `ACTIVE`, `TIMESTAMP`, `PLANNING_MONTHS`) values ('8010', 'testLP9', 'Test Leave Plan', '02/01', '2012-02-01', '', '1', 'Y', '2012-02-06 11:59:46', '80');
-- testUser9 has a service date of 03/10/2012 and Accrual category with Minimum percentage of 50%
-- employment ends on 2012-08-20
insert into hr_principal_attributes_t (`hr_principal_attribute_id`, `principal_id`, `pay_calendar`, `leave_plan`, `service_date`, `fmla_eligible`, `workers_eligible`, `timezone`, `EFFDT`, `TIMESTAMP`, `OBJ_ID`, `VER_NBR`, `active`, `leave_calendar`) values('5010', 'testUser9', 'BWS-CAL', 'testLP9', '2012-03-10', 'Y', 'Y', null, '2012-03-10', now(), uuid(), '1', 'Y', 'LM');
insert into hr_principal_attributes_t (`hr_principal_attribute_id`, `principal_id`, `pay_calendar`, `leave_plan`, `service_date`, `fmla_eligible`, `workers_eligible`, `timezone`, `EFFDT`, `TIMESTAMP`, `OBJ_ID`, `VER_NBR`, `active`, `leave_calendar`) values('5011', 'testUser9', 'BWS-CAL', 'testLP9', '2012-03-10', 'Y', 'Y', null, '2012-08-20', now(), uuid(), '1', 'N', 'LM');
insert into hr_earn_code_t values('5007', 'EC7', 'test', '2012-02-01', 'Y', 'Y', 'B2991ADA-E866-F28C-7E95-A897AC377D0C', '1', now(), 'testAC12', '1.5', '1.5', 'Hours', 'testLP9', 'None', '99', 'T', 'N', 'Y', 'Y', 'Y', 'Y', 'test', null, 'N', 'I');
-- Proration is true
insert into lm_accrual_category_t (`lm_accrual_category_id`, `ACCRUAL_CATEGORY`, `LEAVE_PLAN`, `DESCR`, `ACCRUAL_INTERVAL_EARN`, `UNIT_OF_TIME`, `EFFDT`, `OBJ_ID`, `VER_NBR`, `PRORATION`, `DONATION`, `SHOW_ON_GRID`, `ACTIVE`, `TIMESTAMP`, `MIN_PERCENT_WORKED`, `EARN_CODE`, `HAS_RULES`) values('5014', 'testAC12', 'testLP9', 'test', 'M', '40', '2012-02-01', '8421CD29-E1F4-4B9A-AE33-F3F4752505CE', '1', 'Y', null, 'Y', 'Y',now(), '0.5', 'EC7', 'Y');
insert into lm_accrual_category_rules_t (`lm_accrual_category_rules_id`, `SERVICE_UNIT_OF_TIME`, `START_ACC`, `END_ACC`, `ACCRUAL_RATE`, `MAX_BAL`, `MAX_BAL_ACTION_FREQUENCY`, `ACTION_AT_MAX_BAL`, `MAX_BAL_TRANS_ACC_CAT`, `MAX_BAL_TRANS_CONV_FACTOR`, `MAX_TRANS_AMOUNT`, `MAX_PAYOUT_AMOUNT`, `MAX_PAYOUT_EARN_CODE`, `MAX_USAGE`, `MAX_CARRY_OVER`, `LM_ACCRUAL_CATEGORY_ID`, `OBJ_ID`, `VER_NBR`, `ACTIVE`, `TIMESTAMP`, `MAX_BAL_FLAG`) values ('5014', 'M', 0, 800, 8, 100.00, 'NA', 'NA', NULL, NULL, NULL, NULL, NULL, NULL, NULL, '5014', 'DEDC243D-4E51-CCDE-1326-E1700B2631E1', '1', 'Y', '2012-02-03 12:10:23', 'N');
insert into hr_job_t (`hr_job_id`, `PRINCIPAL_ID`, `JOB_NUMBER`, `EFFDT`, `dept`, `HR_SAL_GROUP`, `pay_grade`, `TIMESTAMP`, `OBJ_ID`, `VER_NBR`, `comp_rate`, `location`, `std_hours`, `hr_paytype`, `active`, `primary_indicator`, `position_nbr`, `eligible_for_leave`, `FLSA_STATUS`) values ('5013', 'testUser9', '13', '2012-01-01', 'TEST-DEPT', 'SD1', 'SD1', now(), uuid(), '1', '0.000000', 'SD1', '40.00', 'BW', 'Y',  'Y', 'N', 'Y', null);

-- testMinReachedProrationFalseFirstLastPeriod
-- testUser10 has leavePlan testLP10 which has 1 accrual categories
insert into lm_leave_plan_t (`lm_leave_plan_id`, `LEAVE_PLAN`, `DESCR`, `CAL_YEAR_START`, `EFFDT`, `OBJ_ID`, `VER_NBR`, `ACTIVE`, `TIMESTAMP`, `PLANNING_MONTHS`) values ('8011', 'testLP10', 'Test Leave Plan', '02/01', '2012-02-01', '', '1', 'Y', '2012-02-06 11:59:46', '80');
-- testUser10 has a service date of 03/10/2012 and Accrual category with Minimum percentage of 50%
-- employment ends on 2012-08-20
insert into hr_principal_attributes_t (`hr_principal_attribute_id`, `principal_id`, `pay_calendar`, `leave_plan`, `service_date`, `fmla_eligible`, `workers_eligible`, `timezone`, `EFFDT`, `TIMESTAMP`, `OBJ_ID`, `VER_NBR`, `active`, `leave_calendar`) values('5012', 'testUser10', 'BWS-CAL', 'testLP10', '2012-03-10', 'Y', 'Y', null, '2012-03-10', now(), uuid(), '1', 'Y', 'LM');
insert into hr_principal_attributes_t (`hr_principal_attribute_id`, `principal_id`, `pay_calendar`, `leave_plan`, `service_date`, `fmla_eligible`, `workers_eligible`, `timezone`, `EFFDT`, `TIMESTAMP`, `OBJ_ID`, `VER_NBR`, `active`, `leave_calendar`) values('5013', 'testUser10', 'BWS-CAL', 'testLP10', '2012-03-10', 'Y', 'Y', null, '2012-08-20', now(), uuid(), '1', 'N', 'LM');
insert into hr_earn_code_t values('5008', 'EC8', 'test', '2012-02-01', 'Y', 'Y', 'B2991ADA-E866-F28C-7E95-A897AC377D0C', '1', now(), 'testAC13', '1.5', '1.5', 'Hours', 'testLP10', 'None', '99', 'T', 'N', 'Y', 'Y', 'Y', 'Y', 'test', null, 'N', 'I');
-- Proration is false
insert into lm_accrual_category_t (`lm_accrual_category_id`, `ACCRUAL_CATEGORY`, `LEAVE_PLAN`, `DESCR`, `ACCRUAL_INTERVAL_EARN`, `UNIT_OF_TIME`, `EFFDT`, `OBJ_ID`, `VER_NBR`, `PRORATION`, `DONATION`, `SHOW_ON_GRID`, `ACTIVE`, `TIMESTAMP`, `MIN_PERCENT_WORKED`, `EARN_CODE`, `HAS_RULES`) values('5015', 'testAC13', 'testLP10', 'test', 'M', '40', '2012-02-01', '8421CD29-E1F4-4B9A-AE33-F3F4752505CE', '1', 'N', null, 'Y', 'Y',now(), '0.5', 'EC8', 'Y');
insert into lm_accrual_category_rules_t (`lm_accrual_category_rules_id`, `SERVICE_UNIT_OF_TIME`, `START_ACC`, `END_ACC`, `ACCRUAL_RATE`, `MAX_BAL`, `MAX_BAL_ACTION_FREQUENCY`, `ACTION_AT_MAX_BAL`, `MAX_BAL_TRANS_ACC_CAT`, `MAX_BAL_TRANS_CONV_FACTOR`, `MAX_TRANS_AMOUNT`, `MAX_PAYOUT_AMOUNT`, `MAX_PAYOUT_EARN_CODE`, `MAX_USAGE`, `MAX_CARRY_OVER`, `LM_ACCRUAL_CATEGORY_ID`, `OBJ_ID`, `VER_NBR`, `ACTIVE`, `TIMESTAMP`, `MAX_BAL_FLAG`) values ('5015', 'M', 0, 800, 8, 100.00, 'NA', 'NA', NULL, NULL, NULL, NULL, NULL, NULL, NULL, '5015', 'DEDC243D-4E51-CCDE-1326-E1700B2631E1', '1', 'Y', '2012-02-03 12:10:23', 'N');
insert into hr_job_t (`hr_job_id`, `PRINCIPAL_ID`, `JOB_NUMBER`, `EFFDT`, `dept`, `HR_SAL_GROUP`, `pay_grade`, `TIMESTAMP`, `OBJ_ID`, `VER_NBR`, `comp_rate`, `location`, `std_hours`, `hr_paytype`, `active`, `primary_indicator`, `position_nbr`, `eligible_for_leave`, `FLSA_STATUS`) values ('5014', 'testUser10', '14', '2012-01-01', 'TEST-DEPT', 'SD1', 'SD1', now(), uuid(), '1', '0.000000', 'SD1', '40.00', 'BW', 'Y',  'Y', 'N', 'Y', null);

-- testMinNotReachedProrationFalseFirstLastPeriod
-- testUser11 has leavePlan testLP11 which has 1 accrual categories
insert into lm_leave_plan_t (`lm_leave_plan_id`, `LEAVE_PLAN`, `DESCR`, `CAL_YEAR_START`, `EFFDT`, `OBJ_ID`, `VER_NBR`, `ACTIVE`, `TIMESTAMP`, `PLANNING_MONTHS`) values ('8012', 'testLP11', 'Test Leave Plan', '02/01', '2012-02-01', '', '1', 'Y', '2012-02-06 11:59:46', '80');
-- testUser11 has a service date of 03/20/2012 and Accrual category with Minimum percentage of 50%
-- employment ends on 2012-08-10
insert into hr_principal_attributes_t (`hr_principal_attribute_id`, `principal_id`, `pay_calendar`, `leave_plan`, `service_date`, `fmla_eligible`, `workers_eligible`, `timezone`, `EFFDT`, `TIMESTAMP`, `OBJ_ID`, `VER_NBR`, `active`, `leave_calendar`) values('5014', 'testUser11', 'BWS-CAL', 'testLP11', '2012-03-20', 'Y', 'Y', null, '2012-03-20', now(), uuid(), '1', 'Y', 'LM');
insert into hr_principal_attributes_t (`hr_principal_attribute_id`, `principal_id`, `pay_calendar`, `leave_plan`, `service_date`, `fmla_eligible`, `workers_eligible`, `timezone`, `EFFDT`, `TIMESTAMP`, `OBJ_ID`, `VER_NBR`, `active`, `leave_calendar`) values('5015', 'testUser11', 'BWS-CAL', 'testLP11', '2012-03-20', 'Y', 'Y', null, '2012-08-10', now(), uuid(), '1', 'N', 'LM');
insert into hr_earn_code_t values('5009', 'EC9', 'test', '2012-02-01', 'Y', 'Y', 'B2991ADA-E866-F28C-7E95-A897AC377D0C', '1', now(), 'testAC14', '1.5', '1.5', 'Hours', 'testLP11', 'None', '99', 'T', 'N', 'Y', 'Y', 'Y', 'Y', 'test', null, 'N', 'I');
-- Proration is false
insert into lm_accrual_category_t (`lm_accrual_category_id`, `ACCRUAL_CATEGORY`, `LEAVE_PLAN`, `DESCR`, `ACCRUAL_INTERVAL_EARN`, `UNIT_OF_TIME`, `EFFDT`, `OBJ_ID`, `VER_NBR`, `PRORATION`, `DONATION`, `SHOW_ON_GRID`, `ACTIVE`, `TIMESTAMP`, `MIN_PERCENT_WORKED`, `EARN_CODE`, `HAS_RULES`) values('5016', 'testAC14', 'testLP11', 'test', 'M', '40', '2012-02-01', '8421CD29-E1F4-4B9A-AE33-F3F4752505CE', '1', 'N', null, 'Y', 'Y',now(), '0.5', 'EC9', 'Y');
insert into lm_accrual_category_rules_t (`lm_accrual_category_rules_id`, `SERVICE_UNIT_OF_TIME`, `START_ACC`, `END_ACC`, `ACCRUAL_RATE`, `MAX_BAL`, `MAX_BAL_ACTION_FREQUENCY`, `ACTION_AT_MAX_BAL`, `MAX_BAL_TRANS_ACC_CAT`, `MAX_BAL_TRANS_CONV_FACTOR`, `MAX_TRANS_AMOUNT`, `MAX_PAYOUT_AMOUNT`, `MAX_PAYOUT_EARN_CODE`, `MAX_USAGE`, `MAX_CARRY_OVER`, `LM_ACCRUAL_CATEGORY_ID`, `OBJ_ID`, `VER_NBR`, `ACTIVE`, `TIMESTAMP`, `MAX_BAL_FLAG`) values ('5016', 'M', 0, 800, 8, 100.00, 'NA', 'NA', NULL, NULL, NULL, NULL, NULL, NULL, NULL, '5016', 'DEDC243D-4E51-CCDE-1326-E1700B2631E1', '1', 'Y', '2012-02-03 12:10:23', 'N');
insert into hr_job_t (`hr_job_id`, `PRINCIPAL_ID`, `JOB_NUMBER`, `EFFDT`, `dept`, `HR_SAL_GROUP`, `pay_grade`, `TIMESTAMP`, `OBJ_ID`, `VER_NBR`, `comp_rate`, `location`, `std_hours`, `hr_paytype`, `active`, `primary_indicator`, `position_nbr`, `eligible_for_leave`, `FLSA_STATUS`) values ('5015', 'testUser11', '15', '2012-01-01', 'TEST-DEPT', 'SD1', 'SD1', now(), uuid(), '1', '0.000000', 'SD1', '40.00', 'BW', 'Y',  'Y', 'N', 'Y', null);

-- testMinNotReachedProrationFalseAndRuleChange
-- user testUser12 has 2 rules
insert into lm_leave_plan_t (`lm_leave_plan_id`, `LEAVE_PLAN`, `DESCR`, `CAL_YEAR_START`, `EFFDT`, `OBJ_ID`, `VER_NBR`, `ACTIVE`, `TIMESTAMP`, `PLANNING_MONTHS`) values ('80013', 'testLP12', 'Test Leave Plan', '02/01', '2012-02-01', '', '1', 'Y', '2012-02-06 11:59:46', '80');
insert into hr_principal_attributes_t (`hr_principal_attribute_id`, `principal_id`, `pay_calendar`, `leave_plan`, `service_date`, `fmla_eligible`, `workers_eligible`, `timezone`, `EFFDT`, `TIMESTAMP`, `OBJ_ID`, `VER_NBR`, `active`, `leave_calendar`) values('5016', 'testUser12', 'BWS-CAL', 'testLP12', '2012-03-20', 'Y', 'Y', null, '2012-03-10', now(), uuid(), '1', 'Y', 'LM');
-- accrual category testAC15 has proration = fasle and minimum percentage = 0.5
insert into lm_accrual_category_t (`lm_accrual_category_id`, `ACCRUAL_CATEGORY`, `LEAVE_PLAN`, `DESCR`, `ACCRUAL_INTERVAL_EARN`, `UNIT_OF_TIME`, `EFFDT`, `OBJ_ID`, `VER_NBR`, `PRORATION`, `DONATION`, `SHOW_ON_GRID`, `ACTIVE`, `TIMESTAMP`, `MIN_PERCENT_WORKED`, `EARN_CODE`, `HAS_RULES`) values('5017', 'testAC15', 'testLP12', 'test', 'M', '40', '2012-02-01', '8421CD29-E1F4-4B9A-AE33-F3F4752505CE', '1', 'N', null, 'Y', 'Y',now(), '0.5', 'EC', 'Y');
insert into lm_accrual_category_rules_t (`lm_accrual_category_rules_id`, `SERVICE_UNIT_OF_TIME`, `START_ACC`, `END_ACC`, `ACCRUAL_RATE`, `MAX_BAL`, `MAX_BAL_ACTION_FREQUENCY`, `ACTION_AT_MAX_BAL`, `MAX_BAL_TRANS_ACC_CAT`, `MAX_BAL_TRANS_CONV_FACTOR`, `MAX_TRANS_AMOUNT`, `MAX_PAYOUT_AMOUNT`, `MAX_PAYOUT_EARN_CODE`, `MAX_USAGE`, `MAX_CARRY_OVER`, `LM_ACCRUAL_CATEGORY_ID`, `OBJ_ID`, `VER_NBR`, `ACTIVE`, `TIMESTAMP`, `MAX_BAL_FLAG`) values ('5017', 'M', 0, 6, 16, 100.00, 'NA', 'NA', NULL, NULL, NULL, NULL, NULL, NULL, NULL, '5017', 'DEDC243D-4E51-CCDE-1326-E1700B2631E1', '1', 'Y', '2012-02-03 12:10:23', 'N');
insert into lm_accrual_category_rules_t (`lm_accrual_category_rules_id`, `SERVICE_UNIT_OF_TIME`, `START_ACC`, `END_ACC`, `ACCRUAL_RATE`, `MAX_BAL`, `MAX_BAL_ACTION_FREQUENCY`, `ACTION_AT_MAX_BAL`, `MAX_BAL_TRANS_ACC_CAT`, `MAX_BAL_TRANS_CONV_FACTOR`, `MAX_TRANS_AMOUNT`, `MAX_PAYOUT_AMOUNT`, `MAX_PAYOUT_EARN_CODE`, `MAX_USAGE`, `MAX_CARRY_OVER`, `LM_ACCRUAL_CATEGORY_ID`, `OBJ_ID`, `VER_NBR`, `ACTIVE`, `TIMESTAMP`, `MAX_BAL_FLAG`) values ('5018', 'M', 6, 900, 24, 500.00, 'NA', 'NA', NULL, NULL, NULL, NULL, NULL, NULL, NULL, '5017', 'DEDC243D-4E51-CCDE-1326-E1700B2631E1', '1', 'Y', '2012-02-03 12:10:23', 'N');
insert into hr_job_t (`hr_job_id`, `PRINCIPAL_ID`, `JOB_NUMBER`, `EFFDT`, `dept`, `HR_SAL_GROUP`, `pay_grade`, `TIMESTAMP`, `OBJ_ID`, `VER_NBR`, `comp_rate`, `location`, `std_hours`, `hr_paytype`, `active`, `primary_indicator`, `position_nbr`, `eligible_for_leave`, `FLSA_STATUS`) values ('5016', 'testUser12', '16', '2012-03-01', 'TEST-DEPT', 'SD1', 'SD1', now(), uuid(), '1', '0.000000', 'SD1', '40.00', 'BW', 'Y',  'Y', 'N', 'Y', null);

-- testMinReachedProrationTrueAndRuleChange
-- user testUser13 has 2 rules
insert into lm_leave_plan_t (`lm_leave_plan_id`, `LEAVE_PLAN`, `DESCR`, `CAL_YEAR_START`, `EFFDT`, `OBJ_ID`, `VER_NBR`, `ACTIVE`, `TIMESTAMP`, `PLANNING_MONTHS`) values ('80014', 'testLP13', 'Test Leave Plan', '02/01', '2012-02-01', '', '1', 'Y', '2012-02-06 11:59:46', '80');
insert into hr_principal_attributes_t (`hr_principal_attribute_id`, `principal_id`, `pay_calendar`, `leave_plan`, `service_date`, `fmla_eligible`, `workers_eligible`, `timezone`, `EFFDT`, `TIMESTAMP`, `OBJ_ID`, `VER_NBR`, `active`, `leave_calendar`) values('5017', 'testUser13', 'BWS-CAL', 'testLP13', '2012-03-10', 'Y', 'Y', null, '2012-03-10', now(), uuid(), '1', 'Y', 'LM');
-- accrual category testAC16 has proration = true and minimum percentage = 0.5
insert into lm_accrual_category_t (`lm_accrual_category_id`, `ACCRUAL_CATEGORY`, `LEAVE_PLAN`, `DESCR`, `ACCRUAL_INTERVAL_EARN`, `UNIT_OF_TIME`, `EFFDT`, `OBJ_ID`, `VER_NBR`, `PRORATION`, `DONATION`, `SHOW_ON_GRID`, `ACTIVE`, `TIMESTAMP`, `MIN_PERCENT_WORKED`, `EARN_CODE`, `HAS_RULES`) values('5018', 'testAC16', 'testLP13', 'test', 'M', '40', '2012-02-01', '8421CD29-E1F4-4B9A-AE33-F3F4752505CE', '1', 'Y', null, 'Y', 'Y',now(), '0.5', 'EC', 'Y');
insert into lm_accrual_category_rules_t (`lm_accrual_category_rules_id`, `SERVICE_UNIT_OF_TIME`, `START_ACC`, `END_ACC`, `ACCRUAL_RATE`, `MAX_BAL`, `MAX_BAL_ACTION_FREQUENCY`, `ACTION_AT_MAX_BAL`, `MAX_BAL_TRANS_ACC_CAT`, `MAX_BAL_TRANS_CONV_FACTOR`, `MAX_TRANS_AMOUNT`, `MAX_PAYOUT_AMOUNT`, `MAX_PAYOUT_EARN_CODE`, `MAX_USAGE`, `MAX_CARRY_OVER`, `LM_ACCRUAL_CATEGORY_ID`, `OBJ_ID`, `VER_NBR`, `ACTIVE`, `TIMESTAMP`, `MAX_BAL_FLAG`) values ('5019', 'M', 0, 6, 16, 100.00, 'NA', 'NA', NULL, NULL, NULL, NULL, NULL, NULL, NULL, '5018', 'DEDC243D-4E51-CCDE-1326-E1700B2631E1', '1', 'Y', '2012-02-03 12:10:23', 'N');
insert into lm_accrual_category_rules_t (`lm_accrual_category_rules_id`, `SERVICE_UNIT_OF_TIME`, `START_ACC`, `END_ACC`, `ACCRUAL_RATE`, `MAX_BAL`, `MAX_BAL_ACTION_FREQUENCY`, `ACTION_AT_MAX_BAL`, `MAX_BAL_TRANS_ACC_CAT`, `MAX_BAL_TRANS_CONV_FACTOR`, `MAX_TRANS_AMOUNT`, `MAX_PAYOUT_AMOUNT`, `MAX_PAYOUT_EARN_CODE`, `MAX_USAGE`, `MAX_CARRY_OVER`, `LM_ACCRUAL_CATEGORY_ID`, `OBJ_ID`, `VER_NBR`, `ACTIVE`, `TIMESTAMP`, `MAX_BAL_FLAG`) values ('5020', 'M', 6, 900, 24, 500.00, 'NA', 'NA', NULL, NULL, NULL, NULL, NULL, NULL, NULL, '5018', 'DEDC243D-4E51-CCDE-1326-E1700B2631E1', '1', 'Y', '2012-02-03 12:10:23', 'N');
insert into hr_job_t (`hr_job_id`, `PRINCIPAL_ID`, `JOB_NUMBER`, `EFFDT`, `dept`, `HR_SAL_GROUP`, `pay_grade`, `TIMESTAMP`, `OBJ_ID`, `VER_NBR`, `comp_rate`, `location`, `std_hours`, `hr_paytype`, `active`, `primary_indicator`, `position_nbr`, `eligible_for_leave`, `FLSA_STATUS`) values ('5017', 'testUser13', '17', '2012-03-01', 'TEST-DEPT', 'SD1', 'SD1', now(), uuid(), '1', '0.000000', 'SD1', '40.00', 'BW', 'Y',  'Y', 'N', 'Y', null);

-- testMinNotReachedProrationTrueAndRuleChange
-- user testUser14 has 2 rules
insert into lm_leave_plan_t (`lm_leave_plan_id`, `LEAVE_PLAN`, `DESCR`, `CAL_YEAR_START`, `EFFDT`, `OBJ_ID`, `VER_NBR`, `ACTIVE`, `TIMESTAMP`, `PLANNING_MONTHS`) values ('80015', 'testLP14', 'Test Leave Plan', '02/01', '2012-02-01', '', '1', 'Y', '2012-02-06 11:59:46', '80');
insert into hr_principal_attributes_t (`hr_principal_attribute_id`, `principal_id`, `pay_calendar`, `leave_plan`, `service_date`, `fmla_eligible`, `workers_eligible`, `timezone`, `EFFDT`, `TIMESTAMP`, `OBJ_ID`, `VER_NBR`, `active`, `leave_calendar`) values('5018', 'testUser14', 'BWS-CAL', 'testLP14', '2012-03-20', 'Y', 'Y', null, '2012-03-20', now(), uuid(), '1', 'Y', 'LM');
-- accrual category testAC17 has proration = true and minimum percentage = 0.5
insert into lm_accrual_category_t (`lm_accrual_category_id`, `ACCRUAL_CATEGORY`, `LEAVE_PLAN`, `DESCR`, `ACCRUAL_INTERVAL_EARN`, `UNIT_OF_TIME`, `EFFDT`, `OBJ_ID`, `VER_NBR`, `PRORATION`, `DONATION`, `SHOW_ON_GRID`, `ACTIVE`, `TIMESTAMP`, `MIN_PERCENT_WORKED`, `EARN_CODE`, `HAS_RULES`) values('5019', 'testAC17', 'testLP14', 'test', 'M', '40', '2012-02-01', '8421CD29-E1F4-4B9A-AE33-F3F4752505CE', '1', 'Y', null, 'Y', 'Y',now(), '0.5', 'EC', 'Y');
insert into lm_accrual_category_rules_t (`lm_accrual_category_rules_id`, `SERVICE_UNIT_OF_TIME`, `START_ACC`, `END_ACC`, `ACCRUAL_RATE`, `MAX_BAL`, `MAX_BAL_ACTION_FREQUENCY`, `ACTION_AT_MAX_BAL`, `MAX_BAL_TRANS_ACC_CAT`, `MAX_BAL_TRANS_CONV_FACTOR`, `MAX_TRANS_AMOUNT`, `MAX_PAYOUT_AMOUNT`, `MAX_PAYOUT_EARN_CODE`, `MAX_USAGE`, `MAX_CARRY_OVER`, `LM_ACCRUAL_CATEGORY_ID`, `OBJ_ID`, `VER_NBR`, `ACTIVE`, `TIMESTAMP`, `MAX_BAL_FLAG`) values ('5021', 'M', 0, 6, 16, 100.00, 'NA', 'NA', NULL, NULL, NULL, NULL, NULL, NULL, NULL, '5019', 'DEDC243D-4E51-CCDE-1326-E1700B2631E1', '1', 'Y', '2012-02-03 12:10:23', 'N');
insert into lm_accrual_category_rules_t (`lm_accrual_category_rules_id`, `SERVICE_UNIT_OF_TIME`, `START_ACC`, `END_ACC`, `ACCRUAL_RATE`, `MAX_BAL`, `MAX_BAL_ACTION_FREQUENCY`, `ACTION_AT_MAX_BAL`, `MAX_BAL_TRANS_ACC_CAT`, `MAX_BAL_TRANS_CONV_FACTOR`, `MAX_TRANS_AMOUNT`, `MAX_PAYOUT_AMOUNT`, `MAX_PAYOUT_EARN_CODE`, `MAX_USAGE`, `MAX_CARRY_OVER`, `LM_ACCRUAL_CATEGORY_ID`, `OBJ_ID`, `VER_NBR`, `ACTIVE`, `TIMESTAMP`, `MAX_BAL_FLAG`) values ('5022', 'M', 6, 900, 24, 500.00, 'NA', 'NA', NULL, NULL, NULL, NULL, NULL, NULL, NULL, '5019', 'DEDC243D-4E51-CCDE-1326-E1700B2631E1', '1', 'Y', '2012-02-03 12:10:23', 'N');
insert into hr_job_t (`hr_job_id`, `PRINCIPAL_ID`, `JOB_NUMBER`, `EFFDT`, `dept`, `HR_SAL_GROUP`, `pay_grade`, `TIMESTAMP`, `OBJ_ID`, `VER_NBR`, `comp_rate`, `location`, `std_hours`, `hr_paytype`, `active`, `primary_indicator`, `position_nbr`, `eligible_for_leave`, `FLSA_STATUS`) values ('5018', 'testUser14', '18', '2012-03-01', 'TEST-DEPT', 'SD1', 'SD1', now(), uuid(), '1', '0.000000', 'SD1', '40.00', 'BW', 'Y',  'Y', 'N', 'Y', null);

-- testLeaveBlocksWithLeaveCalendarDocId
insert into lm_leave_plan_t (`lm_leave_plan_id`, `LEAVE_PLAN`, `DESCR`, `CAL_YEAR_START`, `EFFDT`, `OBJ_ID`, `VER_NBR`, `ACTIVE`, `TIMESTAMP`, `PLANNING_MONTHS`) values ('80016', 'testLP15', 'Test Leave Plan', '02/01', '2012-02-01', '', '1', 'Y', '2012-02-06 11:59:46', '80');
insert into hr_principal_attributes_t (`hr_principal_attribute_id`, `principal_id`, `pay_calendar`, `leave_plan`, `service_date`, `fmla_eligible`, `workers_eligible`, `timezone`, `EFFDT`, `TIMESTAMP`, `OBJ_ID`, `VER_NBR`, `active`, `leave_calendar`) values('5019', 'testUser15', 'BWS-CAL', 'testLP15', '2012-03-10', 'Y', 'Y', null, '2012-03-10', now(), uuid(), '1', 'Y', 'LM');
insert into lm_accrual_category_t (`lm_accrual_category_id`, `ACCRUAL_CATEGORY`, `LEAVE_PLAN`, `DESCR`, `ACCRUAL_INTERVAL_EARN`, `UNIT_OF_TIME`, `EFFDT`, `OBJ_ID`, `VER_NBR`, `PRORATION`, `DONATION`, `SHOW_ON_GRID`, `ACTIVE`, `TIMESTAMP`, `MIN_PERCENT_WORKED`, `EARN_CODE`, `HAS_RULES`) values('5020', 'testAC18', 'testLP15', 'test', 'M', '40', '2012-03-01', '8421CD29-E1F4-4B9A-AE33-F3F4752505CE', '1', 'N', null, 'Y', 'Y',now(), '0', 'EC', 'Y');
insert into lm_accrual_category_rules_t (`lm_accrual_category_rules_id`, `SERVICE_UNIT_OF_TIME`, `START_ACC`, `END_ACC`, `ACCRUAL_RATE`, `MAX_BAL`, `MAX_BAL_ACTION_FREQUENCY`, `ACTION_AT_MAX_BAL`, `MAX_BAL_TRANS_ACC_CAT`, `MAX_BAL_TRANS_CONV_FACTOR`, `MAX_TRANS_AMOUNT`, `MAX_PAYOUT_AMOUNT`, `MAX_PAYOUT_EARN_CODE`, `MAX_USAGE`, `MAX_CARRY_OVER`, `LM_ACCRUAL_CATEGORY_ID`, `OBJ_ID`, `VER_NBR`, `ACTIVE`, `TIMESTAMP`, `MAX_BAL_FLAG`) values ('5023', 'M', 0, 6, 24, 100.00, 'NA', 'NA', NULL, NULL, NULL, NULL, NULL, NULL, NULL, '5020', 'DEDC243D-4E51-CCDE-1326-E1700B2631E1', '1', 'Y', '2012-02-03 12:10:23', 'N');
insert into hr_job_t (`hr_job_id`, `PRINCIPAL_ID`, `JOB_NUMBER`, `EFFDT`, `dept`, `HR_SAL_GROUP`, `pay_grade`, `TIMESTAMP`, `OBJ_ID`, `VER_NBR`, `comp_rate`, `location`, `std_hours`, `hr_paytype`, `active`, `primary_indicator`, `position_nbr`, `eligible_for_leave`, `FLSA_STATUS`) values ('5019', 'testUser15', '19', '2012-03-01', 'TEST-DEPT', 'SD1', 'SD1', now(), uuid(), '1', '0.000000', 'SD1', '40.00', 'BW', 'Y',  'Y', 'N', 'Y', null);
INSERT INTO lm_leave_document_header_t (`document_id`,`principal_id`,`begin_date`,`end_date`,`document_status`,`obj_id`,`ver_nbr`) values ('5000', 'testUser15', '2012-04-01 00:00:00','2012-05-01 00:00:00', 'F', '7EE387AB-26B0-B6A6-9C4C-5B5F687F0E97', '1');

-- testPayCalAsEarnInterval
insert into hr_calendar_t (`hr_calendar_id`, `calendar_name`, `flsa_begin_day`, `flsa_begin_time`, `calendar_types`, `calendar_descriptions`) values ('1000', 'BI-WE', 'Sun', '00:00:00', 'Pay', 'bi-weekly pay calendar');
insert into hr_calendar_entries_t (hr_calendar_entry_id,hr_calendar_id, calendar_name, begin_period_date, end_period_date) values ('5000', '1000', 'BI-WE', '2012-03-04 00:00:00', '2012-03-18 00:00:00');
insert into hr_calendar_entries_t (hr_calendar_entry_id,hr_calendar_id, calendar_name, begin_period_date, end_period_date) values ('5001', '1000', 'BI-WE', '2012-03-18 00:00:00', '2012-04-01 00:00:00');
insert into hr_calendar_entries_t (hr_calendar_entry_id,hr_calendar_id, calendar_name, begin_period_date, end_period_date) values ('5002', '1000', 'BI-WE', '2012-04-01 00:00:00', '2012-04-15 00:00:00');
insert into hr_calendar_entries_t (hr_calendar_entry_id,hr_calendar_id, calendar_name, begin_period_date, end_period_date) values ('5003', '1000', 'BI-WE', '2012-04-15 00:00:00', '2012-04-29 00:00:00');
insert into hr_calendar_entries_t (hr_calendar_entry_id,hr_calendar_id, calendar_name, begin_period_date, end_period_date) values ('5004', '1000', 'BI-WE', '2012-04-29 00:00:00', '2012-05-13 00:00:00');
insert into hr_calendar_entries_t (hr_calendar_entry_id,hr_calendar_id, calendar_name, begin_period_date, end_period_date) values ('5005', '1000', 'BI-WE', '2012-05-13 00:00:00', '2012-05-27 00:00:00');
insert into hr_calendar_entries_t (hr_calendar_entry_id,hr_calendar_id, calendar_name, begin_period_date, end_period_date) values ('5006', '1000', 'BI-WE', '2012-05-27 00:00:00', '2012-06-10 00:00:00');
insert into hr_calendar_entries_t (hr_calendar_entry_id,hr_calendar_id, calendar_name, begin_period_date, end_period_date) values ('5007', '1000', 'BI-WE', '2012-06-10 00:00:00', '2012-06-24 00:00:00');
insert into hr_calendar_entries_t (hr_calendar_entry_id,hr_calendar_id, calendar_name, begin_period_date, end_period_date) values ('5008', '1000', 'BI-WE', '2012-06-24 00:00:00', '2012-07-08 00:00:00');
insert into hr_calendar_entries_t (hr_calendar_entry_id,hr_calendar_id, calendar_name, begin_period_date, end_period_date) values ('5009', '1000', 'BI-WE', '2012-07-08 00:00:00', '2012-07-22 00:00:00');
insert into hr_calendar_entries_t (hr_calendar_entry_id,hr_calendar_id, calendar_name, begin_period_date, end_period_date) values ('5010', '1000', 'BI-WE', '2012-07-22 00:00:00', '2012-08-05 00:00:00');
insert into hr_calendar_entries_t (hr_calendar_entry_id,hr_calendar_id, calendar_name, begin_period_date, end_period_date) values ('5011', '1000', 'BI-WE', '2012-08-05 00:00:00', '2012-08-19 00:00:00');
insert into hr_calendar_entries_t (hr_calendar_entry_id,hr_calendar_id, calendar_name, begin_period_date, end_period_date) values ('5012', '1000', 'BI-WE', '2012-08-19 00:00:00', '2012-09-02 00:00:00');
insert into hr_calendar_entries_t (hr_calendar_entry_id,hr_calendar_id, calendar_name, begin_period_date, end_period_date) values ('5013', '1000', 'BI-WE', '2012-09-02 00:00:00', '2012-09-16 00:00:00');

insert into lm_leave_plan_t (`lm_leave_plan_id`, `LEAVE_PLAN`, `DESCR`, `CAL_YEAR_START`, `EFFDT`, `OBJ_ID`, `VER_NBR`, `ACTIVE`, `TIMESTAMP`, `PLANNING_MONTHS`) values ('80017', 'testLP16', 'Test Leave Plan', '02/01', '2012-02-01', '', '1', 'Y', '2012-02-06 11:59:46', '80');
insert into hr_principal_attributes_t (`hr_principal_attribute_id`, `principal_id`, `pay_calendar`, `leave_plan`, `service_date`, `fmla_eligible`, `workers_eligible`, `timezone`, `EFFDT`, `TIMESTAMP`, `OBJ_ID`, `VER_NBR`, `active`, `leave_calendar`) values('5020', 'testUser16', 'BI-WE', 'testLP16', '2012-03-26', 'Y', 'Y', null, '2012-03-26', now(), uuid(), '1', 'Y', 'LM');
insert into lm_accrual_category_t (`lm_accrual_category_id`, `ACCRUAL_CATEGORY`, `LEAVE_PLAN`, `DESCR`, `ACCRUAL_INTERVAL_EARN`, `UNIT_OF_TIME`, `EFFDT`, `OBJ_ID`, `VER_NBR`, `PRORATION`, `DONATION`, `SHOW_ON_GRID`, `ACTIVE`, `TIMESTAMP`, `MIN_PERCENT_WORKED`, `EARN_CODE`, `HAS_RULES`) values('5021', 'testAC19', 'testLP16', 'test', 'P', '40', '2012-03-01', '8421CD29-E1F4-4B9A-AE33-F3F4752505CE', '1', 'N', null, 'Y', 'Y',now(), '0', 'EC', 'Y');
insert into lm_accrual_category_rules_t (`lm_accrual_category_rules_id`, `SERVICE_UNIT_OF_TIME`, `START_ACC`, `END_ACC`, `ACCRUAL_RATE`, `MAX_BAL`, `MAX_BAL_ACTION_FREQUENCY`, `ACTION_AT_MAX_BAL`, `MAX_BAL_TRANS_ACC_CAT`, `MAX_BAL_TRANS_CONV_FACTOR`, `MAX_TRANS_AMOUNT`, `MAX_PAYOUT_AMOUNT`, `MAX_PAYOUT_EARN_CODE`, `MAX_USAGE`, `MAX_CARRY_OVER`, `LM_ACCRUAL_CATEGORY_ID`, `OBJ_ID`, `VER_NBR`, `ACTIVE`, `TIMESTAMP`, `MAX_BAL_FLAG`) values ('5024', 'M', 0, 6, 24, 100.00, 'NA', 'NA', NULL, NULL, NULL, NULL, NULL, NULL, NULL, '5021', 'DEDC243D-4E51-CCDE-1326-E1700B2631E1', '1', 'Y', '2012-02-03 12:10:23', 'N');
insert into hr_job_t (`hr_job_id`, `PRINCIPAL_ID`, `JOB_NUMBER`, `EFFDT`, `dept`, `HR_SAL_GROUP`, `pay_grade`, `TIMESTAMP`, `OBJ_ID`, `VER_NBR`, `comp_rate`, `location`, `std_hours`, `hr_paytype`, `active`, `primary_indicator`, `position_nbr`, `eligible_for_leave`, `FLSA_STATUS`) values ('5020', 'testUser16', '20', '2012-03-01', 'TEST-DEPT', 'SD1', 'SD1', now(), uuid(), '1', '0.000000', 'SD1', '40.00', 'BW', 'Y',  'Y', 'N', 'Y', null);

-- testPayCalAsEarnIntervalProrationFalseMinReached
insert into lm_leave_plan_t (`lm_leave_plan_id`, `LEAVE_PLAN`, `DESCR`, `CAL_YEAR_START`, `EFFDT`, `OBJ_ID`, `VER_NBR`, `ACTIVE`, `TIMESTAMP`, `PLANNING_MONTHS`) values ('80018', 'testLP17', 'Test Leave Plan', '02/01', '2012-02-01', '', '1', 'Y', '2012-02-06 11:59:46', '80');
insert into hr_principal_attributes_t (`hr_principal_attribute_id`, `principal_id`, `pay_calendar`, `leave_plan`, `service_date`, `fmla_eligible`, `workers_eligible`, `timezone`, `EFFDT`, `TIMESTAMP`, `OBJ_ID`, `VER_NBR`, `active`, `leave_calendar`) values('5021', 'testUser17', 'BI-WE', 'testLP17', '2012-03-26', 'Y', 'Y', null, '2012-03-26', now(), uuid(), '1', 'Y', 'LM');
insert into lm_accrual_category_t (`lm_accrual_category_id`, `ACCRUAL_CATEGORY`, `LEAVE_PLAN`, `DESCR`, `ACCRUAL_INTERVAL_EARN`, `UNIT_OF_TIME`, `EFFDT`, `OBJ_ID`, `VER_NBR`, `PRORATION`, `DONATION`, `SHOW_ON_GRID`, `ACTIVE`, `TIMESTAMP`, `MIN_PERCENT_WORKED`, `EARN_CODE`, `HAS_RULES`) values('5022', 'testAC20', 'testLP17', 'test', 'P', '40', '2012-03-01', '8421CD29-E1F4-4B9A-AE33-F3F4752505CE', '1', 'Y', null, 'Y', 'Y',now(), '0.5', 'EC', 'Y');
insert into lm_accrual_category_rules_t (`lm_accrual_category_rules_id`, `SERVICE_UNIT_OF_TIME`, `START_ACC`, `END_ACC`, `ACCRUAL_RATE`, `MAX_BAL`, `MAX_BAL_ACTION_FREQUENCY`, `ACTION_AT_MAX_BAL`, `MAX_BAL_TRANS_ACC_CAT`, `MAX_BAL_TRANS_CONV_FACTOR`, `MAX_TRANS_AMOUNT`, `MAX_PAYOUT_AMOUNT`, `MAX_PAYOUT_EARN_CODE`, `MAX_USAGE`, `MAX_CARRY_OVER`, `LM_ACCRUAL_CATEGORY_ID`, `OBJ_ID`, `VER_NBR`, `ACTIVE`, `TIMESTAMP`, `MAX_BAL_FLAG`) values ('5025', 'M', 0, 6, 24, 100.00, 'NA', 'NA', NULL, NULL, NULL, NULL, NULL, NULL, NULL, '5022', 'DEDC243D-4E51-CCDE-1326-E1700B2631E1', '1', 'Y', '2012-02-03 12:10:23', 'N');
insert into hr_job_t (`hr_job_id`, `PRINCIPAL_ID`, `JOB_NUMBER`, `EFFDT`, `dept`, `HR_SAL_GROUP`, `pay_grade`, `TIMESTAMP`, `OBJ_ID`, `VER_NBR`, `comp_rate`, `location`, `std_hours`, `hr_paytype`, `active`, `primary_indicator`, `position_nbr`, `eligible_for_leave`, `FLSA_STATUS`) values ('5021', 'testUser17', '21', '2012-03-01', 'TEST-DEPT', 'SD1', 'SD1', now(), uuid(), '1', '0.000000', 'SD1', '40.00', 'BW', 'Y',  'Y', 'N', 'Y', null);
