--
-- Copyright 2004-2014 The Kuali Foundation
--
-- Licensed under the Educational Community License, Version 2.0 (the "License");
-- you may not use this file except in compliance with the License.
-- You may obtain a copy of the License at
--
-- http://www.opensource.org/licenses/ecl2.php
--
-- Unless required by applicable law or agreed to in writing, software
-- distributed under the License is distributed on an "AS IS" BASIS,
-- WITHOUT WARRANTIES OR CONDITIONS OF ANY KIND, either express or implied.
-- See the License for the specific language governing permissions and
-- limitations under the License.
--

-- *********************************************************************
-- Update Database Script
-- *********************************************************************
-- Change Log: src/main/config/db/db.changelog-2.0.1.xml
-- Ran at: 1/17/14 1:03 PM
-- Against: null@offline:oracle
-- Liquibase version: 3.1.1
-- *********************************************************************


-- Changeset src/main/config/db/2.0.1/db.changelog-201310071000.xml::1::jkakkad
-- KPME-2844:Fixing incorrect Attribute Definition for Template View KPME Record
UPDATE KRIM_PERM_TMPL_T SET KIM_TYP_ID = (SELECT KIM_TYP_ID FROM KRIM_TYP_T WHERE NMSPC_CD = 'KR-SYS' AND NM = 'Document Type (Permission)') WHERE PERM_TMPL_ID = 'KPME0003'
/
-- Changeset src/main/config/db/2.0.1/db.changelog-201310071000.xml::2::jkakkad
-- KPME-2844:Clearing old records of Permission View KPME Record
DELETE FROM KRIM_ROLE_PERM_T  WHERE PERM_ID = (SELECT PERM_ID FROM KRIM_PERM_T WHERE NMSPC_CD = 'KPME-WKFLW' AND NM = 'View KPME Record')
/
DELETE FROM KRIM_PERM_ATTR_DATA_T  WHERE PERM_ID = (SELECT PERM_ID FROM KRIM_PERM_T WHERE NMSPC_CD = 'KPME-WKFLW' AND NM = 'View KPME Record')
/
DELETE FROM KRIM_PERM_T  WHERE NMSPC_CD = 'KPME-WKFLW' AND NM = 'View KPME Record'
/
-- Changeset src/main/config/db/2.0.1/db.changelog-201310071000.xml::3::jkakkad
-- KPME-2844:Split "View KPME Record" into separate permissions for each KPME module
INSERT INTO KRIM_PERM_T (PERM_ID, PERM_TMPL_ID, NMSPC_CD, NM, DESC_TXT, ACTV_IND, OBJ_ID, VER_NBR) VALUES ('KPME0092', (SELECT PERM_TMPL_ID FROM KRIM_PERM_TMPL_T WHERE NMSPC_CD = 'KPME-WKFLW' AND NM = 'View KPME Record'), 'KPME-TK', 'View Clock Location Rule', 'Allows users to view a Clock Location Rule', 'Y', SYS_GUID(), '1')
/
INSERT INTO KRIM_PERM_ATTR_DATA_T (ATTR_DATA_ID, KIM_ATTR_DEFN_ID, KIM_TYP_ID, PERM_ID, ATTR_VAL, OBJ_ID, VER_NBR) VALUES ('KPME0098', (SELECT KIM_ATTR_DEFN_ID FROM KRIM_ATTR_DEFN_T WHERE NMSPC_CD = 'KR-WKFLW' AND NM = 'documentTypeName'), (SELECT KIM_TYP_ID FROM KRIM_TYP_T WHERE NMSPC_CD = 'KR-SYS' AND NM = 'Document Type & Routing Node or State'), 'KPME0092', 'ClockLocationRuleDocumentType', SYS_GUID(), '1')
/
INSERT INTO KRIM_PERM_T (PERM_ID, PERM_TMPL_ID, NMSPC_CD, NM, DESC_TXT, ACTV_IND, OBJ_ID, VER_NBR) VALUES ('KPME0093', (SELECT PERM_TMPL_ID FROM KRIM_PERM_TMPL_T WHERE NMSPC_CD = 'KPME-WKFLW' AND NM = 'View KPME Record'), 'KPME-TK', 'View Daily Overtime Rule', 'Allows users to view a Daily Overtime Rule', 'Y', SYS_GUID(), '1')
/
INSERT INTO KRIM_PERM_ATTR_DATA_T (ATTR_DATA_ID, KIM_ATTR_DEFN_ID, KIM_TYP_ID, PERM_ID, ATTR_VAL, OBJ_ID, VER_NBR) VALUES ('KPME0099', (SELECT KIM_ATTR_DEFN_ID FROM KRIM_ATTR_DEFN_T WHERE NMSPC_CD = 'KR-WKFLW' AND NM = 'documentTypeName'), (SELECT KIM_TYP_ID FROM KRIM_TYP_T WHERE NMSPC_CD = 'KR-SYS' AND NM = 'Document Type & Routing Node or State'), 'KPME0093', 'DailyOvertimeRuleDocumentType', SYS_GUID(), '1')
/
INSERT INTO KRIM_PERM_T (PERM_ID, PERM_TMPL_ID, NMSPC_CD, NM, DESC_TXT, ACTV_IND, OBJ_ID, VER_NBR) VALUES ('KPME0094', (SELECT PERM_TMPL_ID FROM KRIM_PERM_TMPL_T WHERE NMSPC_CD = 'KPME-WKFLW' AND NM = 'View KPME Record'), 'KPME-TK', 'View Department Lunch Rule', 'Allows users to view a Department Lunch Rule', 'Y', SYS_GUID(), '1')
/
INSERT INTO KRIM_PERM_ATTR_DATA_T (ATTR_DATA_ID, KIM_ATTR_DEFN_ID, KIM_TYP_ID, PERM_ID, ATTR_VAL, OBJ_ID, VER_NBR) VALUES ('KPME0100', (SELECT KIM_ATTR_DEFN_ID FROM KRIM_ATTR_DEFN_T WHERE NMSPC_CD = 'KR-WKFLW' AND NM = 'documentTypeName'), (SELECT KIM_TYP_ID FROM KRIM_TYP_T WHERE NMSPC_CD = 'KR-SYS' AND NM = 'Document Type & Routing Node or State'), 'KPME0094', 'DeptLunchRuleDocumentType', SYS_GUID(), '1')
/
INSERT INTO KRIM_PERM_T (PERM_ID, PERM_TMPL_ID, NMSPC_CD, NM, DESC_TXT, ACTV_IND, OBJ_ID, VER_NBR) VALUES ('KPME0095', (SELECT PERM_TMPL_ID FROM KRIM_PERM_TMPL_T WHERE NMSPC_CD = 'KPME-WKFLW' AND NM = 'View KPME Record'), 'KPME-TK', 'View Grace Period Rule', 'Allows users to view a Grace Period Rule', 'Y', SYS_GUID(), '1')
/
INSERT INTO KRIM_PERM_ATTR_DATA_T (ATTR_DATA_ID, KIM_ATTR_DEFN_ID, KIM_TYP_ID, PERM_ID, ATTR_VAL, OBJ_ID, VER_NBR) VALUES ('KPME0101', (SELECT KIM_ATTR_DEFN_ID FROM KRIM_ATTR_DEFN_T WHERE NMSPC_CD = 'KR-WKFLW' AND NM = 'documentTypeName'), (SELECT KIM_TYP_ID FROM KRIM_TYP_T WHERE NMSPC_CD = 'KR-SYS' AND NM = 'Document Type & Routing Node or State'), 'KPME0095', 'GracePeriodRuleDocumentType', SYS_GUID(), '1')
/
INSERT INTO KRIM_PERM_T (PERM_ID, PERM_TMPL_ID, NMSPC_CD, NM, DESC_TXT, ACTV_IND, OBJ_ID, VER_NBR) VALUES ('KPME0096', (SELECT PERM_TMPL_ID FROM KRIM_PERM_TMPL_T WHERE NMSPC_CD = 'KPME-WKFLW' AND NM = 'View KPME Record'), 'KPME-TK', 'View Shift Differential Rule', 'Allows users to view a Shift Differential Rule', 'Y', SYS_GUID(), '1')
/
INSERT INTO KRIM_PERM_ATTR_DATA_T (ATTR_DATA_ID, KIM_ATTR_DEFN_ID, KIM_TYP_ID, PERM_ID, ATTR_VAL, OBJ_ID, VER_NBR) VALUES ('KPME0102', (SELECT KIM_ATTR_DEFN_ID FROM KRIM_ATTR_DEFN_T WHERE NMSPC_CD = 'KR-WKFLW' AND NM = 'documentTypeName'), (SELECT KIM_TYP_ID FROM KRIM_TYP_T WHERE NMSPC_CD = 'KR-SYS' AND NM = 'Document Type & Routing Node or State'), 'KPME0096', 'ShiftDifferentialRuleDocumentType', SYS_GUID(), '1')
/
INSERT INTO KRIM_PERM_T (PERM_ID, PERM_TMPL_ID, NMSPC_CD, NM, DESC_TXT, ACTV_IND, OBJ_ID, VER_NBR) VALUES ('KPME0097', (SELECT PERM_TMPL_ID FROM KRIM_PERM_TMPL_T WHERE NMSPC_CD = 'KPME-WKFLW' AND NM = 'View KPME Record'), 'KPME-TK', 'View System Lunch Rule', 'Allows users to view a System Lunch Rule', 'Y', SYS_GUID(), '1')
/
INSERT INTO KRIM_PERM_ATTR_DATA_T (ATTR_DATA_ID, KIM_ATTR_DEFN_ID, KIM_TYP_ID, PERM_ID, ATTR_VAL, OBJ_ID, VER_NBR) VALUES ('KPME0103', (SELECT KIM_ATTR_DEFN_ID FROM KRIM_ATTR_DEFN_T WHERE NMSPC_CD = 'KR-WKFLW' AND NM = 'documentTypeName'), (SELECT KIM_TYP_ID FROM KRIM_TYP_T WHERE NMSPC_CD = 'KR-SYS' AND NM = 'Document Type & Routing Node or State'), 'KPME0097', 'SystemLunchRuleDocumentType', SYS_GUID(), '1')
/
INSERT INTO KRIM_PERM_T (PERM_ID, PERM_TMPL_ID, NMSPC_CD, NM, DESC_TXT, ACTV_IND, OBJ_ID, VER_NBR) VALUES ('KPME0098', (SELECT PERM_TMPL_ID FROM KRIM_PERM_TMPL_T WHERE NMSPC_CD = 'KPME-WKFLW' AND NM = 'View KPME Record'), 'KPME-TK', 'View Time Collection Rule', 'Allows users to view a Time Collection Rule', 'Y', SYS_GUID(), '1')
/
INSERT INTO KRIM_PERM_ATTR_DATA_T (ATTR_DATA_ID, KIM_ATTR_DEFN_ID, KIM_TYP_ID, PERM_ID, ATTR_VAL, OBJ_ID, VER_NBR) VALUES ('KPME0104', (SELECT KIM_ATTR_DEFN_ID FROM KRIM_ATTR_DEFN_T WHERE NMSPC_CD = 'KR-WKFLW' AND NM = 'documentTypeName'), (SELECT KIM_TYP_ID FROM KRIM_TYP_T WHERE NMSPC_CD = 'KR-SYS' AND NM = 'Document Type & Routing Node or State'), 'KPME0098', 'TimeCollectionRuleDocumentType', SYS_GUID(), '1')
/
INSERT INTO KRIM_PERM_T (PERM_ID, PERM_TMPL_ID, NMSPC_CD, NM, DESC_TXT, ACTV_IND, OBJ_ID, VER_NBR) VALUES ('KPME0099', (SELECT PERM_TMPL_ID FROM KRIM_PERM_TMPL_T WHERE NMSPC_CD = 'KPME-WKFLW' AND NM = 'View KPME Record'), 'KPME-TK', 'View Weekly Overtime Rule', 'Allows users to view a Weekly Overtime Rule', 'Y', SYS_GUID(), '1')
/
INSERT INTO KRIM_PERM_ATTR_DATA_T (ATTR_DATA_ID, KIM_ATTR_DEFN_ID, KIM_TYP_ID, PERM_ID, ATTR_VAL, OBJ_ID, VER_NBR) VALUES ('KPME0105', (SELECT KIM_ATTR_DEFN_ID FROM KRIM_ATTR_DEFN_T WHERE NMSPC_CD = 'KR-WKFLW' AND NM = 'documentTypeName'), (SELECT KIM_TYP_ID FROM KRIM_TYP_T WHERE NMSPC_CD = 'KR-SYS' AND NM = 'Document Type & Routing Node or State'), 'KPME0099', 'WeeklyOvertimeRuleDocumentType', SYS_GUID(), '1')
/
INSERT INTO KRIM_PERM_T (PERM_ID, PERM_TMPL_ID, NMSPC_CD, NM, DESC_TXT, ACTV_IND, OBJ_ID, VER_NBR) VALUES ('KPME0108', (SELECT PERM_TMPL_ID FROM KRIM_PERM_TMPL_T WHERE NMSPC_CD = 'KPME-WKFLW' AND NM = 'View KPME Record'), 'KPME-TK', 'View Weekly Overtime Rule Group', 'Allows users to view a Weekly Overtime Rule Group', 'Y', SYS_GUID(), '1')
/
INSERT INTO KRIM_PERM_ATTR_DATA_T (ATTR_DATA_ID, KIM_ATTR_DEFN_ID, KIM_TYP_ID, PERM_ID, ATTR_VAL, OBJ_ID, VER_NBR) VALUES ('KPME0114', (SELECT KIM_ATTR_DEFN_ID FROM KRIM_ATTR_DEFN_T WHERE NMSPC_CD = 'KR-WKFLW' AND NM = 'documentTypeName'), (SELECT KIM_TYP_ID FROM KRIM_TYP_T WHERE NMSPC_CD = 'KR-SYS' AND NM = 'Document Type (Permission)'), 'KPME0108', 'WeeklyOvertimeRuleGroupDocumentType', SYS_GUID(), '1')
/
INSERT INTO KRIM_PERM_T (PERM_ID, PERM_TMPL_ID, NMSPC_CD, NM, DESC_TXT, ACTV_IND, OBJ_ID, VER_NBR) VALUES ('KPME0100', (SELECT PERM_TMPL_ID FROM KRIM_PERM_TMPL_T WHERE NMSPC_CD = 'KPME-WKFLW' AND NM = 'View KPME Record'), 'KPME-LM', 'View Accrual Category', 'Allows users to view a Accrual Category', 'Y', SYS_GUID(), '1')
/
INSERT INTO KRIM_PERM_ATTR_DATA_T (ATTR_DATA_ID, KIM_ATTR_DEFN_ID, KIM_TYP_ID, PERM_ID, ATTR_VAL, OBJ_ID, VER_NBR) VALUES ('KPME0106', (SELECT KIM_ATTR_DEFN_ID FROM KRIM_ATTR_DEFN_T WHERE NMSPC_CD = 'KR-WKFLW' AND NM = 'documentTypeName'), (SELECT KIM_TYP_ID FROM KRIM_TYP_T WHERE NMSPC_CD = 'KR-SYS' AND NM = 'Document Type & Routing Node or State'), 'KPME0100', 'AccrualCategoryDocumentType', SYS_GUID(), '1')
/
INSERT INTO KRIM_PERM_T (PERM_ID, PERM_TMPL_ID, NMSPC_CD, NM, DESC_TXT, ACTV_IND, OBJ_ID, VER_NBR) VALUES ('KPME0101', (SELECT PERM_TMPL_ID FROM KRIM_PERM_TMPL_T WHERE NMSPC_CD = 'KPME-WKFLW' AND NM = 'View KPME Record'), 'KPME-LM', 'View Balance Transfer', 'Allows users to view a Balance Transfer', 'Y', SYS_GUID(), '1')
/
INSERT INTO KRIM_PERM_ATTR_DATA_T (ATTR_DATA_ID, KIM_ATTR_DEFN_ID, KIM_TYP_ID, PERM_ID, ATTR_VAL, OBJ_ID, VER_NBR) VALUES ('KPME0107', (SELECT KIM_ATTR_DEFN_ID FROM KRIM_ATTR_DEFN_T WHERE NMSPC_CD = 'KR-WKFLW' AND NM = 'documentTypeName'), (SELECT KIM_TYP_ID FROM KRIM_TYP_T WHERE NMSPC_CD = 'KR-SYS' AND NM = 'Document Type & Routing Node or State'), 'KPME0101', 'BalanceTransferDocumentType', SYS_GUID(), '1')
/
INSERT INTO KRIM_PERM_T (PERM_ID, PERM_TMPL_ID, NMSPC_CD, NM, DESC_TXT, ACTV_IND, OBJ_ID, VER_NBR) VALUES ('KPME0102', (SELECT PERM_TMPL_ID FROM KRIM_PERM_TMPL_T WHERE NMSPC_CD = 'KPME-WKFLW' AND NM = 'View KPME Record'), 'KPME-LM', 'View Employee Override', 'Allows users to view a Employee Override', 'Y', SYS_GUID(), '1')
/
INSERT INTO KRIM_PERM_ATTR_DATA_T (ATTR_DATA_ID, KIM_ATTR_DEFN_ID, KIM_TYP_ID, PERM_ID, ATTR_VAL, OBJ_ID, VER_NBR) VALUES ('KPME0108', (SELECT KIM_ATTR_DEFN_ID FROM KRIM_ATTR_DEFN_T WHERE NMSPC_CD = 'KR-WKFLW' AND NM = 'documentTypeName'), (SELECT KIM_TYP_ID FROM KRIM_TYP_T WHERE NMSPC_CD = 'KR-SYS' AND NM = 'Document Type & Routing Node or State'), 'KPME0102', 'EmployeeOverrideDocumentType', SYS_GUID(), '1')
/
INSERT INTO KRIM_PERM_T (PERM_ID, PERM_TMPL_ID, NMSPC_CD, NM, DESC_TXT, ACTV_IND, OBJ_ID, VER_NBR) VALUES ('KPME0103', (SELECT PERM_TMPL_ID FROM KRIM_PERM_TMPL_T WHERE NMSPC_CD = 'KPME-WKFLW' AND NM = 'View KPME Record'), 'KPME-LM', 'View Leave Adjustment', 'Allows users to view a Leave Adjustment', 'Y', SYS_GUID(), '1')
/
INSERT INTO KRIM_PERM_ATTR_DATA_T (ATTR_DATA_ID, KIM_ATTR_DEFN_ID, KIM_TYP_ID, PERM_ID, ATTR_VAL, OBJ_ID, VER_NBR) VALUES ('KPME0109', (SELECT KIM_ATTR_DEFN_ID FROM KRIM_ATTR_DEFN_T WHERE NMSPC_CD = 'KR-WKFLW' AND NM = 'documentTypeName'), (SELECT KIM_TYP_ID FROM KRIM_TYP_T WHERE NMSPC_CD = 'KR-SYS' AND NM = 'Document Type & Routing Node or State'), 'KPME0103', 'LeaveAdjustmentDocumentType', SYS_GUID(), '1')
/
INSERT INTO KRIM_PERM_T (PERM_ID, PERM_TMPL_ID, NMSPC_CD, NM, DESC_TXT, ACTV_IND, OBJ_ID, VER_NBR) VALUES ('KPME0104', (SELECT PERM_TMPL_ID FROM KRIM_PERM_TMPL_T WHERE NMSPC_CD = 'KPME-WKFLW' AND NM = 'View KPME Record'), 'KPME-LM', 'View Leave Donation', 'Allows users to view a Leave Donation', 'Y', SYS_GUID(), '1')
/
INSERT INTO KRIM_PERM_ATTR_DATA_T (ATTR_DATA_ID, KIM_ATTR_DEFN_ID, KIM_TYP_ID, PERM_ID, ATTR_VAL, OBJ_ID, VER_NBR) VALUES ('KPME0110', (SELECT KIM_ATTR_DEFN_ID FROM KRIM_ATTR_DEFN_T WHERE NMSPC_CD = 'KR-WKFLW' AND NM = 'documentTypeName'), (SELECT KIM_TYP_ID FROM KRIM_TYP_T WHERE NMSPC_CD = 'KR-SYS' AND NM = 'Document Type & Routing Node or State'), 'KPME0104', 'LeaveDonationDocument', SYS_GUID(), '1')
/
INSERT INTO KRIM_PERM_T (PERM_ID, PERM_TMPL_ID, NMSPC_CD, NM, DESC_TXT, ACTV_IND, OBJ_ID, VER_NBR) VALUES ('KPME0105', (SELECT PERM_TMPL_ID FROM KRIM_PERM_TMPL_T WHERE NMSPC_CD = 'KPME-WKFLW' AND NM = 'View KPME Record'), 'KPME-LM', 'View Leave Payout', 'Allows users to view a Leave Payout', 'Y', SYS_GUID(), '1')
/
INSERT INTO KRIM_PERM_ATTR_DATA_T (ATTR_DATA_ID, KIM_ATTR_DEFN_ID, KIM_TYP_ID, PERM_ID, ATTR_VAL, OBJ_ID, VER_NBR) VALUES ('KPME0111', (SELECT KIM_ATTR_DEFN_ID FROM KRIM_ATTR_DEFN_T WHERE NMSPC_CD = 'KR-WKFLW' AND NM = 'documentTypeName'), (SELECT KIM_TYP_ID FROM KRIM_TYP_T WHERE NMSPC_CD = 'KR-SYS' AND NM = 'Document Type & Routing Node or State'), 'KPME0105', 'LeavePayoutDocumentType', SYS_GUID(), '1')
/
INSERT INTO KRIM_PERM_T (PERM_ID, PERM_TMPL_ID, NMSPC_CD, NM, DESC_TXT, ACTV_IND, OBJ_ID, VER_NBR) VALUES ('KPME0106', (SELECT PERM_TMPL_ID FROM KRIM_PERM_TMPL_T WHERE NMSPC_CD = 'KPME-WKFLW' AND NM = 'View KPME Record'), 'KPME-LM', 'View Leave Plan', 'Allows users to view a Leave Plan', 'Y', SYS_GUID(), '1')
/
INSERT INTO KRIM_PERM_ATTR_DATA_T (ATTR_DATA_ID, KIM_ATTR_DEFN_ID, KIM_TYP_ID, PERM_ID, ATTR_VAL, OBJ_ID, VER_NBR) VALUES ('KPME0112', (SELECT KIM_ATTR_DEFN_ID FROM KRIM_ATTR_DEFN_T WHERE NMSPC_CD = 'KR-WKFLW' AND NM = 'documentTypeName'), (SELECT KIM_TYP_ID FROM KRIM_TYP_T WHERE NMSPC_CD = 'KR-SYS' AND NM = 'Document Type & Routing Node or State'), 'KPME0106', 'LeavePlanDocumentType', SYS_GUID(), '1')
/
INSERT INTO KRIM_PERM_T (PERM_ID, PERM_TMPL_ID, NMSPC_CD, NM, DESC_TXT, ACTV_IND, OBJ_ID, VER_NBR) VALUES ('KPME0107', (SELECT PERM_TMPL_ID FROM KRIM_PERM_TMPL_T WHERE NMSPC_CD = 'KPME-WKFLW' AND NM = 'View KPME Record'), 'KPME-LM', 'View System Scheduled Time Off', 'Allows users to view a System Scheduled Time Off', 'Y', SYS_GUID(), '1')
/
INSERT INTO KRIM_PERM_ATTR_DATA_T (ATTR_DATA_ID, KIM_ATTR_DEFN_ID, KIM_TYP_ID, PERM_ID, ATTR_VAL, OBJ_ID, VER_NBR) VALUES ('KPME0113', (SELECT KIM_ATTR_DEFN_ID FROM KRIM_ATTR_DEFN_T WHERE NMSPC_CD = 'KR-WKFLW' AND NM = 'documentTypeName'), (SELECT KIM_TYP_ID FROM KRIM_TYP_T WHERE NMSPC_CD = 'KR-SYS' AND NM = 'Document Type & Routing Node or State'), 'KPME0107', 'SystemScheduledTimeOffDocumentType', SYS_GUID(), '1')
/
INSERT INTO KRIM_PERM_T (PERM_ID, PERM_TMPL_ID, NMSPC_CD, NM, DESC_TXT, ACTV_IND, OBJ_ID, VER_NBR) VALUES ('KPME0109', (SELECT PERM_TMPL_ID FROM KRIM_PERM_TMPL_T WHERE NMSPC_CD = 'KPME-WKFLW' AND NM = 'View KPME Record'), 'KPME-HR', 'View Assignment', 'Allows users to view an Assignment', 'Y', SYS_GUID(), '1')
/
INSERT INTO KRIM_PERM_ATTR_DATA_T (ATTR_DATA_ID, KIM_ATTR_DEFN_ID, KIM_TYP_ID, PERM_ID, ATTR_VAL, OBJ_ID, VER_NBR) VALUES ('KPME0115', (SELECT KIM_ATTR_DEFN_ID FROM KRIM_ATTR_DEFN_T WHERE NMSPC_CD = 'KR-WKFLW' AND NM = 'documentTypeName'), (SELECT KIM_TYP_ID FROM KRIM_TYP_T WHERE NMSPC_CD = 'KR-SYS' AND NM = 'Document Type (Permission)'), 'KPME0109', 'AssignmentDocumentType', SYS_GUID(), '1')
/
INSERT INTO KRIM_PERM_T (PERM_ID, PERM_TMPL_ID, NMSPC_CD, NM, DESC_TXT, ACTV_IND, OBJ_ID, VER_NBR) VALUES ('KPME0110', (SELECT PERM_TMPL_ID FROM KRIM_PERM_TMPL_T WHERE NMSPC_CD = 'KPME-WKFLW' AND NM = 'View KPME Record'), 'KPME-HR', 'View Calendar', 'Allows users to view a Calendar', 'Y', SYS_GUID(), '1')
/
INSERT INTO KRIM_PERM_ATTR_DATA_T (ATTR_DATA_ID, KIM_ATTR_DEFN_ID, KIM_TYP_ID, PERM_ID, ATTR_VAL, OBJ_ID, VER_NBR) VALUES ('KPME0116', (SELECT KIM_ATTR_DEFN_ID FROM KRIM_ATTR_DEFN_T WHERE NMSPC_CD = 'KR-WKFLW' AND NM = 'documentTypeName'), (SELECT KIM_TYP_ID FROM KRIM_TYP_T WHERE NMSPC_CD = 'KR-SYS' AND NM = 'Document Type (Permission)'), 'KPME0110', 'PayCalendarDocumentType', SYS_GUID(), '1')
/
INSERT INTO KRIM_PERM_T (PERM_ID, PERM_TMPL_ID, NMSPC_CD, NM, DESC_TXT, ACTV_IND, OBJ_ID, VER_NBR) VALUES ('KPME0111', (SELECT PERM_TMPL_ID FROM KRIM_PERM_TMPL_T WHERE NMSPC_CD = 'KPME-WKFLW' AND NM = 'View KPME Record'), 'KPME-HR', 'View Calendar Entry', 'Allows users to view a Calendar Entry', 'Y', SYS_GUID(), '1')
/
INSERT INTO KRIM_PERM_ATTR_DATA_T (ATTR_DATA_ID, KIM_ATTR_DEFN_ID, KIM_TYP_ID, PERM_ID, ATTR_VAL, OBJ_ID, VER_NBR) VALUES ('KPME0117', (SELECT KIM_ATTR_DEFN_ID FROM KRIM_ATTR_DEFN_T WHERE NMSPC_CD = 'KR-WKFLW' AND NM = 'documentTypeName'), (SELECT KIM_TYP_ID FROM KRIM_TYP_T WHERE NMSPC_CD = 'KR-SYS' AND NM = 'Document Type (Permission)'), 'KPME0111', 'PayCalendarEntriesDocumentType', SYS_GUID(), '1')
/
INSERT INTO KRIM_PERM_T (PERM_ID, PERM_TMPL_ID, NMSPC_CD, NM, DESC_TXT, ACTV_IND, OBJ_ID, VER_NBR) VALUES ('KPME0112', (SELECT PERM_TMPL_ID FROM KRIM_PERM_TMPL_T WHERE NMSPC_CD = 'KPME-WKFLW' AND NM = 'View KPME Record'), 'KPME-HR', 'View Department', 'Allows users to view a Department', 'Y', SYS_GUID(), '1')
/
INSERT INTO KRIM_PERM_ATTR_DATA_T (ATTR_DATA_ID, KIM_ATTR_DEFN_ID, KIM_TYP_ID, PERM_ID, ATTR_VAL, OBJ_ID, VER_NBR) VALUES ('KPME0118', (SELECT KIM_ATTR_DEFN_ID FROM KRIM_ATTR_DEFN_T WHERE NMSPC_CD = 'KR-WKFLW' AND NM = 'documentTypeName'), (SELECT KIM_TYP_ID FROM KRIM_TYP_T WHERE NMSPC_CD = 'KR-SYS' AND NM = 'Document Type (Permission)'), 'KPME0112', 'DepartmentMaintenanceDocumentType', SYS_GUID(), '1')
/
INSERT INTO KRIM_PERM_T (PERM_ID, PERM_TMPL_ID, NMSPC_CD, NM, DESC_TXT, ACTV_IND, OBJ_ID, VER_NBR) VALUES ('KPME0113', (SELECT PERM_TMPL_ID FROM KRIM_PERM_TMPL_T WHERE NMSPC_CD = 'KPME-WKFLW' AND NM = 'View KPME Record'), 'KPME-HR', 'View Earn Code', 'Allows users to view an Earn Code', 'Y', SYS_GUID(), '1')
/
INSERT INTO KRIM_PERM_ATTR_DATA_T (ATTR_DATA_ID, KIM_ATTR_DEFN_ID, KIM_TYP_ID, PERM_ID, ATTR_VAL, OBJ_ID, VER_NBR) VALUES ('KPME0119', (SELECT KIM_ATTR_DEFN_ID FROM KRIM_ATTR_DEFN_T WHERE NMSPC_CD = 'KR-WKFLW' AND NM = 'documentTypeName'), (SELECT KIM_TYP_ID FROM KRIM_TYP_T WHERE NMSPC_CD = 'KR-SYS' AND NM = 'Document Type (Permission)'), 'KPME0113', 'EarnCodeMaintenanceDocumentType', SYS_GUID(), '1')
/
INSERT INTO KRIM_PERM_T (PERM_ID, PERM_TMPL_ID, NMSPC_CD, NM, DESC_TXT, ACTV_IND, OBJ_ID, VER_NBR) VALUES ('KPME0114', (SELECT PERM_TMPL_ID FROM KRIM_PERM_TMPL_T WHERE NMSPC_CD = 'KPME-WKFLW' AND NM = 'View KPME Record'), 'KPME-HR', 'View Earn Code Group', 'Allows users to view an Earn Code Group', 'Y', SYS_GUID(), '1')
/
INSERT INTO KRIM_PERM_ATTR_DATA_T (ATTR_DATA_ID, KIM_ATTR_DEFN_ID, KIM_TYP_ID, PERM_ID, ATTR_VAL, OBJ_ID, VER_NBR) VALUES ('KPME0120', (SELECT KIM_ATTR_DEFN_ID FROM KRIM_ATTR_DEFN_T WHERE NMSPC_CD = 'KR-WKFLW' AND NM = 'documentTypeName'), (SELECT KIM_TYP_ID FROM KRIM_TYP_T WHERE NMSPC_CD = 'KR-SYS' AND NM = 'Document Type (Permission)'), 'KPME0114', 'EarnCodeGroupDocumentType', SYS_GUID(), '1')
/
INSERT INTO KRIM_PERM_T (PERM_ID, PERM_TMPL_ID, NMSPC_CD, NM, DESC_TXT, ACTV_IND, OBJ_ID, VER_NBR) VALUES ('KPME0115', (SELECT PERM_TMPL_ID FROM KRIM_PERM_TMPL_T WHERE NMSPC_CD = 'KPME-WKFLW' AND NM = 'View KPME Record'), 'KPME-HR', 'View Earn Code Security', 'Allows users to view an Earn Code Security', 'Y', SYS_GUID(), '1')
/
INSERT INTO KRIM_PERM_ATTR_DATA_T (ATTR_DATA_ID, KIM_ATTR_DEFN_ID, KIM_TYP_ID, PERM_ID, ATTR_VAL, OBJ_ID, VER_NBR) VALUES ('KPME0121', (SELECT KIM_ATTR_DEFN_ID FROM KRIM_ATTR_DEFN_T WHERE NMSPC_CD = 'KR-WKFLW' AND NM = 'documentTypeName'), (SELECT KIM_TYP_ID FROM KRIM_TYP_T WHERE NMSPC_CD = 'KR-SYS' AND NM = 'Document Type (Permission)'), 'KPME0115', 'EarnCodeSecurityDocumentType', SYS_GUID(), '1')
/
INSERT INTO KRIM_PERM_T (PERM_ID, PERM_TMPL_ID, NMSPC_CD, NM, DESC_TXT, ACTV_IND, OBJ_ID, VER_NBR) VALUES ('KPME0116', (SELECT PERM_TMPL_ID FROM KRIM_PERM_TMPL_T WHERE NMSPC_CD = 'KPME-WKFLW' AND NM = 'View KPME Record'), 'KPME-HR', 'View Job', 'Allows users to view a Job', 'Y', SYS_GUID(), '1')
/
INSERT INTO KRIM_PERM_ATTR_DATA_T (ATTR_DATA_ID, KIM_ATTR_DEFN_ID, KIM_TYP_ID, PERM_ID, ATTR_VAL, OBJ_ID, VER_NBR) VALUES ('KPME0122', (SELECT KIM_ATTR_DEFN_ID FROM KRIM_ATTR_DEFN_T WHERE NMSPC_CD = 'KR-WKFLW' AND NM = 'documentTypeName'), (SELECT KIM_TYP_ID FROM KRIM_TYP_T WHERE NMSPC_CD = 'KR-SYS' AND NM = 'Document Type (Permission)'), 'KPME0116', 'JobMaintenanceDocumentType', SYS_GUID(), '1')
/
INSERT INTO KRIM_PERM_T (PERM_ID, PERM_TMPL_ID, NMSPC_CD, NM, DESC_TXT, ACTV_IND, OBJ_ID, VER_NBR) VALUES ('KPME0117', (SELECT PERM_TMPL_ID FROM KRIM_PERM_TMPL_T WHERE NMSPC_CD = 'KPME-WKFLW' AND NM = 'View KPME Record'), 'KPME-HR', 'View Location', 'Allows users to view a Location', 'Y', SYS_GUID(), '1')
/
INSERT INTO KRIM_PERM_ATTR_DATA_T (ATTR_DATA_ID, KIM_ATTR_DEFN_ID, KIM_TYP_ID, PERM_ID, ATTR_VAL, OBJ_ID, VER_NBR) VALUES ('KPME0123', (SELECT KIM_ATTR_DEFN_ID FROM KRIM_ATTR_DEFN_T WHERE NMSPC_CD = 'KR-WKFLW' AND NM = 'documentTypeName'), (SELECT KIM_TYP_ID FROM KRIM_TYP_T WHERE NMSPC_CD = 'KR-SYS' AND NM = 'Document Type (Permission)'), 'KPME0117', 'LocationMaintenanceDocumentType', SYS_GUID(), '1')
/
INSERT INTO KRIM_PERM_T (PERM_ID, PERM_TMPL_ID, NMSPC_CD, NM, DESC_TXT, ACTV_IND, OBJ_ID, VER_NBR) VALUES ('KPME0118', (SELECT PERM_TMPL_ID FROM KRIM_PERM_TMPL_T WHERE NMSPC_CD = 'KPME-WKFLW' AND NM = 'View KPME Record'), 'KPME-HR', 'View Pay Grade', 'Allows users to view a Pay Grade', 'Y', SYS_GUID(), '1')
/
INSERT INTO KRIM_PERM_ATTR_DATA_T (ATTR_DATA_ID, KIM_ATTR_DEFN_ID, KIM_TYP_ID, PERM_ID, ATTR_VAL, OBJ_ID, VER_NBR) VALUES ('KPME0124', (SELECT KIM_ATTR_DEFN_ID FROM KRIM_ATTR_DEFN_T WHERE NMSPC_CD = 'KR-WKFLW' AND NM = 'documentTypeName'), (SELECT KIM_TYP_ID FROM KRIM_TYP_T WHERE NMSPC_CD = 'KR-SYS' AND NM = 'Document Type (Permission)'), 'KPME0118', 'PayGradeMaintenanceDocumentType', SYS_GUID(), '1')
/
INSERT INTO KRIM_PERM_T (PERM_ID, PERM_TMPL_ID, NMSPC_CD, NM, DESC_TXT, ACTV_IND, OBJ_ID, VER_NBR) VALUES ('KPME0119', (SELECT PERM_TMPL_ID FROM KRIM_PERM_TMPL_T WHERE NMSPC_CD = 'KPME-WKFLW' AND NM = 'View KPME Record'), 'KPME-HR', 'View Pay Type', 'Allows users to view a Pay Type', 'Y', SYS_GUID(), '1')
/
INSERT INTO KRIM_PERM_ATTR_DATA_T (ATTR_DATA_ID, KIM_ATTR_DEFN_ID, KIM_TYP_ID, PERM_ID, ATTR_VAL, OBJ_ID, VER_NBR) VALUES ('KPME0125', (SELECT KIM_ATTR_DEFN_ID FROM KRIM_ATTR_DEFN_T WHERE NMSPC_CD = 'KR-WKFLW' AND NM = 'documentTypeName'), (SELECT KIM_TYP_ID FROM KRIM_TYP_T WHERE NMSPC_CD = 'KR-SYS' AND NM = 'Document Type (Permission)'), 'KPME0119', 'PayTypeDocumentType', SYS_GUID(), '1')
/
INSERT INTO KRIM_PERM_T (PERM_ID, PERM_TMPL_ID, NMSPC_CD, NM, DESC_TXT, ACTV_IND, OBJ_ID, VER_NBR) VALUES ('KPME0120', (SELECT PERM_TMPL_ID FROM KRIM_PERM_TMPL_T WHERE NMSPC_CD = 'KPME-WKFLW' AND NM = 'View KPME Record'), 'KPME-HR', 'View Position', 'Allows users to view a Position', 'Y', SYS_GUID(), '1')
/
INSERT INTO KRIM_PERM_ATTR_DATA_T (ATTR_DATA_ID, KIM_ATTR_DEFN_ID, KIM_TYP_ID, PERM_ID, ATTR_VAL, OBJ_ID, VER_NBR) VALUES ('KPME0126', (SELECT KIM_ATTR_DEFN_ID FROM KRIM_ATTR_DEFN_T WHERE NMSPC_CD = 'KR-WKFLW' AND NM = 'documentTypeName'), (SELECT KIM_TYP_ID FROM KRIM_TYP_T WHERE NMSPC_CD = 'KR-SYS' AND NM = 'Document Type (Permission)'), 'KPME0120', 'PositionMaintenanceDocumentType', SYS_GUID(), '1')
/
INSERT INTO KRIM_PERM_T (PERM_ID, PERM_TMPL_ID, NMSPC_CD, NM, DESC_TXT, ACTV_IND, OBJ_ID, VER_NBR) VALUES ('KPME0121', (SELECT PERM_TMPL_ID FROM KRIM_PERM_TMPL_T WHERE NMSPC_CD = 'KPME-WKFLW' AND NM = 'View KPME Record'), 'KPME-HR', 'View Principal HR Attribute', 'Allows users to view a Principal HR Attribute', 'Y', SYS_GUID(), '1')
/
INSERT INTO KRIM_PERM_ATTR_DATA_T (ATTR_DATA_ID, KIM_ATTR_DEFN_ID, KIM_TYP_ID, PERM_ID, ATTR_VAL, OBJ_ID, VER_NBR) VALUES ('KPME0127', (SELECT KIM_ATTR_DEFN_ID FROM KRIM_ATTR_DEFN_T WHERE NMSPC_CD = 'KR-WKFLW' AND NM = 'documentTypeName'), (SELECT KIM_TYP_ID FROM KRIM_TYP_T WHERE NMSPC_CD = 'KR-SYS' AND NM = 'Document Type (Permission)'), 'KPME0121', 'PrincipalHRAttributesMaintenanceDocumentType', SYS_GUID(), '1')
/
INSERT INTO KRIM_PERM_T (PERM_ID, PERM_TMPL_ID, NMSPC_CD, NM, DESC_TXT, ACTV_IND, OBJ_ID, VER_NBR) VALUES ('KPME0122', (SELECT PERM_TMPL_ID FROM KRIM_PERM_TMPL_T WHERE NMSPC_CD = 'KPME-WKFLW' AND NM = 'View KPME Record'), 'KPME-HR', 'View Salary Group', 'Allows users to view a Salary Group', 'Y', SYS_GUID(), '1')
/
INSERT INTO KRIM_PERM_ATTR_DATA_T (ATTR_DATA_ID, KIM_ATTR_DEFN_ID, KIM_TYP_ID, PERM_ID, ATTR_VAL, OBJ_ID, VER_NBR) VALUES ('KPME0128', (SELECT KIM_ATTR_DEFN_ID FROM KRIM_ATTR_DEFN_T WHERE NMSPC_CD = 'KR-WKFLW' AND NM = 'documentTypeName'), (SELECT KIM_TYP_ID FROM KRIM_TYP_T WHERE NMSPC_CD = 'KR-SYS' AND NM = 'Document Type (Permission)'), 'KPME0122', 'SalaryGroupMaintenanceDocumentType', SYS_GUID(), '1')
/
INSERT INTO KRIM_PERM_T (PERM_ID, PERM_TMPL_ID, NMSPC_CD, NM, DESC_TXT, ACTV_IND, OBJ_ID, VER_NBR) VALUES ('KPME0123', (SELECT PERM_TMPL_ID FROM KRIM_PERM_TMPL_T WHERE NMSPC_CD = 'KPME-WKFLW' AND NM = 'View KPME Record'), 'KPME-HR', 'View Work Area', 'Allows users to view a Work Area', 'Y', SYS_GUID(), '1')
/
INSERT INTO KRIM_PERM_ATTR_DATA_T (ATTR_DATA_ID, KIM_ATTR_DEFN_ID, KIM_TYP_ID, PERM_ID, ATTR_VAL, OBJ_ID, VER_NBR) VALUES ('KPME0129', (SELECT KIM_ATTR_DEFN_ID FROM KRIM_ATTR_DEFN_T WHERE NMSPC_CD = 'KR-WKFLW' AND NM = 'documentTypeName'), (SELECT KIM_TYP_ID FROM KRIM_TYP_T WHERE NMSPC_CD = 'KR-SYS' AND NM = 'Document Type (Permission)'), 'KPME0123', 'WorkAreaMaintenanceDocumentType', SYS_GUID(), '1')
/
INSERT INTO KRIM_PERM_T (PERM_ID, PERM_TMPL_ID, NMSPC_CD, NM, DESC_TXT, ACTV_IND, OBJ_ID, VER_NBR) VALUES ('KPME0124', (SELECT PERM_TMPL_ID FROM KRIM_PERM_TMPL_T WHERE NMSPC_CD = 'KPME-WKFLW' AND NM = 'View KPME Record'), 'KPME-HR', 'View Position Base', 'Allows users to view a Position Base', 'Y', SYS_GUID(), '1')
/
INSERT INTO KRIM_PERM_ATTR_DATA_T (ATTR_DATA_ID, KIM_ATTR_DEFN_ID, KIM_TYP_ID, PERM_ID, ATTR_VAL, OBJ_ID, VER_NBR) VALUES ('KPME0130', (SELECT KIM_ATTR_DEFN_ID FROM KRIM_ATTR_DEFN_T WHERE NMSPC_CD = 'KR-WKFLW' AND NM = 'documentTypeName'), (SELECT KIM_TYP_ID FROM KRIM_TYP_T WHERE NMSPC_CD = 'KR-SYS' AND NM = 'Document Type (Permission)'), 'KPME0124', 'PositionBaseMaintenanceDocumentType', SYS_GUID(), '1')
/

-- Changeset src/main/config/db/2.0.1/db.changelog-201310151300.xml::1::jkakkad
-- KPME-2844:Split "View KPME Record" into separate permissions for each KPME module
INSERT INTO KRIM_ROLE_PERM_T (ROLE_PERM_ID, ROLE_ID, PERM_ID, ACTV_IND, OBJ_ID, VER_NBR) VALUES ('KPME0305', (SELECT ROLE_ID FROM KRIM_ROLE_T WHERE NMSPC_CD = 'KPME-TK' AND ROLE_NM = 'Time Location Administrator'), (SELECT PERM_ID FROM KRIM_PERM_T WHERE NMSPC_CD = 'KPME-TK' AND NM = 'View Clock Location Rule'), 'Y', SYS_GUID(), '1')
/
INSERT INTO KRIM_ROLE_PERM_T (ROLE_PERM_ID, ROLE_ID, PERM_ID, ACTV_IND, OBJ_ID, VER_NBR) VALUES ('KPME0306', (SELECT ROLE_ID FROM KRIM_ROLE_T WHERE NMSPC_CD = 'KPME-TK' AND ROLE_NM = 'Time Department Administrator'), (SELECT PERM_ID FROM KRIM_PERM_T WHERE NMSPC_CD = 'KPME-TK' AND NM = 'View Clock Location Rule'), 'Y', SYS_GUID(), '1')
/
INSERT INTO KRIM_ROLE_PERM_T (ROLE_PERM_ID, ROLE_ID, PERM_ID, ACTV_IND, OBJ_ID, VER_NBR) VALUES ('KPME0307', (SELECT ROLE_ID FROM KRIM_ROLE_T WHERE NMSPC_CD = 'KPME-TK' AND ROLE_NM = 'Time System Administrator'), (SELECT PERM_ID FROM KRIM_PERM_T WHERE NMSPC_CD = 'KPME-TK' AND NM = 'View Clock Location Rule'), 'Y', SYS_GUID(), '1')
/
INSERT INTO KRIM_ROLE_PERM_T (ROLE_PERM_ID, ROLE_ID, PERM_ID, ACTV_IND, OBJ_ID, VER_NBR) VALUES ('KPME0308', (SELECT ROLE_ID FROM KRIM_ROLE_T WHERE NMSPC_CD = 'KPME-TK' AND ROLE_NM = 'Time System View Only'), (SELECT PERM_ID FROM KRIM_PERM_T WHERE NMSPC_CD = 'KPME-TK' AND NM = 'View Clock Location Rule'), 'Y', SYS_GUID(), '1')
/
INSERT INTO KRIM_ROLE_PERM_T (ROLE_PERM_ID, ROLE_ID, PERM_ID, ACTV_IND, OBJ_ID, VER_NBR) VALUES ('KPME0309', (SELECT ROLE_ID FROM KRIM_ROLE_T WHERE NMSPC_CD = 'KPME-TK' AND ROLE_NM = 'Time Location View Only'), (SELECT PERM_ID FROM KRIM_PERM_T WHERE NMSPC_CD = 'KPME-TK' AND NM = 'View Clock Location Rule'), 'Y', SYS_GUID(), '1')
/
INSERT INTO KRIM_ROLE_PERM_T (ROLE_PERM_ID, ROLE_ID, PERM_ID, ACTV_IND, OBJ_ID, VER_NBR) VALUES ('KPME0310', (SELECT ROLE_ID FROM KRIM_ROLE_T WHERE NMSPC_CD = 'KPME-TK' AND ROLE_NM = 'Time Department View Only'), (SELECT PERM_ID FROM KRIM_PERM_T WHERE NMSPC_CD = 'KPME-TK' AND NM = 'View Clock Location Rule'), 'Y', SYS_GUID(), '1')
/
INSERT INTO KRIM_ROLE_PERM_T (ROLE_PERM_ID, ROLE_ID, PERM_ID, ACTV_IND, OBJ_ID, VER_NBR) VALUES ('KPME0311', (SELECT ROLE_ID FROM KRIM_ROLE_T WHERE NMSPC_CD = 'KPME-TK' AND ROLE_NM = 'Time Location Administrator'), (SELECT PERM_ID FROM KRIM_PERM_T WHERE NMSPC_CD = 'KPME-TK' AND NM = 'View Daily Overtime Rule'), 'Y', SYS_GUID(), '1')
/
INSERT INTO KRIM_ROLE_PERM_T (ROLE_PERM_ID, ROLE_ID, PERM_ID, ACTV_IND, OBJ_ID, VER_NBR) VALUES ('KPME0312', (SELECT ROLE_ID FROM KRIM_ROLE_T WHERE NMSPC_CD = 'KPME-TK' AND ROLE_NM = 'Time Department Administrator'), (SELECT PERM_ID FROM KRIM_PERM_T WHERE NMSPC_CD = 'KPME-TK' AND NM = 'View Daily Overtime Rule'), 'Y', SYS_GUID(), '1')
/
INSERT INTO KRIM_ROLE_PERM_T (ROLE_PERM_ID, ROLE_ID, PERM_ID, ACTV_IND, OBJ_ID, VER_NBR) VALUES ('KPME0313', (SELECT ROLE_ID FROM KRIM_ROLE_T WHERE NMSPC_CD = 'KPME-TK' AND ROLE_NM = 'Time System Administrator'), (SELECT PERM_ID FROM KRIM_PERM_T WHERE NMSPC_CD = 'KPME-TK' AND NM = 'View Daily Overtime Rule'), 'Y', SYS_GUID(), '1')
/
INSERT INTO KRIM_ROLE_PERM_T (ROLE_PERM_ID, ROLE_ID, PERM_ID, ACTV_IND, OBJ_ID, VER_NBR) VALUES ('KPME0314', (SELECT ROLE_ID FROM KRIM_ROLE_T WHERE NMSPC_CD = 'KPME-TK' AND ROLE_NM = 'Time System View Only'), (SELECT PERM_ID FROM KRIM_PERM_T WHERE NMSPC_CD = 'KPME-TK' AND NM = 'View Daily Overtime Rule'), 'Y', SYS_GUID(), '1')
/
INSERT INTO KRIM_ROLE_PERM_T (ROLE_PERM_ID, ROLE_ID, PERM_ID, ACTV_IND, OBJ_ID, VER_NBR) VALUES ('KPME0315', (SELECT ROLE_ID FROM KRIM_ROLE_T WHERE NMSPC_CD = 'KPME-TK' AND ROLE_NM = 'Time Location View Only'), (SELECT PERM_ID FROM KRIM_PERM_T WHERE NMSPC_CD = 'KPME-TK' AND NM = 'View Daily Overtime Rule'), 'Y', SYS_GUID(), '1')
/
INSERT INTO KRIM_ROLE_PERM_T (ROLE_PERM_ID, ROLE_ID, PERM_ID, ACTV_IND, OBJ_ID, VER_NBR) VALUES ('KPME0316', (SELECT ROLE_ID FROM KRIM_ROLE_T WHERE NMSPC_CD = 'KPME-TK' AND ROLE_NM = 'Time Department View Only'), (SELECT PERM_ID FROM KRIM_PERM_T WHERE NMSPC_CD = 'KPME-TK' AND NM = 'View Daily Overtime Rule'), 'Y', SYS_GUID(), '1')
/
INSERT INTO KRIM_ROLE_PERM_T (ROLE_PERM_ID, ROLE_ID, PERM_ID, ACTV_IND, OBJ_ID, VER_NBR) VALUES ('KPME0317', (SELECT ROLE_ID FROM KRIM_ROLE_T WHERE NMSPC_CD = 'KPME-TK' AND ROLE_NM = 'Time Location Administrator'), (SELECT PERM_ID FROM KRIM_PERM_T WHERE NMSPC_CD = 'KPME-TK' AND NM = 'View Department Lunch Rule'), 'Y', SYS_GUID(), '1')
/
INSERT INTO KRIM_ROLE_PERM_T (ROLE_PERM_ID, ROLE_ID, PERM_ID, ACTV_IND, OBJ_ID, VER_NBR) VALUES ('KPME0318', (SELECT ROLE_ID FROM KRIM_ROLE_T WHERE NMSPC_CD = 'KPME-TK' AND ROLE_NM = 'Time Department Administrator'), (SELECT PERM_ID FROM KRIM_PERM_T WHERE NMSPC_CD = 'KPME-TK' AND NM = 'View Department Lunch Rule'), 'Y', SYS_GUID(), '1')
/
INSERT INTO KRIM_ROLE_PERM_T (ROLE_PERM_ID, ROLE_ID, PERM_ID, ACTV_IND, OBJ_ID, VER_NBR) VALUES ('KPME0319', (SELECT ROLE_ID FROM KRIM_ROLE_T WHERE NMSPC_CD = 'KPME-TK' AND ROLE_NM = 'Time System Administrator'), (SELECT PERM_ID FROM KRIM_PERM_T WHERE NMSPC_CD = 'KPME-TK' AND NM = 'View Department Lunch Rule'), 'Y', SYS_GUID(), '1')
/
INSERT INTO KRIM_ROLE_PERM_T (ROLE_PERM_ID, ROLE_ID, PERM_ID, ACTV_IND, OBJ_ID, VER_NBR) VALUES ('KPME0320', (SELECT ROLE_ID FROM KRIM_ROLE_T WHERE NMSPC_CD = 'KPME-TK' AND ROLE_NM = 'Time System View Only'), (SELECT PERM_ID FROM KRIM_PERM_T WHERE NMSPC_CD = 'KPME-TK' AND NM = 'View Department Lunch Rule'), 'Y', SYS_GUID(), '1')
/
INSERT INTO KRIM_ROLE_PERM_T (ROLE_PERM_ID, ROLE_ID, PERM_ID, ACTV_IND, OBJ_ID, VER_NBR) VALUES ('KPME0321', (SELECT ROLE_ID FROM KRIM_ROLE_T WHERE NMSPC_CD = 'KPME-TK' AND ROLE_NM = 'Time Location View Only'), (SELECT PERM_ID FROM KRIM_PERM_T WHERE NMSPC_CD = 'KPME-TK' AND NM = 'View Department Lunch Rule'), 'Y', SYS_GUID(), '1')
/
INSERT INTO KRIM_ROLE_PERM_T (ROLE_PERM_ID, ROLE_ID, PERM_ID, ACTV_IND, OBJ_ID, VER_NBR) VALUES ('KPME0322', (SELECT ROLE_ID FROM KRIM_ROLE_T WHERE NMSPC_CD = 'KPME-TK' AND ROLE_NM = 'Time Department View Only'), (SELECT PERM_ID FROM KRIM_PERM_T WHERE NMSPC_CD = 'KPME-TK' AND NM = 'View Department Lunch Rule'), 'Y', SYS_GUID(), '1')
/
INSERT INTO KRIM_ROLE_PERM_T (ROLE_PERM_ID, ROLE_ID, PERM_ID, ACTV_IND, OBJ_ID, VER_NBR) VALUES ('KPME0323', (SELECT ROLE_ID FROM KRIM_ROLE_T WHERE NMSPC_CD = 'KPME-TK' AND ROLE_NM = 'Time Location Administrator'), (SELECT PERM_ID FROM KRIM_PERM_T WHERE NMSPC_CD = 'KPME-TK' AND NM = 'View Grace Period Rule'), 'Y', SYS_GUID(), '1')
/
INSERT INTO KRIM_ROLE_PERM_T (ROLE_PERM_ID, ROLE_ID, PERM_ID, ACTV_IND, OBJ_ID, VER_NBR) VALUES ('KPME0324', (SELECT ROLE_ID FROM KRIM_ROLE_T WHERE NMSPC_CD = 'KPME-TK' AND ROLE_NM = 'Time Department Administrator'), (SELECT PERM_ID FROM KRIM_PERM_T WHERE NMSPC_CD = 'KPME-TK' AND NM = 'View Grace Period Rule'), 'Y', SYS_GUID(), '1')
/
INSERT INTO KRIM_ROLE_PERM_T (ROLE_PERM_ID, ROLE_ID, PERM_ID, ACTV_IND, OBJ_ID, VER_NBR) VALUES ('KPME0325', (SELECT ROLE_ID FROM KRIM_ROLE_T WHERE NMSPC_CD = 'KPME-TK' AND ROLE_NM = 'Time System Administrator'), (SELECT PERM_ID FROM KRIM_PERM_T WHERE NMSPC_CD = 'KPME-TK' AND NM = 'View Grace Period Rule'), 'Y', SYS_GUID(), '1')
/
INSERT INTO KRIM_ROLE_PERM_T (ROLE_PERM_ID, ROLE_ID, PERM_ID, ACTV_IND, OBJ_ID, VER_NBR) VALUES ('KPME0326', (SELECT ROLE_ID FROM KRIM_ROLE_T WHERE NMSPC_CD = 'KPME-TK' AND ROLE_NM = 'Time System View Only'), (SELECT PERM_ID FROM KRIM_PERM_T WHERE NMSPC_CD = 'KPME-TK' AND NM = 'View Grace Period Rule'), 'Y', SYS_GUID(), '1')
/
INSERT INTO KRIM_ROLE_PERM_T (ROLE_PERM_ID, ROLE_ID, PERM_ID, ACTV_IND, OBJ_ID, VER_NBR) VALUES ('KPME0327', (SELECT ROLE_ID FROM KRIM_ROLE_T WHERE NMSPC_CD = 'KPME-TK' AND ROLE_NM = 'Time Location View Only'), (SELECT PERM_ID FROM KRIM_PERM_T WHERE NMSPC_CD = 'KPME-TK' AND NM = 'View Grace Period Rule'), 'Y', SYS_GUID(), '1')
/
INSERT INTO KRIM_ROLE_PERM_T (ROLE_PERM_ID, ROLE_ID, PERM_ID, ACTV_IND, OBJ_ID, VER_NBR) VALUES ('KPME0328', (SELECT ROLE_ID FROM KRIM_ROLE_T WHERE NMSPC_CD = 'KPME-TK' AND ROLE_NM = 'Time Department View Only'), (SELECT PERM_ID FROM KRIM_PERM_T WHERE NMSPC_CD = 'KPME-TK' AND NM = 'View Grace Period Rule'), 'Y', SYS_GUID(), '1')
/
INSERT INTO KRIM_ROLE_PERM_T (ROLE_PERM_ID, ROLE_ID, PERM_ID, ACTV_IND, OBJ_ID, VER_NBR) VALUES ('KPME0329', (SELECT ROLE_ID FROM KRIM_ROLE_T WHERE NMSPC_CD = 'KPME-TK' AND ROLE_NM = 'Time Location Administrator'), (SELECT PERM_ID FROM KRIM_PERM_T WHERE NMSPC_CD = 'KPME-TK' AND NM = 'View Shift Differential Rule'), 'Y', SYS_GUID(), '1')
/
INSERT INTO KRIM_ROLE_PERM_T (ROLE_PERM_ID, ROLE_ID, PERM_ID, ACTV_IND, OBJ_ID, VER_NBR) VALUES ('KPME0330', (SELECT ROLE_ID FROM KRIM_ROLE_T WHERE NMSPC_CD = 'KPME-TK' AND ROLE_NM = 'Time Department Administrator'), (SELECT PERM_ID FROM KRIM_PERM_T WHERE NMSPC_CD = 'KPME-TK' AND NM = 'View Shift Differential Rule'), 'Y', SYS_GUID(), '1')
/
INSERT INTO KRIM_ROLE_PERM_T (ROLE_PERM_ID, ROLE_ID, PERM_ID, ACTV_IND, OBJ_ID, VER_NBR) VALUES ('KPME0331', (SELECT ROLE_ID FROM KRIM_ROLE_T WHERE NMSPC_CD = 'KPME-TK' AND ROLE_NM = 'Time System Administrator'), (SELECT PERM_ID FROM KRIM_PERM_T WHERE NMSPC_CD = 'KPME-TK' AND NM = 'View Shift Differential Rule'), 'Y', SYS_GUID(), '1')
/
INSERT INTO KRIM_ROLE_PERM_T (ROLE_PERM_ID, ROLE_ID, PERM_ID, ACTV_IND, OBJ_ID, VER_NBR) VALUES ('KPME0332', (SELECT ROLE_ID FROM KRIM_ROLE_T WHERE NMSPC_CD = 'KPME-TK' AND ROLE_NM = 'Time System View Only'), (SELECT PERM_ID FROM KRIM_PERM_T WHERE NMSPC_CD = 'KPME-TK' AND NM = 'View Shift Differential Rule'), 'Y', SYS_GUID(), '1')
/
INSERT INTO KRIM_ROLE_PERM_T (ROLE_PERM_ID, ROLE_ID, PERM_ID, ACTV_IND, OBJ_ID, VER_NBR) VALUES ('KPME0333', (SELECT ROLE_ID FROM KRIM_ROLE_T WHERE NMSPC_CD = 'KPME-TK' AND ROLE_NM = 'Time Location View Only'), (SELECT PERM_ID FROM KRIM_PERM_T WHERE NMSPC_CD = 'KPME-TK' AND NM = 'View Shift Differential Rule'), 'Y', SYS_GUID(), '1')
/
INSERT INTO KRIM_ROLE_PERM_T (ROLE_PERM_ID, ROLE_ID, PERM_ID, ACTV_IND, OBJ_ID, VER_NBR) VALUES ('KPME0334', (SELECT ROLE_ID FROM KRIM_ROLE_T WHERE NMSPC_CD = 'KPME-TK' AND ROLE_NM = 'Time Department View Only'), (SELECT PERM_ID FROM KRIM_PERM_T WHERE NMSPC_CD = 'KPME-TK' AND NM = 'View Shift Differential Rule'), 'Y', SYS_GUID(), '1')
/
INSERT INTO KRIM_ROLE_PERM_T (ROLE_PERM_ID, ROLE_ID, PERM_ID, ACTV_IND, OBJ_ID, VER_NBR) VALUES ('KPME0335', (SELECT ROLE_ID FROM KRIM_ROLE_T WHERE NMSPC_CD = 'KPME-TK' AND ROLE_NM = 'Time Location Administrator'), (SELECT PERM_ID FROM KRIM_PERM_T WHERE NMSPC_CD = 'KPME-TK' AND NM = 'View System Lunch Rule'), 'Y', SYS_GUID(), '1')
/
INSERT INTO KRIM_ROLE_PERM_T (ROLE_PERM_ID, ROLE_ID, PERM_ID, ACTV_IND, OBJ_ID, VER_NBR) VALUES ('KPME0336', (SELECT ROLE_ID FROM KRIM_ROLE_T WHERE NMSPC_CD = 'KPME-TK' AND ROLE_NM = 'Time Department Administrator'), (SELECT PERM_ID FROM KRIM_PERM_T WHERE NMSPC_CD = 'KPME-TK' AND NM = 'View System Lunch Rule'), 'Y', SYS_GUID(), '1')
/
INSERT INTO KRIM_ROLE_PERM_T (ROLE_PERM_ID, ROLE_ID, PERM_ID, ACTV_IND, OBJ_ID, VER_NBR) VALUES ('KPME0337', (SELECT ROLE_ID FROM KRIM_ROLE_T WHERE NMSPC_CD = 'KPME-TK' AND ROLE_NM = 'Time System Administrator'), (SELECT PERM_ID FROM KRIM_PERM_T WHERE NMSPC_CD = 'KPME-TK' AND NM = 'View System Lunch Rule'), 'Y', SYS_GUID(), '1')
/
INSERT INTO KRIM_ROLE_PERM_T (ROLE_PERM_ID, ROLE_ID, PERM_ID, ACTV_IND, OBJ_ID, VER_NBR) VALUES ('KPME0338', (SELECT ROLE_ID FROM KRIM_ROLE_T WHERE NMSPC_CD = 'KPME-TK' AND ROLE_NM = 'Time System View Only'), (SELECT PERM_ID FROM KRIM_PERM_T WHERE NMSPC_CD = 'KPME-TK' AND NM = 'View System Lunch Rule'), 'Y', SYS_GUID(), '1')
/
INSERT INTO KRIM_ROLE_PERM_T (ROLE_PERM_ID, ROLE_ID, PERM_ID, ACTV_IND, OBJ_ID, VER_NBR) VALUES ('KPME0339', (SELECT ROLE_ID FROM KRIM_ROLE_T WHERE NMSPC_CD = 'KPME-TK' AND ROLE_NM = 'Time Location View Only'), (SELECT PERM_ID FROM KRIM_PERM_T WHERE NMSPC_CD = 'KPME-TK' AND NM = 'View System Lunch Rule'), 'Y', SYS_GUID(), '1')
/
INSERT INTO KRIM_ROLE_PERM_T (ROLE_PERM_ID, ROLE_ID, PERM_ID, ACTV_IND, OBJ_ID, VER_NBR) VALUES ('KPME0340', (SELECT ROLE_ID FROM KRIM_ROLE_T WHERE NMSPC_CD = 'KPME-TK' AND ROLE_NM = 'Time Department View Only'), (SELECT PERM_ID FROM KRIM_PERM_T WHERE NMSPC_CD = 'KPME-TK' AND NM = 'View System Lunch Rule'), 'Y', SYS_GUID(), '1')
/
INSERT INTO KRIM_ROLE_PERM_T (ROLE_PERM_ID, ROLE_ID, PERM_ID, ACTV_IND, OBJ_ID, VER_NBR) VALUES ('KPME0341', (SELECT ROLE_ID FROM KRIM_ROLE_T WHERE NMSPC_CD = 'KPME-TK' AND ROLE_NM = 'Time Location Administrator'), (SELECT PERM_ID FROM KRIM_PERM_T WHERE NMSPC_CD = 'KPME-TK' AND NM = 'View Time Collection Rule'), 'Y', SYS_GUID(), '1')
/
INSERT INTO KRIM_ROLE_PERM_T (ROLE_PERM_ID, ROLE_ID, PERM_ID, ACTV_IND, OBJ_ID, VER_NBR) VALUES ('KPME0342', (SELECT ROLE_ID FROM KRIM_ROLE_T WHERE NMSPC_CD = 'KPME-TK' AND ROLE_NM = 'Time Department Administrator'), (SELECT PERM_ID FROM KRIM_PERM_T WHERE NMSPC_CD = 'KPME-TK' AND NM = 'View Time Collection Rule'), 'Y', SYS_GUID(), '1')
/
INSERT INTO KRIM_ROLE_PERM_T (ROLE_PERM_ID, ROLE_ID, PERM_ID, ACTV_IND, OBJ_ID, VER_NBR) VALUES ('KPME0343', (SELECT ROLE_ID FROM KRIM_ROLE_T WHERE NMSPC_CD = 'KPME-TK' AND ROLE_NM = 'Time System Administrator'), (SELECT PERM_ID FROM KRIM_PERM_T WHERE NMSPC_CD = 'KPME-TK' AND NM = 'View Time Collection Rule'), 'Y', SYS_GUID(), '1')
/
INSERT INTO KRIM_ROLE_PERM_T (ROLE_PERM_ID, ROLE_ID, PERM_ID, ACTV_IND, OBJ_ID, VER_NBR) VALUES ('KPME0344', (SELECT ROLE_ID FROM KRIM_ROLE_T WHERE NMSPC_CD = 'KPME-TK' AND ROLE_NM = 'Time System View Only'), (SELECT PERM_ID FROM KRIM_PERM_T WHERE NMSPC_CD = 'KPME-TK' AND NM = 'View Time Collection Rule'), 'Y', SYS_GUID(), '1')
/
INSERT INTO KRIM_ROLE_PERM_T (ROLE_PERM_ID, ROLE_ID, PERM_ID, ACTV_IND, OBJ_ID, VER_NBR) VALUES ('KPME0345', (SELECT ROLE_ID FROM KRIM_ROLE_T WHERE NMSPC_CD = 'KPME-TK' AND ROLE_NM = 'Time Location View Only'), (SELECT PERM_ID FROM KRIM_PERM_T WHERE NMSPC_CD = 'KPME-TK' AND NM = 'View Time Collection Rule'), 'Y', SYS_GUID(), '1')
/
INSERT INTO KRIM_ROLE_PERM_T (ROLE_PERM_ID, ROLE_ID, PERM_ID, ACTV_IND, OBJ_ID, VER_NBR) VALUES ('KPME0346', (SELECT ROLE_ID FROM KRIM_ROLE_T WHERE NMSPC_CD = 'KPME-TK' AND ROLE_NM = 'Time Department View Only'), (SELECT PERM_ID FROM KRIM_PERM_T WHERE NMSPC_CD = 'KPME-TK' AND NM = 'View Time Collection Rule'), 'Y', SYS_GUID(), '1')
/
INSERT INTO KRIM_ROLE_PERM_T (ROLE_PERM_ID, ROLE_ID, PERM_ID, ACTV_IND, OBJ_ID, VER_NBR) VALUES ('KPME0347', (SELECT ROLE_ID FROM KRIM_ROLE_T WHERE NMSPC_CD = 'KPME-TK' AND ROLE_NM = 'Time Location Administrator'), (SELECT PERM_ID FROM KRIM_PERM_T WHERE NMSPC_CD = 'KPME-TK' AND NM = 'View Weekly Overtime Rule'), 'Y', SYS_GUID(), '1')
/
INSERT INTO KRIM_ROLE_PERM_T (ROLE_PERM_ID, ROLE_ID, PERM_ID, ACTV_IND, OBJ_ID, VER_NBR) VALUES ('KPME0348', (SELECT ROLE_ID FROM KRIM_ROLE_T WHERE NMSPC_CD = 'KPME-TK' AND ROLE_NM = 'Time Department Administrator'), (SELECT PERM_ID FROM KRIM_PERM_T WHERE NMSPC_CD = 'KPME-TK' AND NM = 'View Weekly Overtime Rule'), 'Y', SYS_GUID(), '1')
/
INSERT INTO KRIM_ROLE_PERM_T (ROLE_PERM_ID, ROLE_ID, PERM_ID, ACTV_IND, OBJ_ID, VER_NBR) VALUES ('KPME0349', (SELECT ROLE_ID FROM KRIM_ROLE_T WHERE NMSPC_CD = 'KPME-TK' AND ROLE_NM = 'Time System Administrator'), (SELECT PERM_ID FROM KRIM_PERM_T WHERE NMSPC_CD = 'KPME-TK' AND NM = 'View Weekly Overtime Rule'), 'Y', SYS_GUID(), '1')
/
INSERT INTO KRIM_ROLE_PERM_T (ROLE_PERM_ID, ROLE_ID, PERM_ID, ACTV_IND, OBJ_ID, VER_NBR) VALUES ('KPME0350', (SELECT ROLE_ID FROM KRIM_ROLE_T WHERE NMSPC_CD = 'KPME-TK' AND ROLE_NM = 'Time System View Only'), (SELECT PERM_ID FROM KRIM_PERM_T WHERE NMSPC_CD = 'KPME-TK' AND NM = 'View Weekly Overtime Rule'), 'Y', SYS_GUID(), '1')
/
INSERT INTO KRIM_ROLE_PERM_T (ROLE_PERM_ID, ROLE_ID, PERM_ID, ACTV_IND, OBJ_ID, VER_NBR) VALUES ('KPME0351', (SELECT ROLE_ID FROM KRIM_ROLE_T WHERE NMSPC_CD = 'KPME-TK' AND ROLE_NM = 'Time Location View Only'), (SELECT PERM_ID FROM KRIM_PERM_T WHERE NMSPC_CD = 'KPME-TK' AND NM = 'View Weekly Overtime Rule'), 'Y', SYS_GUID(), '1')
/
INSERT INTO KRIM_ROLE_PERM_T (ROLE_PERM_ID, ROLE_ID, PERM_ID, ACTV_IND, OBJ_ID, VER_NBR) VALUES ('KPME0352', (SELECT ROLE_ID FROM KRIM_ROLE_T WHERE NMSPC_CD = 'KPME-TK' AND ROLE_NM = 'Time Department View Only'), (SELECT PERM_ID FROM KRIM_PERM_T WHERE NMSPC_CD = 'KPME-TK' AND NM = 'View Weekly Overtime Rule'), 'Y', SYS_GUID(), '1')
/
INSERT INTO KRIM_ROLE_PERM_T (ROLE_PERM_ID, ROLE_ID, PERM_ID, ACTV_IND, OBJ_ID, VER_NBR) VALUES ('KPME0353', (SELECT ROLE_ID FROM KRIM_ROLE_T WHERE NMSPC_CD = 'KPME-TK' AND ROLE_NM = 'Time Location Administrator'), (SELECT PERM_ID FROM KRIM_PERM_T WHERE NMSPC_CD = 'KPME-TK' AND NM = 'View Weekly Overtime Rule Group'), 'Y', SYS_GUID(), '1')
/
INSERT INTO KRIM_ROLE_PERM_T (ROLE_PERM_ID, ROLE_ID, PERM_ID, ACTV_IND, OBJ_ID, VER_NBR) VALUES ('KPME0354', (SELECT ROLE_ID FROM KRIM_ROLE_T WHERE NMSPC_CD = 'KPME-TK' AND ROLE_NM = 'Time Department Administrator'), (SELECT PERM_ID FROM KRIM_PERM_T WHERE NMSPC_CD = 'KPME-TK' AND NM = 'View Weekly Overtime Rule Group'), 'Y', SYS_GUID(), '1')
/
INSERT INTO KRIM_ROLE_PERM_T (ROLE_PERM_ID, ROLE_ID, PERM_ID, ACTV_IND, OBJ_ID, VER_NBR) VALUES ('KPME0355', (SELECT ROLE_ID FROM KRIM_ROLE_T WHERE NMSPC_CD = 'KPME-TK' AND ROLE_NM = 'Time System Administrator'), (SELECT PERM_ID FROM KRIM_PERM_T WHERE NMSPC_CD = 'KPME-TK' AND NM = 'View Weekly Overtime Rule Group'), 'Y', SYS_GUID(), '1')
/
INSERT INTO KRIM_ROLE_PERM_T (ROLE_PERM_ID, ROLE_ID, PERM_ID, ACTV_IND, OBJ_ID, VER_NBR) VALUES ('KPME0356', (SELECT ROLE_ID FROM KRIM_ROLE_T WHERE NMSPC_CD = 'KPME-TK' AND ROLE_NM = 'Time System View Only'), (SELECT PERM_ID FROM KRIM_PERM_T WHERE NMSPC_CD = 'KPME-TK' AND NM = 'View Weekly Overtime Rule Group'), 'Y', SYS_GUID(), '1')
/
INSERT INTO KRIM_ROLE_PERM_T (ROLE_PERM_ID, ROLE_ID, PERM_ID, ACTV_IND, OBJ_ID, VER_NBR) VALUES ('KPME0357', (SELECT ROLE_ID FROM KRIM_ROLE_T WHERE NMSPC_CD = 'KPME-TK' AND ROLE_NM = 'Time Location View Only'), (SELECT PERM_ID FROM KRIM_PERM_T WHERE NMSPC_CD = 'KPME-TK' AND NM = 'View Weekly Overtime Rule Group'), 'Y', SYS_GUID(), '1')
/
INSERT INTO KRIM_ROLE_PERM_T (ROLE_PERM_ID, ROLE_ID, PERM_ID, ACTV_IND, OBJ_ID, VER_NBR) VALUES ('KPME0358', (SELECT ROLE_ID FROM KRIM_ROLE_T WHERE NMSPC_CD = 'KPME-TK' AND ROLE_NM = 'Time Department View Only'), (SELECT PERM_ID FROM KRIM_PERM_T WHERE NMSPC_CD = 'KPME-TK' AND NM = 'View Weekly Overtime Rule Group'), 'Y', SYS_GUID(), '1')
/
-- Changeset src/main/config/db/2.0.1/db.changelog-201310151500.xml::1::jkakkad
-- KPME-2844:Split "View KPME Record" into separate permissions for each KPME module
INSERT INTO KRIM_ROLE_PERM_T (ROLE_PERM_ID, ROLE_ID, PERM_ID, ACTV_IND, OBJ_ID, VER_NBR) VALUES ('KPME0359', (SELECT ROLE_ID FROM KRIM_ROLE_T WHERE NMSPC_CD = 'KPME-LM' AND ROLE_NM = 'Leave System Administrator'), (SELECT PERM_ID FROM KRIM_PERM_T WHERE NMSPC_CD = 'KPME-LM' AND NM = 'View Accrual Category'), 'Y', SYS_GUID(), '1')
/
INSERT INTO KRIM_ROLE_PERM_T (ROLE_PERM_ID, ROLE_ID, PERM_ID, ACTV_IND, OBJ_ID, VER_NBR) VALUES ('KPME0360', (SELECT ROLE_ID FROM KRIM_ROLE_T WHERE NMSPC_CD = 'KPME-LM' AND ROLE_NM = 'Leave System View Only'), (SELECT PERM_ID FROM KRIM_PERM_T WHERE NMSPC_CD = 'KPME-LM' AND NM = 'View Accrual Category'), 'Y', SYS_GUID(), '1')
/
INSERT INTO KRIM_ROLE_PERM_T (ROLE_PERM_ID, ROLE_ID, PERM_ID, ACTV_IND, OBJ_ID, VER_NBR) VALUES ('KPME0361', (SELECT ROLE_ID FROM KRIM_ROLE_T WHERE NMSPC_CD = 'KPME-LM' AND ROLE_NM = 'Leave Location Administrator'), (SELECT PERM_ID FROM KRIM_PERM_T WHERE NMSPC_CD = 'KPME-LM' AND NM = 'View Accrual Category'), 'Y', SYS_GUID(), '1')
/
INSERT INTO KRIM_ROLE_PERM_T (ROLE_PERM_ID, ROLE_ID, PERM_ID, ACTV_IND, OBJ_ID, VER_NBR) VALUES ('KPME0362', (SELECT ROLE_ID FROM KRIM_ROLE_T WHERE NMSPC_CD = 'KPME-LM' AND ROLE_NM = 'Leave Location View Only'), (SELECT PERM_ID FROM KRIM_PERM_T WHERE NMSPC_CD = 'KPME-LM' AND NM = 'View Accrual Category'), 'Y', SYS_GUID(), '1')
/
INSERT INTO KRIM_ROLE_PERM_T (ROLE_PERM_ID, ROLE_ID, PERM_ID, ACTV_IND, OBJ_ID, VER_NBR) VALUES ('KPME0363', (SELECT ROLE_ID FROM KRIM_ROLE_T WHERE NMSPC_CD = 'KPME-LM' AND ROLE_NM = 'Leave Department Administrator'), (SELECT PERM_ID FROM KRIM_PERM_T WHERE NMSPC_CD = 'KPME-LM' AND NM = 'View Accrual Category'), 'Y', SYS_GUID(), '1')
/
INSERT INTO KRIM_ROLE_PERM_T (ROLE_PERM_ID, ROLE_ID, PERM_ID, ACTV_IND, OBJ_ID, VER_NBR) VALUES ('KPME0364', (SELECT ROLE_ID FROM KRIM_ROLE_T WHERE NMSPC_CD = 'KPME-LM' AND ROLE_NM = 'Leave Department View Only'), (SELECT PERM_ID FROM KRIM_PERM_T WHERE NMSPC_CD = 'KPME-LM' AND NM = 'View Accrual Category'), 'Y', SYS_GUID(), '1')
/
INSERT INTO KRIM_ROLE_PERM_T (ROLE_PERM_ID, ROLE_ID, PERM_ID, ACTV_IND, OBJ_ID, VER_NBR) VALUES ('KPME0365', (SELECT ROLE_ID FROM KRIM_ROLE_T WHERE NMSPC_CD = 'KPME-LM' AND ROLE_NM = 'Leave System Administrator'), (SELECT PERM_ID FROM KRIM_PERM_T WHERE NMSPC_CD = 'KPME-LM' AND NM = 'View Balance Transfer'), 'Y', SYS_GUID(), '1')
/
INSERT INTO KRIM_ROLE_PERM_T (ROLE_PERM_ID, ROLE_ID, PERM_ID, ACTV_IND, OBJ_ID, VER_NBR) VALUES ('KPME0366', (SELECT ROLE_ID FROM KRIM_ROLE_T WHERE NMSPC_CD = 'KPME-LM' AND ROLE_NM = 'Leave System View Only'), (SELECT PERM_ID FROM KRIM_PERM_T WHERE NMSPC_CD = 'KPME-LM' AND NM = 'View Balance Transfer'), 'Y', SYS_GUID(), '1')
/
INSERT INTO KRIM_ROLE_PERM_T (ROLE_PERM_ID, ROLE_ID, PERM_ID, ACTV_IND, OBJ_ID, VER_NBR) VALUES ('KPME0367', (SELECT ROLE_ID FROM KRIM_ROLE_T WHERE NMSPC_CD = 'KPME-LM' AND ROLE_NM = 'Leave Location Administrator'), (SELECT PERM_ID FROM KRIM_PERM_T WHERE NMSPC_CD = 'KPME-LM' AND NM = 'View Balance Transfer'), 'Y', SYS_GUID(), '1')
/
INSERT INTO KRIM_ROLE_PERM_T (ROLE_PERM_ID, ROLE_ID, PERM_ID, ACTV_IND, OBJ_ID, VER_NBR) VALUES ('KPME0368', (SELECT ROLE_ID FROM KRIM_ROLE_T WHERE NMSPC_CD = 'KPME-LM' AND ROLE_NM = 'Leave Location View Only'), (SELECT PERM_ID FROM KRIM_PERM_T WHERE NMSPC_CD = 'KPME-LM' AND NM = 'View Balance Transfer'), 'Y', SYS_GUID(), '1')
/
INSERT INTO KRIM_ROLE_PERM_T (ROLE_PERM_ID, ROLE_ID, PERM_ID, ACTV_IND, OBJ_ID, VER_NBR) VALUES ('KPME0369', (SELECT ROLE_ID FROM KRIM_ROLE_T WHERE NMSPC_CD = 'KPME-LM' AND ROLE_NM = 'Leave Department Administrator'), (SELECT PERM_ID FROM KRIM_PERM_T WHERE NMSPC_CD = 'KPME-LM' AND NM = 'View Balance Transfer'), 'Y', SYS_GUID(), '1')
/
INSERT INTO KRIM_ROLE_PERM_T (ROLE_PERM_ID, ROLE_ID, PERM_ID, ACTV_IND, OBJ_ID, VER_NBR) VALUES ('KPME0370', (SELECT ROLE_ID FROM KRIM_ROLE_T WHERE NMSPC_CD = 'KPME-LM' AND ROLE_NM = 'Leave Department View Only'), (SELECT PERM_ID FROM KRIM_PERM_T WHERE NMSPC_CD = 'KPME-LM' AND NM = 'View Balance Transfer'), 'Y', SYS_GUID(), '1')
/
INSERT INTO KRIM_ROLE_PERM_T (ROLE_PERM_ID, ROLE_ID, PERM_ID, ACTV_IND, OBJ_ID, VER_NBR) VALUES ('KPME0371', (SELECT ROLE_ID FROM KRIM_ROLE_T WHERE NMSPC_CD = 'KPME-LM' AND ROLE_NM = 'Leave System Administrator'), (SELECT PERM_ID FROM KRIM_PERM_T WHERE NMSPC_CD = 'KPME-LM' AND NM = 'View Employee Override'), 'Y', SYS_GUID(), '1')
/
INSERT INTO KRIM_ROLE_PERM_T (ROLE_PERM_ID, ROLE_ID, PERM_ID, ACTV_IND, OBJ_ID, VER_NBR) VALUES ('KPME0372', (SELECT ROLE_ID FROM KRIM_ROLE_T WHERE NMSPC_CD = 'KPME-LM' AND ROLE_NM = 'Leave System View Only'), (SELECT PERM_ID FROM KRIM_PERM_T WHERE NMSPC_CD = 'KPME-LM' AND NM = 'View Employee Override'), 'Y', SYS_GUID(), '1')
/
INSERT INTO KRIM_ROLE_PERM_T (ROLE_PERM_ID, ROLE_ID, PERM_ID, ACTV_IND, OBJ_ID, VER_NBR) VALUES ('KPME0373', (SELECT ROLE_ID FROM KRIM_ROLE_T WHERE NMSPC_CD = 'KPME-LM' AND ROLE_NM = 'Leave Location Administrator'), (SELECT PERM_ID FROM KRIM_PERM_T WHERE NMSPC_CD = 'KPME-LM' AND NM = 'View Employee Override'), 'Y', SYS_GUID(), '1')
/
INSERT INTO KRIM_ROLE_PERM_T (ROLE_PERM_ID, ROLE_ID, PERM_ID, ACTV_IND, OBJ_ID, VER_NBR) VALUES ('KPME0374', (SELECT ROLE_ID FROM KRIM_ROLE_T WHERE NMSPC_CD = 'KPME-LM' AND ROLE_NM = 'Leave Location View Only'), (SELECT PERM_ID FROM KRIM_PERM_T WHERE NMSPC_CD = 'KPME-LM' AND NM = 'View Employee Override'), 'Y', SYS_GUID(), '1')
/
INSERT INTO KRIM_ROLE_PERM_T (ROLE_PERM_ID, ROLE_ID, PERM_ID, ACTV_IND, OBJ_ID, VER_NBR) VALUES ('KPME0375', (SELECT ROLE_ID FROM KRIM_ROLE_T WHERE NMSPC_CD = 'KPME-LM' AND ROLE_NM = 'Leave Department Administrator'), (SELECT PERM_ID FROM KRIM_PERM_T WHERE NMSPC_CD = 'KPME-LM' AND NM = 'View Employee Override'), 'Y', SYS_GUID(), '1')
/
INSERT INTO KRIM_ROLE_PERM_T (ROLE_PERM_ID, ROLE_ID, PERM_ID, ACTV_IND, OBJ_ID, VER_NBR) VALUES ('KPME0376', (SELECT ROLE_ID FROM KRIM_ROLE_T WHERE NMSPC_CD = 'KPME-LM' AND ROLE_NM = 'Leave Department View Only'), (SELECT PERM_ID FROM KRIM_PERM_T WHERE NMSPC_CD = 'KPME-LM' AND NM = 'View Employee Override'), 'Y', SYS_GUID(), '1')
/
INSERT INTO KRIM_ROLE_PERM_T (ROLE_PERM_ID, ROLE_ID, PERM_ID, ACTV_IND, OBJ_ID, VER_NBR) VALUES ('KPME0377', (SELECT ROLE_ID FROM KRIM_ROLE_T WHERE NMSPC_CD = 'KPME-LM' AND ROLE_NM = 'Leave System Administrator'), (SELECT PERM_ID FROM KRIM_PERM_T WHERE NMSPC_CD = 'KPME-LM' AND NM = 'View Leave Adjustment'), 'Y', SYS_GUID(), '1')
/
INSERT INTO KRIM_ROLE_PERM_T (ROLE_PERM_ID, ROLE_ID, PERM_ID, ACTV_IND, OBJ_ID, VER_NBR) VALUES ('KPME0378', (SELECT ROLE_ID FROM KRIM_ROLE_T WHERE NMSPC_CD = 'KPME-LM' AND ROLE_NM = 'Leave System View Only'), (SELECT PERM_ID FROM KRIM_PERM_T WHERE NMSPC_CD = 'KPME-LM' AND NM = 'View Leave Adjustment'), 'Y', SYS_GUID(), '1')
/
INSERT INTO KRIM_ROLE_PERM_T (ROLE_PERM_ID, ROLE_ID, PERM_ID, ACTV_IND, OBJ_ID, VER_NBR) VALUES ('KPME0379', (SELECT ROLE_ID FROM KRIM_ROLE_T WHERE NMSPC_CD = 'KPME-LM' AND ROLE_NM = 'Leave Location Administrator'), (SELECT PERM_ID FROM KRIM_PERM_T WHERE NMSPC_CD = 'KPME-LM' AND NM = 'View Leave Adjustment'), 'Y', SYS_GUID(), '1')
/
INSERT INTO KRIM_ROLE_PERM_T (ROLE_PERM_ID, ROLE_ID, PERM_ID, ACTV_IND, OBJ_ID, VER_NBR) VALUES ('KPME0380', (SELECT ROLE_ID FROM KRIM_ROLE_T WHERE NMSPC_CD = 'KPME-LM' AND ROLE_NM = 'Leave Location View Only'), (SELECT PERM_ID FROM KRIM_PERM_T WHERE NMSPC_CD = 'KPME-LM' AND NM = 'View Leave Adjustment'), 'Y', SYS_GUID(), '1')
/
INSERT INTO KRIM_ROLE_PERM_T (ROLE_PERM_ID, ROLE_ID, PERM_ID, ACTV_IND, OBJ_ID, VER_NBR) VALUES ('KPME0381', (SELECT ROLE_ID FROM KRIM_ROLE_T WHERE NMSPC_CD = 'KPME-LM' AND ROLE_NM = 'Leave Department Administrator'), (SELECT PERM_ID FROM KRIM_PERM_T WHERE NMSPC_CD = 'KPME-LM' AND NM = 'View Leave Adjustment'), 'Y', SYS_GUID(), '1')
/
INSERT INTO KRIM_ROLE_PERM_T (ROLE_PERM_ID, ROLE_ID, PERM_ID, ACTV_IND, OBJ_ID, VER_NBR) VALUES ('KPME0382', (SELECT ROLE_ID FROM KRIM_ROLE_T WHERE NMSPC_CD = 'KPME-LM' AND ROLE_NM = 'Leave Department View Only'), (SELECT PERM_ID FROM KRIM_PERM_T WHERE NMSPC_CD = 'KPME-LM' AND NM = 'View Leave Adjustment'), 'Y', SYS_GUID(), '1')
/
INSERT INTO KRIM_ROLE_PERM_T (ROLE_PERM_ID, ROLE_ID, PERM_ID, ACTV_IND, OBJ_ID, VER_NBR) VALUES ('KPME0383', (SELECT ROLE_ID FROM KRIM_ROLE_T WHERE NMSPC_CD = 'KPME-LM' AND ROLE_NM = 'Leave System Administrator'), (SELECT PERM_ID FROM KRIM_PERM_T WHERE NMSPC_CD = 'KPME-LM' AND NM = 'View Leave Donation'), 'Y', SYS_GUID(), '1')
/
INSERT INTO KRIM_ROLE_PERM_T (ROLE_PERM_ID, ROLE_ID, PERM_ID, ACTV_IND, OBJ_ID, VER_NBR) VALUES ('KPME0384', (SELECT ROLE_ID FROM KRIM_ROLE_T WHERE NMSPC_CD = 'KPME-LM' AND ROLE_NM = 'Leave System View Only'), (SELECT PERM_ID FROM KRIM_PERM_T WHERE NMSPC_CD = 'KPME-LM' AND NM = 'View Leave Donation'), 'Y', SYS_GUID(), '1')
/
INSERT INTO KRIM_ROLE_PERM_T (ROLE_PERM_ID, ROLE_ID, PERM_ID, ACTV_IND, OBJ_ID, VER_NBR) VALUES ('KPME0385', (SELECT ROLE_ID FROM KRIM_ROLE_T WHERE NMSPC_CD = 'KPME-LM' AND ROLE_NM = 'Leave Location Administrator'), (SELECT PERM_ID FROM KRIM_PERM_T WHERE NMSPC_CD = 'KPME-LM' AND NM = 'View Leave Donation'), 'Y', SYS_GUID(), '1')
/
INSERT INTO KRIM_ROLE_PERM_T (ROLE_PERM_ID, ROLE_ID, PERM_ID, ACTV_IND, OBJ_ID, VER_NBR) VALUES ('KPME0386', (SELECT ROLE_ID FROM KRIM_ROLE_T WHERE NMSPC_CD = 'KPME-LM' AND ROLE_NM = 'Leave Location View Only'), (SELECT PERM_ID FROM KRIM_PERM_T WHERE NMSPC_CD = 'KPME-LM' AND NM = 'View Leave Donation'), 'Y', SYS_GUID(), '1')
/
INSERT INTO KRIM_ROLE_PERM_T (ROLE_PERM_ID, ROLE_ID, PERM_ID, ACTV_IND, OBJ_ID, VER_NBR) VALUES ('KPME0387', (SELECT ROLE_ID FROM KRIM_ROLE_T WHERE NMSPC_CD = 'KPME-LM' AND ROLE_NM = 'Leave Department Administrator'), (SELECT PERM_ID FROM KRIM_PERM_T WHERE NMSPC_CD = 'KPME-LM' AND NM = 'View Leave Donation'), 'Y', SYS_GUID(), '1')
/
INSERT INTO KRIM_ROLE_PERM_T (ROLE_PERM_ID, ROLE_ID, PERM_ID, ACTV_IND, OBJ_ID, VER_NBR) VALUES ('KPME0388', (SELECT ROLE_ID FROM KRIM_ROLE_T WHERE NMSPC_CD = 'KPME-LM' AND ROLE_NM = 'Leave Department View Only'), (SELECT PERM_ID FROM KRIM_PERM_T WHERE NMSPC_CD = 'KPME-LM' AND NM = 'View Leave Donation'), 'Y', SYS_GUID(), '1')
/
INSERT INTO KRIM_ROLE_PERM_T (ROLE_PERM_ID, ROLE_ID, PERM_ID, ACTV_IND, OBJ_ID, VER_NBR) VALUES ('KPME0389', (SELECT ROLE_ID FROM KRIM_ROLE_T WHERE NMSPC_CD = 'KPME-LM' AND ROLE_NM = 'Leave System Administrator'), (SELECT PERM_ID FROM KRIM_PERM_T WHERE NMSPC_CD = 'KPME-LM' AND NM = 'View Leave Payout'), 'Y', SYS_GUID(), '1')
/
INSERT INTO KRIM_ROLE_PERM_T (ROLE_PERM_ID, ROLE_ID, PERM_ID, ACTV_IND, OBJ_ID, VER_NBR) VALUES ('KPME0390', (SELECT ROLE_ID FROM KRIM_ROLE_T WHERE NMSPC_CD = 'KPME-LM' AND ROLE_NM = 'Leave System View Only'), (SELECT PERM_ID FROM KRIM_PERM_T WHERE NMSPC_CD = 'KPME-LM' AND NM = 'View Leave Payout'), 'Y', SYS_GUID(), '1')
/
INSERT INTO KRIM_ROLE_PERM_T (ROLE_PERM_ID, ROLE_ID, PERM_ID, ACTV_IND, OBJ_ID, VER_NBR) VALUES ('KPME0391', (SELECT ROLE_ID FROM KRIM_ROLE_T WHERE NMSPC_CD = 'KPME-LM' AND ROLE_NM = 'Leave Location Administrator'), (SELECT PERM_ID FROM KRIM_PERM_T WHERE NMSPC_CD = 'KPME-LM' AND NM = 'View Leave Payout'), 'Y', SYS_GUID(), '1')
/
INSERT INTO KRIM_ROLE_PERM_T (ROLE_PERM_ID, ROLE_ID, PERM_ID, ACTV_IND, OBJ_ID, VER_NBR) VALUES ('KPME0392', (SELECT ROLE_ID FROM KRIM_ROLE_T WHERE NMSPC_CD = 'KPME-LM' AND ROLE_NM = 'Leave Location View Only'), (SELECT PERM_ID FROM KRIM_PERM_T WHERE NMSPC_CD = 'KPME-LM' AND NM = 'View Leave Payout'), 'Y', SYS_GUID(), '1')
/
INSERT INTO KRIM_ROLE_PERM_T (ROLE_PERM_ID, ROLE_ID, PERM_ID, ACTV_IND, OBJ_ID, VER_NBR) VALUES ('KPME0393', (SELECT ROLE_ID FROM KRIM_ROLE_T WHERE NMSPC_CD = 'KPME-LM' AND ROLE_NM = 'Leave Department Administrator'), (SELECT PERM_ID FROM KRIM_PERM_T WHERE NMSPC_CD = 'KPME-LM' AND NM = 'View Leave Payout'), 'Y', SYS_GUID(), '1')
/
INSERT INTO KRIM_ROLE_PERM_T (ROLE_PERM_ID, ROLE_ID, PERM_ID, ACTV_IND, OBJ_ID, VER_NBR) VALUES ('KPME0394', (SELECT ROLE_ID FROM KRIM_ROLE_T WHERE NMSPC_CD = 'KPME-LM' AND ROLE_NM = 'Leave Department View Only'), (SELECT PERM_ID FROM KRIM_PERM_T WHERE NMSPC_CD = 'KPME-LM' AND NM = 'View Leave Payout'), 'Y', SYS_GUID(), '1')
/
INSERT INTO KRIM_ROLE_PERM_T (ROLE_PERM_ID, ROLE_ID, PERM_ID, ACTV_IND, OBJ_ID, VER_NBR) VALUES ('KPME0395', (SELECT ROLE_ID FROM KRIM_ROLE_T WHERE NMSPC_CD = 'KPME-LM' AND ROLE_NM = 'Leave System Administrator'), (SELECT PERM_ID FROM KRIM_PERM_T WHERE NMSPC_CD = 'KPME-LM' AND NM = 'View Leave Plan'), 'Y', SYS_GUID(), '1')
/
INSERT INTO KRIM_ROLE_PERM_T (ROLE_PERM_ID, ROLE_ID, PERM_ID, ACTV_IND, OBJ_ID, VER_NBR) VALUES ('KPME0396', (SELECT ROLE_ID FROM KRIM_ROLE_T WHERE NMSPC_CD = 'KPME-LM' AND ROLE_NM = 'Leave System View Only'), (SELECT PERM_ID FROM KRIM_PERM_T WHERE NMSPC_CD = 'KPME-LM' AND NM = 'View Leave Plan'), 'Y', SYS_GUID(), '1')
/
INSERT INTO KRIM_ROLE_PERM_T (ROLE_PERM_ID, ROLE_ID, PERM_ID, ACTV_IND, OBJ_ID, VER_NBR) VALUES ('KPME0397', (SELECT ROLE_ID FROM KRIM_ROLE_T WHERE NMSPC_CD = 'KPME-LM' AND ROLE_NM = 'Leave Location Administrator'), (SELECT PERM_ID FROM KRIM_PERM_T WHERE NMSPC_CD = 'KPME-LM' AND NM = 'View Leave Plan'), 'Y', SYS_GUID(), '1')
/
INSERT INTO KRIM_ROLE_PERM_T (ROLE_PERM_ID, ROLE_ID, PERM_ID, ACTV_IND, OBJ_ID, VER_NBR) VALUES ('KPME0398', (SELECT ROLE_ID FROM KRIM_ROLE_T WHERE NMSPC_CD = 'KPME-LM' AND ROLE_NM = 'Leave Location View Only'), (SELECT PERM_ID FROM KRIM_PERM_T WHERE NMSPC_CD = 'KPME-LM' AND NM = 'View Leave Plan'), 'Y', SYS_GUID(), '1')
/
INSERT INTO KRIM_ROLE_PERM_T (ROLE_PERM_ID, ROLE_ID, PERM_ID, ACTV_IND, OBJ_ID, VER_NBR) VALUES ('KPME0399', (SELECT ROLE_ID FROM KRIM_ROLE_T WHERE NMSPC_CD = 'KPME-LM' AND ROLE_NM = 'Leave Department Administrator'), (SELECT PERM_ID FROM KRIM_PERM_T WHERE NMSPC_CD = 'KPME-LM' AND NM = 'View Leave Plan'), 'Y', SYS_GUID(), '1')
/
INSERT INTO KRIM_ROLE_PERM_T (ROLE_PERM_ID, ROLE_ID, PERM_ID, ACTV_IND, OBJ_ID, VER_NBR) VALUES ('KPME0400', (SELECT ROLE_ID FROM KRIM_ROLE_T WHERE NMSPC_CD = 'KPME-LM' AND ROLE_NM = 'Leave Department View Only'), (SELECT PERM_ID FROM KRIM_PERM_T WHERE NMSPC_CD = 'KPME-LM' AND NM = 'View Leave Plan'), 'Y', SYS_GUID(), '1')
/
INSERT INTO KRIM_ROLE_PERM_T (ROLE_PERM_ID, ROLE_ID, PERM_ID, ACTV_IND, OBJ_ID, VER_NBR) VALUES ('KPME0401', (SELECT ROLE_ID FROM KRIM_ROLE_T WHERE NMSPC_CD = 'KPME-LM' AND ROLE_NM = 'Leave System Administrator'), (SELECT PERM_ID FROM KRIM_PERM_T WHERE NMSPC_CD = 'KPME-LM' AND NM = 'View System Scheduled Time Off'), 'Y', SYS_GUID(), '1')
/
INSERT INTO KRIM_ROLE_PERM_T (ROLE_PERM_ID, ROLE_ID, PERM_ID, ACTV_IND, OBJ_ID, VER_NBR) VALUES ('KPME0402', (SELECT ROLE_ID FROM KRIM_ROLE_T WHERE NMSPC_CD = 'KPME-LM' AND ROLE_NM = 'Leave System View Only'), (SELECT PERM_ID FROM KRIM_PERM_T WHERE NMSPC_CD = 'KPME-LM' AND NM = 'View System Scheduled Time Off'), 'Y', SYS_GUID(), '1')
/
INSERT INTO KRIM_ROLE_PERM_T (ROLE_PERM_ID, ROLE_ID, PERM_ID, ACTV_IND, OBJ_ID, VER_NBR) VALUES ('KPME0403', (SELECT ROLE_ID FROM KRIM_ROLE_T WHERE NMSPC_CD = 'KPME-LM' AND ROLE_NM = 'Leave Location Administrator'), (SELECT PERM_ID FROM KRIM_PERM_T WHERE NMSPC_CD = 'KPME-LM' AND NM = 'View System Scheduled Time Off'), 'Y', SYS_GUID(), '1')
/
INSERT INTO KRIM_ROLE_PERM_T (ROLE_PERM_ID, ROLE_ID, PERM_ID, ACTV_IND, OBJ_ID, VER_NBR) VALUES ('KPME0404', (SELECT ROLE_ID FROM KRIM_ROLE_T WHERE NMSPC_CD = 'KPME-LM' AND ROLE_NM = 'Leave Location View Only'), (SELECT PERM_ID FROM KRIM_PERM_T WHERE NMSPC_CD = 'KPME-LM' AND NM = 'View System Scheduled Time Off'), 'Y', SYS_GUID(), '1')
/
INSERT INTO KRIM_ROLE_PERM_T (ROLE_PERM_ID, ROLE_ID, PERM_ID, ACTV_IND, OBJ_ID, VER_NBR) VALUES ('KPME0405', (SELECT ROLE_ID FROM KRIM_ROLE_T WHERE NMSPC_CD = 'KPME-LM' AND ROLE_NM = 'Leave Department Administrator'), (SELECT PERM_ID FROM KRIM_PERM_T WHERE NMSPC_CD = 'KPME-LM' AND NM = 'View System Scheduled Time Off'), 'Y', SYS_GUID(), '1')
/
INSERT INTO KRIM_ROLE_PERM_T (ROLE_PERM_ID, ROLE_ID, PERM_ID, ACTV_IND, OBJ_ID, VER_NBR) VALUES ('KPME0406', (SELECT ROLE_ID FROM KRIM_ROLE_T WHERE NMSPC_CD = 'KPME-LM' AND ROLE_NM = 'Leave Department View Only'), (SELECT PERM_ID FROM KRIM_PERM_T WHERE NMSPC_CD = 'KPME-LM' AND NM = 'View System Scheduled Time Off'), 'Y', SYS_GUID(), '1')
/
-- Changeset src/main/config/db/2.0.1/db.changelog-201310151700.xml::1::jkakkad
-- KPME-2844:Split "View KPME Record" into separate permissions for each KPME module
INSERT INTO KRIM_ROLE_PERM_T (ROLE_PERM_ID, ROLE_ID, PERM_ID, ACTV_IND, OBJ_ID, VER_NBR) VALUES ('KPME0407', (SELECT ROLE_ID FROM KRIM_ROLE_T WHERE NMSPC_CD = 'KPME-LM' AND ROLE_NM = 'Leave System Administrator'), (SELECT PERM_ID FROM KRIM_PERM_T WHERE NMSPC_CD = 'KPME-HR' AND NM = 'View Assignment'), 'Y', SYS_GUID(), '1')
/
INSERT INTO KRIM_ROLE_PERM_T (ROLE_PERM_ID, ROLE_ID, PERM_ID, ACTV_IND, OBJ_ID, VER_NBR) VALUES ('KPME0408', (SELECT ROLE_ID FROM KRIM_ROLE_T WHERE NMSPC_CD = 'KPME-LM' AND ROLE_NM = 'Leave System View Only'), (SELECT PERM_ID FROM KRIM_PERM_T WHERE NMSPC_CD = 'KPME-HR' AND NM = 'View Assignment'), 'Y', SYS_GUID(), '1')
/
INSERT INTO KRIM_ROLE_PERM_T (ROLE_PERM_ID, ROLE_ID, PERM_ID, ACTV_IND, OBJ_ID, VER_NBR) VALUES ('KPME0409', (SELECT ROLE_ID FROM KRIM_ROLE_T WHERE NMSPC_CD = 'KPME-LM' AND ROLE_NM = 'Leave Location Administrator'), (SELECT PERM_ID FROM KRIM_PERM_T WHERE NMSPC_CD = 'KPME-HR' AND NM = 'View Assignment'), 'Y', SYS_GUID(), '1')
/
INSERT INTO KRIM_ROLE_PERM_T (ROLE_PERM_ID, ROLE_ID, PERM_ID, ACTV_IND, OBJ_ID, VER_NBR) VALUES ('KPME0410', (SELECT ROLE_ID FROM KRIM_ROLE_T WHERE NMSPC_CD = 'KPME-LM' AND ROLE_NM = 'Leave Location View Only'), (SELECT PERM_ID FROM KRIM_PERM_T WHERE NMSPC_CD = 'KPME-HR' AND NM = 'View Assignment'), 'Y', SYS_GUID(), '1')
/
INSERT INTO KRIM_ROLE_PERM_T (ROLE_PERM_ID, ROLE_ID, PERM_ID, ACTV_IND, OBJ_ID, VER_NBR) VALUES ('KPME0411', (SELECT ROLE_ID FROM KRIM_ROLE_T WHERE NMSPC_CD = 'KPME-LM' AND ROLE_NM = 'Leave Department Administrator'), (SELECT PERM_ID FROM KRIM_PERM_T WHERE NMSPC_CD = 'KPME-HR' AND NM = 'View Assignment'), 'Y', SYS_GUID(), '1')
/
INSERT INTO KRIM_ROLE_PERM_T (ROLE_PERM_ID, ROLE_ID, PERM_ID, ACTV_IND, OBJ_ID, VER_NBR) VALUES ('KPME0412', (SELECT ROLE_ID FROM KRIM_ROLE_T WHERE NMSPC_CD = 'KPME-LM' AND ROLE_NM = 'Leave Department View Only'), (SELECT PERM_ID FROM KRIM_PERM_T WHERE NMSPC_CD = 'KPME-HR' AND NM = 'View Assignment'), 'Y', SYS_GUID(), '1')
/
INSERT INTO KRIM_ROLE_PERM_T (ROLE_PERM_ID, ROLE_ID, PERM_ID, ACTV_IND, OBJ_ID, VER_NBR) VALUES ('KPME0413', (SELECT ROLE_ID FROM KRIM_ROLE_T WHERE NMSPC_CD = 'KPME-TK' AND ROLE_NM = 'Time System Administrator'), (SELECT PERM_ID FROM KRIM_PERM_T WHERE NMSPC_CD = 'KPME-HR' AND NM = 'View Assignment'), 'Y', SYS_GUID(), '1')
/
INSERT INTO KRIM_ROLE_PERM_T (ROLE_PERM_ID, ROLE_ID, PERM_ID, ACTV_IND, OBJ_ID, VER_NBR) VALUES ('KPME0414', (SELECT ROLE_ID FROM KRIM_ROLE_T WHERE NMSPC_CD = 'KPME-TK' AND ROLE_NM = 'Time System View Only'), (SELECT PERM_ID FROM KRIM_PERM_T WHERE NMSPC_CD = 'KPME-HR' AND NM = 'View Assignment'), 'Y', SYS_GUID(), '1')
/
INSERT INTO KRIM_ROLE_PERM_T (ROLE_PERM_ID, ROLE_ID, PERM_ID, ACTV_IND, OBJ_ID, VER_NBR) VALUES ('KPME0415', (SELECT ROLE_ID FROM KRIM_ROLE_T WHERE NMSPC_CD = 'KPME-TK' AND ROLE_NM = 'Time Location Administrator'), (SELECT PERM_ID FROM KRIM_PERM_T WHERE NMSPC_CD = 'KPME-HR' AND NM = 'View Assignment'), 'Y', SYS_GUID(), '1')
/
INSERT INTO KRIM_ROLE_PERM_T (ROLE_PERM_ID, ROLE_ID, PERM_ID, ACTV_IND, OBJ_ID, VER_NBR) VALUES ('KPME0416', (SELECT ROLE_ID FROM KRIM_ROLE_T WHERE NMSPC_CD = 'KPME-TK' AND ROLE_NM = 'Time Location View Only'), (SELECT PERM_ID FROM KRIM_PERM_T WHERE NMSPC_CD = 'KPME-HR' AND NM = 'View Assignment'), 'Y', SYS_GUID(), '1')
/
INSERT INTO KRIM_ROLE_PERM_T (ROLE_PERM_ID, ROLE_ID, PERM_ID, ACTV_IND, OBJ_ID, VER_NBR) VALUES ('KPME0417', (SELECT ROLE_ID FROM KRIM_ROLE_T WHERE NMSPC_CD = 'KPME-TK' AND ROLE_NM = 'Time Department Administrator'), (SELECT PERM_ID FROM KRIM_PERM_T WHERE NMSPC_CD = 'KPME-HR' AND NM = 'View Assignment'), 'Y', SYS_GUID(), '1')
/
INSERT INTO KRIM_ROLE_PERM_T (ROLE_PERM_ID, ROLE_ID, PERM_ID, ACTV_IND, OBJ_ID, VER_NBR) VALUES ('KPME0418', (SELECT ROLE_ID FROM KRIM_ROLE_T WHERE NMSPC_CD = 'KPME-TK' AND ROLE_NM = 'Time Department View Only'), (SELECT PERM_ID FROM KRIM_PERM_T WHERE NMSPC_CD = 'KPME-HR' AND NM = 'View Assignment'), 'Y', SYS_GUID(), '1')
/
INSERT INTO KRIM_ROLE_PERM_T (ROLE_PERM_ID, ROLE_ID, PERM_ID, ACTV_IND, OBJ_ID, VER_NBR) VALUES ('KPME0419', (SELECT ROLE_ID FROM KRIM_ROLE_T WHERE NMSPC_CD = 'KPME-LM' AND ROLE_NM = 'Leave System Administrator'), (SELECT PERM_ID FROM KRIM_PERM_T WHERE NMSPC_CD = 'KPME-HR' AND NM = 'View Calendar'), 'Y', SYS_GUID(), '1')
/
INSERT INTO KRIM_ROLE_PERM_T (ROLE_PERM_ID, ROLE_ID, PERM_ID, ACTV_IND, OBJ_ID, VER_NBR) VALUES ('KPME0420', (SELECT ROLE_ID FROM KRIM_ROLE_T WHERE NMSPC_CD = 'KPME-LM' AND ROLE_NM = 'Leave System View Only'), (SELECT PERM_ID FROM KRIM_PERM_T WHERE NMSPC_CD = 'KPME-HR' AND NM = 'View Calendar'), 'Y', SYS_GUID(), '1')
/
INSERT INTO KRIM_ROLE_PERM_T (ROLE_PERM_ID, ROLE_ID, PERM_ID, ACTV_IND, OBJ_ID, VER_NBR) VALUES ('KPME0421', (SELECT ROLE_ID FROM KRIM_ROLE_T WHERE NMSPC_CD = 'KPME-LM' AND ROLE_NM = 'Leave Location Administrator'), (SELECT PERM_ID FROM KRIM_PERM_T WHERE NMSPC_CD = 'KPME-HR' AND NM = 'View Calendar'), 'Y', SYS_GUID(), '1')
/
INSERT INTO KRIM_ROLE_PERM_T (ROLE_PERM_ID, ROLE_ID, PERM_ID, ACTV_IND, OBJ_ID, VER_NBR) VALUES ('KPME0422', (SELECT ROLE_ID FROM KRIM_ROLE_T WHERE NMSPC_CD = 'KPME-LM' AND ROLE_NM = 'Leave Location View Only'), (SELECT PERM_ID FROM KRIM_PERM_T WHERE NMSPC_CD = 'KPME-HR' AND NM = 'View Calendar'), 'Y', SYS_GUID(), '1')
/
INSERT INTO KRIM_ROLE_PERM_T (ROLE_PERM_ID, ROLE_ID, PERM_ID, ACTV_IND, OBJ_ID, VER_NBR) VALUES ('KPME0423', (SELECT ROLE_ID FROM KRIM_ROLE_T WHERE NMSPC_CD = 'KPME-LM' AND ROLE_NM = 'Leave Department Administrator'), (SELECT PERM_ID FROM KRIM_PERM_T WHERE NMSPC_CD = 'KPME-HR' AND NM = 'View Calendar'), 'Y', SYS_GUID(), '1')
/
INSERT INTO KRIM_ROLE_PERM_T (ROLE_PERM_ID, ROLE_ID, PERM_ID, ACTV_IND, OBJ_ID, VER_NBR) VALUES ('KPME0424', (SELECT ROLE_ID FROM KRIM_ROLE_T WHERE NMSPC_CD = 'KPME-LM' AND ROLE_NM = 'Leave Department View Only'), (SELECT PERM_ID FROM KRIM_PERM_T WHERE NMSPC_CD = 'KPME-HR' AND NM = 'View Calendar'), 'Y', SYS_GUID(), '1')
/
INSERT INTO KRIM_ROLE_PERM_T (ROLE_PERM_ID, ROLE_ID, PERM_ID, ACTV_IND, OBJ_ID, VER_NBR) VALUES ('KPME0425', (SELECT ROLE_ID FROM KRIM_ROLE_T WHERE NMSPC_CD = 'KPME-TK' AND ROLE_NM = 'Time System Administrator'), (SELECT PERM_ID FROM KRIM_PERM_T WHERE NMSPC_CD = 'KPME-HR' AND NM = 'View Calendar'), 'Y', SYS_GUID(), '1')
/
INSERT INTO KRIM_ROLE_PERM_T (ROLE_PERM_ID, ROLE_ID, PERM_ID, ACTV_IND, OBJ_ID, VER_NBR) VALUES ('KPME0426', (SELECT ROLE_ID FROM KRIM_ROLE_T WHERE NMSPC_CD = 'KPME-TK' AND ROLE_NM = 'Time System View Only'), (SELECT PERM_ID FROM KRIM_PERM_T WHERE NMSPC_CD = 'KPME-HR' AND NM = 'View Calendar'), 'Y', SYS_GUID(), '1')
/
INSERT INTO KRIM_ROLE_PERM_T (ROLE_PERM_ID, ROLE_ID, PERM_ID, ACTV_IND, OBJ_ID, VER_NBR) VALUES ('KPME0427', (SELECT ROLE_ID FROM KRIM_ROLE_T WHERE NMSPC_CD = 'KPME-TK' AND ROLE_NM = 'Time Location Administrator'), (SELECT PERM_ID FROM KRIM_PERM_T WHERE NMSPC_CD = 'KPME-HR' AND NM = 'View Calendar'), 'Y', SYS_GUID(), '1')
/
INSERT INTO KRIM_ROLE_PERM_T (ROLE_PERM_ID, ROLE_ID, PERM_ID, ACTV_IND, OBJ_ID, VER_NBR) VALUES ('KPME0428', (SELECT ROLE_ID FROM KRIM_ROLE_T WHERE NMSPC_CD = 'KPME-TK' AND ROLE_NM = 'Time Location View Only'), (SELECT PERM_ID FROM KRIM_PERM_T WHERE NMSPC_CD = 'KPME-HR' AND NM = 'View Calendar'), 'Y', SYS_GUID(), '1')
/
INSERT INTO KRIM_ROLE_PERM_T (ROLE_PERM_ID, ROLE_ID, PERM_ID, ACTV_IND, OBJ_ID, VER_NBR) VALUES ('KPME0429', (SELECT ROLE_ID FROM KRIM_ROLE_T WHERE NMSPC_CD = 'KPME-TK' AND ROLE_NM = 'Time Department Administrator'), (SELECT PERM_ID FROM KRIM_PERM_T WHERE NMSPC_CD = 'KPME-HR' AND NM = 'View Calendar'), 'Y', SYS_GUID(), '1')
/
INSERT INTO KRIM_ROLE_PERM_T (ROLE_PERM_ID, ROLE_ID, PERM_ID, ACTV_IND, OBJ_ID, VER_NBR) VALUES ('KPME0430', (SELECT ROLE_ID FROM KRIM_ROLE_T WHERE NMSPC_CD = 'KPME-TK' AND ROLE_NM = 'Time Department View Only'), (SELECT PERM_ID FROM KRIM_PERM_T WHERE NMSPC_CD = 'KPME-HR' AND NM = 'View Calendar'), 'Y', SYS_GUID(), '1')
/
INSERT INTO KRIM_ROLE_PERM_T (ROLE_PERM_ID, ROLE_ID, PERM_ID, ACTV_IND, OBJ_ID, VER_NBR) VALUES ('KPME0431', (SELECT ROLE_ID FROM KRIM_ROLE_T WHERE NMSPC_CD = 'KPME-LM' AND ROLE_NM = 'Leave System Administrator'), (SELECT PERM_ID FROM KRIM_PERM_T WHERE NMSPC_CD = 'KPME-HR' AND NM = 'View Calendar Entry'), 'Y', SYS_GUID(), '1')
/
INSERT INTO KRIM_ROLE_PERM_T (ROLE_PERM_ID, ROLE_ID, PERM_ID, ACTV_IND, OBJ_ID, VER_NBR) VALUES ('KPME0432', (SELECT ROLE_ID FROM KRIM_ROLE_T WHERE NMSPC_CD = 'KPME-LM' AND ROLE_NM = 'Leave System View Only'), (SELECT PERM_ID FROM KRIM_PERM_T WHERE NMSPC_CD = 'KPME-HR' AND NM = 'View Calendar Entry'), 'Y', SYS_GUID(), '1')
/
INSERT INTO KRIM_ROLE_PERM_T (ROLE_PERM_ID, ROLE_ID, PERM_ID, ACTV_IND, OBJ_ID, VER_NBR) VALUES ('KPME0433', (SELECT ROLE_ID FROM KRIM_ROLE_T WHERE NMSPC_CD = 'KPME-LM' AND ROLE_NM = 'Leave Location Administrator'), (SELECT PERM_ID FROM KRIM_PERM_T WHERE NMSPC_CD = 'KPME-HR' AND NM = 'View Calendar Entry'), 'Y', SYS_GUID(), '1')
/
INSERT INTO KRIM_ROLE_PERM_T (ROLE_PERM_ID, ROLE_ID, PERM_ID, ACTV_IND, OBJ_ID, VER_NBR) VALUES ('KPME0434', (SELECT ROLE_ID FROM KRIM_ROLE_T WHERE NMSPC_CD = 'KPME-LM' AND ROLE_NM = 'Leave Location View Only'), (SELECT PERM_ID FROM KRIM_PERM_T WHERE NMSPC_CD = 'KPME-HR' AND NM = 'View Calendar Entry'), 'Y', SYS_GUID(), '1')
/
INSERT INTO KRIM_ROLE_PERM_T (ROLE_PERM_ID, ROLE_ID, PERM_ID, ACTV_IND, OBJ_ID, VER_NBR) VALUES ('KPME0435', (SELECT ROLE_ID FROM KRIM_ROLE_T WHERE NMSPC_CD = 'KPME-LM' AND ROLE_NM = 'Leave Department Administrator'), (SELECT PERM_ID FROM KRIM_PERM_T WHERE NMSPC_CD = 'KPME-HR' AND NM = 'View Calendar Entry'), 'Y', SYS_GUID(), '1')
/
INSERT INTO KRIM_ROLE_PERM_T (ROLE_PERM_ID, ROLE_ID, PERM_ID, ACTV_IND, OBJ_ID, VER_NBR) VALUES ('KPME0436', (SELECT ROLE_ID FROM KRIM_ROLE_T WHERE NMSPC_CD = 'KPME-LM' AND ROLE_NM = 'Leave Department View Only'), (SELECT PERM_ID FROM KRIM_PERM_T WHERE NMSPC_CD = 'KPME-HR' AND NM = 'View Calendar Entry'), 'Y', SYS_GUID(), '1')
/
INSERT INTO KRIM_ROLE_PERM_T (ROLE_PERM_ID, ROLE_ID, PERM_ID, ACTV_IND, OBJ_ID, VER_NBR) VALUES ('KPME0437', (SELECT ROLE_ID FROM KRIM_ROLE_T WHERE NMSPC_CD = 'KPME-TK' AND ROLE_NM = 'Time System Administrator'), (SELECT PERM_ID FROM KRIM_PERM_T WHERE NMSPC_CD = 'KPME-HR' AND NM = 'View Calendar Entry'), 'Y', SYS_GUID(), '1')
/
INSERT INTO KRIM_ROLE_PERM_T (ROLE_PERM_ID, ROLE_ID, PERM_ID, ACTV_IND, OBJ_ID, VER_NBR) VALUES ('KPME0438', (SELECT ROLE_ID FROM KRIM_ROLE_T WHERE NMSPC_CD = 'KPME-TK' AND ROLE_NM = 'Time System View Only'), (SELECT PERM_ID FROM KRIM_PERM_T WHERE NMSPC_CD = 'KPME-HR' AND NM = 'View Calendar Entry'), 'Y', SYS_GUID(), '1')
/
INSERT INTO KRIM_ROLE_PERM_T (ROLE_PERM_ID, ROLE_ID, PERM_ID, ACTV_IND, OBJ_ID, VER_NBR) VALUES ('KPME0439', (SELECT ROLE_ID FROM KRIM_ROLE_T WHERE NMSPC_CD = 'KPME-TK' AND ROLE_NM = 'Time Location Administrator'), (SELECT PERM_ID FROM KRIM_PERM_T WHERE NMSPC_CD = 'KPME-HR' AND NM = 'View Calendar Entry'), 'Y', SYS_GUID(), '1')
/
INSERT INTO KRIM_ROLE_PERM_T (ROLE_PERM_ID, ROLE_ID, PERM_ID, ACTV_IND, OBJ_ID, VER_NBR) VALUES ('KPME0440', (SELECT ROLE_ID FROM KRIM_ROLE_T WHERE NMSPC_CD = 'KPME-TK' AND ROLE_NM = 'Time Location View Only'), (SELECT PERM_ID FROM KRIM_PERM_T WHERE NMSPC_CD = 'KPME-HR' AND NM = 'View Calendar Entry'), 'Y', SYS_GUID(), '1')
/
INSERT INTO KRIM_ROLE_PERM_T (ROLE_PERM_ID, ROLE_ID, PERM_ID, ACTV_IND, OBJ_ID, VER_NBR) VALUES ('KPME0441', (SELECT ROLE_ID FROM KRIM_ROLE_T WHERE NMSPC_CD = 'KPME-TK' AND ROLE_NM = 'Time Department Administrator'), (SELECT PERM_ID FROM KRIM_PERM_T WHERE NMSPC_CD = 'KPME-HR' AND NM = 'View Calendar Entry'), 'Y', SYS_GUID(), '1')
/
INSERT INTO KRIM_ROLE_PERM_T (ROLE_PERM_ID, ROLE_ID, PERM_ID, ACTV_IND, OBJ_ID, VER_NBR) VALUES ('KPME0442', (SELECT ROLE_ID FROM KRIM_ROLE_T WHERE NMSPC_CD = 'KPME-TK' AND ROLE_NM = 'Time Department View Only'), (SELECT PERM_ID FROM KRIM_PERM_T WHERE NMSPC_CD = 'KPME-HR' AND NM = 'View Calendar Entry'), 'Y', SYS_GUID(), '1')
/
INSERT INTO KRIM_ROLE_PERM_T (ROLE_PERM_ID, ROLE_ID, PERM_ID, ACTV_IND, OBJ_ID, VER_NBR) VALUES ('KPME0443', (SELECT ROLE_ID FROM KRIM_ROLE_T WHERE NMSPC_CD = 'KPME-LM' AND ROLE_NM = 'Leave System Administrator'), (SELECT PERM_ID FROM KRIM_PERM_T WHERE NMSPC_CD = 'KPME-HR' AND NM = 'View Department'), 'Y', SYS_GUID(), '1')
/
INSERT INTO KRIM_ROLE_PERM_T (ROLE_PERM_ID, ROLE_ID, PERM_ID, ACTV_IND, OBJ_ID, VER_NBR) VALUES ('KPME0444', (SELECT ROLE_ID FROM KRIM_ROLE_T WHERE NMSPC_CD = 'KPME-LM' AND ROLE_NM = 'Leave System View Only'), (SELECT PERM_ID FROM KRIM_PERM_T WHERE NMSPC_CD = 'KPME-HR' AND NM = 'View Department'), 'Y', SYS_GUID(), '1')
/
INSERT INTO KRIM_ROLE_PERM_T (ROLE_PERM_ID, ROLE_ID, PERM_ID, ACTV_IND, OBJ_ID, VER_NBR) VALUES ('KPME0445', (SELECT ROLE_ID FROM KRIM_ROLE_T WHERE NMSPC_CD = 'KPME-LM' AND ROLE_NM = 'Leave Location Administrator'), (SELECT PERM_ID FROM KRIM_PERM_T WHERE NMSPC_CD = 'KPME-HR' AND NM = 'View Department'), 'Y', SYS_GUID(), '1')
/
INSERT INTO KRIM_ROLE_PERM_T (ROLE_PERM_ID, ROLE_ID, PERM_ID, ACTV_IND, OBJ_ID, VER_NBR) VALUES ('KPME0446', (SELECT ROLE_ID FROM KRIM_ROLE_T WHERE NMSPC_CD = 'KPME-LM' AND ROLE_NM = 'Leave Location View Only'), (SELECT PERM_ID FROM KRIM_PERM_T WHERE NMSPC_CD = 'KPME-HR' AND NM = 'View Department'), 'Y', SYS_GUID(), '1')
/
INSERT INTO KRIM_ROLE_PERM_T (ROLE_PERM_ID, ROLE_ID, PERM_ID, ACTV_IND, OBJ_ID, VER_NBR) VALUES ('KPME0447', (SELECT ROLE_ID FROM KRIM_ROLE_T WHERE NMSPC_CD = 'KPME-LM' AND ROLE_NM = 'Leave Department Administrator'), (SELECT PERM_ID FROM KRIM_PERM_T WHERE NMSPC_CD = 'KPME-HR' AND NM = 'View Department'), 'Y', SYS_GUID(), '1')
/
INSERT INTO KRIM_ROLE_PERM_T (ROLE_PERM_ID, ROLE_ID, PERM_ID, ACTV_IND, OBJ_ID, VER_NBR) VALUES ('KPME0448', (SELECT ROLE_ID FROM KRIM_ROLE_T WHERE NMSPC_CD = 'KPME-LM' AND ROLE_NM = 'Leave Department View Only'), (SELECT PERM_ID FROM KRIM_PERM_T WHERE NMSPC_CD = 'KPME-HR' AND NM = 'View Department'), 'Y', SYS_GUID(), '1')
/
INSERT INTO KRIM_ROLE_PERM_T (ROLE_PERM_ID, ROLE_ID, PERM_ID, ACTV_IND, OBJ_ID, VER_NBR) VALUES ('KPME0449', (SELECT ROLE_ID FROM KRIM_ROLE_T WHERE NMSPC_CD = 'KPME-TK' AND ROLE_NM = 'Time System Administrator'), (SELECT PERM_ID FROM KRIM_PERM_T WHERE NMSPC_CD = 'KPME-HR' AND NM = 'View Department'), 'Y', SYS_GUID(), '1')
/
INSERT INTO KRIM_ROLE_PERM_T (ROLE_PERM_ID, ROLE_ID, PERM_ID, ACTV_IND, OBJ_ID, VER_NBR) VALUES ('KPME0450', (SELECT ROLE_ID FROM KRIM_ROLE_T WHERE NMSPC_CD = 'KPME-TK' AND ROLE_NM = 'Time System View Only'), (SELECT PERM_ID FROM KRIM_PERM_T WHERE NMSPC_CD = 'KPME-HR' AND NM = 'View Department'), 'Y', SYS_GUID(), '1')
/
INSERT INTO KRIM_ROLE_PERM_T (ROLE_PERM_ID, ROLE_ID, PERM_ID, ACTV_IND, OBJ_ID, VER_NBR) VALUES ('KPME0451', (SELECT ROLE_ID FROM KRIM_ROLE_T WHERE NMSPC_CD = 'KPME-TK' AND ROLE_NM = 'Time Location Administrator'), (SELECT PERM_ID FROM KRIM_PERM_T WHERE NMSPC_CD = 'KPME-HR' AND NM = 'View Department'), 'Y', SYS_GUID(), '1')
/
INSERT INTO KRIM_ROLE_PERM_T (ROLE_PERM_ID, ROLE_ID, PERM_ID, ACTV_IND, OBJ_ID, VER_NBR) VALUES ('KPME0452', (SELECT ROLE_ID FROM KRIM_ROLE_T WHERE NMSPC_CD = 'KPME-TK' AND ROLE_NM = 'Time Location View Only'), (SELECT PERM_ID FROM KRIM_PERM_T WHERE NMSPC_CD = 'KPME-HR' AND NM = 'View Department'), 'Y', SYS_GUID(), '1')
/
INSERT INTO KRIM_ROLE_PERM_T (ROLE_PERM_ID, ROLE_ID, PERM_ID, ACTV_IND, OBJ_ID, VER_NBR) VALUES ('KPME0453', (SELECT ROLE_ID FROM KRIM_ROLE_T WHERE NMSPC_CD = 'KPME-TK' AND ROLE_NM = 'Time Department Administrator'), (SELECT PERM_ID FROM KRIM_PERM_T WHERE NMSPC_CD = 'KPME-HR' AND NM = 'View Department'), 'Y', SYS_GUID(), '1')
/
INSERT INTO KRIM_ROLE_PERM_T (ROLE_PERM_ID, ROLE_ID, PERM_ID, ACTV_IND, OBJ_ID, VER_NBR) VALUES ('KPME0454', (SELECT ROLE_ID FROM KRIM_ROLE_T WHERE NMSPC_CD = 'KPME-TK' AND ROLE_NM = 'Time Department View Only'), (SELECT PERM_ID FROM KRIM_PERM_T WHERE NMSPC_CD = 'KPME-HR' AND NM = 'View Department'), 'Y', SYS_GUID(), '1')
/
INSERT INTO KRIM_ROLE_PERM_T (ROLE_PERM_ID, ROLE_ID, PERM_ID, ACTV_IND, OBJ_ID, VER_NBR) VALUES ('KPME0455', (SELECT ROLE_ID FROM KRIM_ROLE_T WHERE NMSPC_CD = 'KPME-LM' AND ROLE_NM = 'Leave System Administrator'), (SELECT PERM_ID FROM KRIM_PERM_T WHERE NMSPC_CD = 'KPME-HR' AND NM = 'View Earn Code'), 'Y', SYS_GUID(), '1')
/
INSERT INTO KRIM_ROLE_PERM_T (ROLE_PERM_ID, ROLE_ID, PERM_ID, ACTV_IND, OBJ_ID, VER_NBR) VALUES ('KPME0456', (SELECT ROLE_ID FROM KRIM_ROLE_T WHERE NMSPC_CD = 'KPME-LM' AND ROLE_NM = 'Leave System View Only'), (SELECT PERM_ID FROM KRIM_PERM_T WHERE NMSPC_CD = 'KPME-HR' AND NM = 'View Earn Code'), 'Y', SYS_GUID(), '1')
/
INSERT INTO KRIM_ROLE_PERM_T (ROLE_PERM_ID, ROLE_ID, PERM_ID, ACTV_IND, OBJ_ID, VER_NBR) VALUES ('KPME0457', (SELECT ROLE_ID FROM KRIM_ROLE_T WHERE NMSPC_CD = 'KPME-LM' AND ROLE_NM = 'Leave Location Administrator'), (SELECT PERM_ID FROM KRIM_PERM_T WHERE NMSPC_CD = 'KPME-HR' AND NM = 'View Earn Code'), 'Y', SYS_GUID(), '1')
/
INSERT INTO KRIM_ROLE_PERM_T (ROLE_PERM_ID, ROLE_ID, PERM_ID, ACTV_IND, OBJ_ID, VER_NBR) VALUES ('KPME0458', (SELECT ROLE_ID FROM KRIM_ROLE_T WHERE NMSPC_CD = 'KPME-LM' AND ROLE_NM = 'Leave Location View Only'), (SELECT PERM_ID FROM KRIM_PERM_T WHERE NMSPC_CD = 'KPME-HR' AND NM = 'View Earn Code'), 'Y', SYS_GUID(), '1')
/
INSERT INTO KRIM_ROLE_PERM_T (ROLE_PERM_ID, ROLE_ID, PERM_ID, ACTV_IND, OBJ_ID, VER_NBR) VALUES ('KPME0459', (SELECT ROLE_ID FROM KRIM_ROLE_T WHERE NMSPC_CD = 'KPME-LM' AND ROLE_NM = 'Leave Department Administrator'), (SELECT PERM_ID FROM KRIM_PERM_T WHERE NMSPC_CD = 'KPME-HR' AND NM = 'View Earn Code'), 'Y', SYS_GUID(), '1')
/
INSERT INTO KRIM_ROLE_PERM_T (ROLE_PERM_ID, ROLE_ID, PERM_ID, ACTV_IND, OBJ_ID, VER_NBR) VALUES ('KPME0460', (SELECT ROLE_ID FROM KRIM_ROLE_T WHERE NMSPC_CD = 'KPME-LM' AND ROLE_NM = 'Leave Department View Only'), (SELECT PERM_ID FROM KRIM_PERM_T WHERE NMSPC_CD = 'KPME-HR' AND NM = 'View Earn Code'), 'Y', SYS_GUID(), '1')
/
INSERT INTO KRIM_ROLE_PERM_T (ROLE_PERM_ID, ROLE_ID, PERM_ID, ACTV_IND, OBJ_ID, VER_NBR) VALUES ('KPME0461', (SELECT ROLE_ID FROM KRIM_ROLE_T WHERE NMSPC_CD = 'KPME-TK' AND ROLE_NM = 'Time System Administrator'), (SELECT PERM_ID FROM KRIM_PERM_T WHERE NMSPC_CD = 'KPME-HR' AND NM = 'View Earn Code'), 'Y', SYS_GUID(), '1')
/
INSERT INTO KRIM_ROLE_PERM_T (ROLE_PERM_ID, ROLE_ID, PERM_ID, ACTV_IND, OBJ_ID, VER_NBR) VALUES ('KPME0462', (SELECT ROLE_ID FROM KRIM_ROLE_T WHERE NMSPC_CD = 'KPME-TK' AND ROLE_NM = 'Time System View Only'), (SELECT PERM_ID FROM KRIM_PERM_T WHERE NMSPC_CD = 'KPME-HR' AND NM = 'View Earn Code'), 'Y', SYS_GUID(), '1')
/
INSERT INTO KRIM_ROLE_PERM_T (ROLE_PERM_ID, ROLE_ID, PERM_ID, ACTV_IND, OBJ_ID, VER_NBR) VALUES ('KPME0463', (SELECT ROLE_ID FROM KRIM_ROLE_T WHERE NMSPC_CD = 'KPME-TK' AND ROLE_NM = 'Time Location Administrator'), (SELECT PERM_ID FROM KRIM_PERM_T WHERE NMSPC_CD = 'KPME-HR' AND NM = 'View Earn Code'), 'Y', SYS_GUID(), '1')
/
INSERT INTO KRIM_ROLE_PERM_T (ROLE_PERM_ID, ROLE_ID, PERM_ID, ACTV_IND, OBJ_ID, VER_NBR) VALUES ('KPME0464', (SELECT ROLE_ID FROM KRIM_ROLE_T WHERE NMSPC_CD = 'KPME-TK' AND ROLE_NM = 'Time Location View Only'), (SELECT PERM_ID FROM KRIM_PERM_T WHERE NMSPC_CD = 'KPME-HR' AND NM = 'View Earn Code'), 'Y', SYS_GUID(), '1')
/
INSERT INTO KRIM_ROLE_PERM_T (ROLE_PERM_ID, ROLE_ID, PERM_ID, ACTV_IND, OBJ_ID, VER_NBR) VALUES ('KPME0465', (SELECT ROLE_ID FROM KRIM_ROLE_T WHERE NMSPC_CD = 'KPME-TK' AND ROLE_NM = 'Time Department Administrator'), (SELECT PERM_ID FROM KRIM_PERM_T WHERE NMSPC_CD = 'KPME-HR' AND NM = 'View Earn Code'), 'Y', SYS_GUID(), '1')
/
INSERT INTO KRIM_ROLE_PERM_T (ROLE_PERM_ID, ROLE_ID, PERM_ID, ACTV_IND, OBJ_ID, VER_NBR) VALUES ('KPME0466', (SELECT ROLE_ID FROM KRIM_ROLE_T WHERE NMSPC_CD = 'KPME-TK' AND ROLE_NM = 'Time Department View Only'), (SELECT PERM_ID FROM KRIM_PERM_T WHERE NMSPC_CD = 'KPME-HR' AND NM = 'View Earn Code'), 'Y', SYS_GUID(), '1')
/
INSERT INTO KRIM_ROLE_PERM_T (ROLE_PERM_ID, ROLE_ID, PERM_ID, ACTV_IND, OBJ_ID, VER_NBR) VALUES ('KPME0467', (SELECT ROLE_ID FROM KRIM_ROLE_T WHERE NMSPC_CD = 'KPME-LM' AND ROLE_NM = 'Leave System Administrator'), (SELECT PERM_ID FROM KRIM_PERM_T WHERE NMSPC_CD = 'KPME-HR' AND NM = 'View Earn Code Group'), 'Y', SYS_GUID(), '1')
/
INSERT INTO KRIM_ROLE_PERM_T (ROLE_PERM_ID, ROLE_ID, PERM_ID, ACTV_IND, OBJ_ID, VER_NBR) VALUES ('KPME0468', (SELECT ROLE_ID FROM KRIM_ROLE_T WHERE NMSPC_CD = 'KPME-LM' AND ROLE_NM = 'Leave System View Only'), (SELECT PERM_ID FROM KRIM_PERM_T WHERE NMSPC_CD = 'KPME-HR' AND NM = 'View Earn Code Group'), 'Y', SYS_GUID(), '1')
/
INSERT INTO KRIM_ROLE_PERM_T (ROLE_PERM_ID, ROLE_ID, PERM_ID, ACTV_IND, OBJ_ID, VER_NBR) VALUES ('KPME0469', (SELECT ROLE_ID FROM KRIM_ROLE_T WHERE NMSPC_CD = 'KPME-LM' AND ROLE_NM = 'Leave Location Administrator'), (SELECT PERM_ID FROM KRIM_PERM_T WHERE NMSPC_CD = 'KPME-HR' AND NM = 'View Earn Code Group'), 'Y', SYS_GUID(), '1')
/
INSERT INTO KRIM_ROLE_PERM_T (ROLE_PERM_ID, ROLE_ID, PERM_ID, ACTV_IND, OBJ_ID, VER_NBR) VALUES ('KPME0470', (SELECT ROLE_ID FROM KRIM_ROLE_T WHERE NMSPC_CD = 'KPME-LM' AND ROLE_NM = 'Leave Location View Only'), (SELECT PERM_ID FROM KRIM_PERM_T WHERE NMSPC_CD = 'KPME-HR' AND NM = 'View Earn Code Group'), 'Y', SYS_GUID(), '1')
/
INSERT INTO KRIM_ROLE_PERM_T (ROLE_PERM_ID, ROLE_ID, PERM_ID, ACTV_IND, OBJ_ID, VER_NBR) VALUES ('KPME0471', (SELECT ROLE_ID FROM KRIM_ROLE_T WHERE NMSPC_CD = 'KPME-LM' AND ROLE_NM = 'Leave Department Administrator'), (SELECT PERM_ID FROM KRIM_PERM_T WHERE NMSPC_CD = 'KPME-HR' AND NM = 'View Earn Code Group'), 'Y', SYS_GUID(), '1')
/
INSERT INTO KRIM_ROLE_PERM_T (ROLE_PERM_ID, ROLE_ID, PERM_ID, ACTV_IND, OBJ_ID, VER_NBR) VALUES ('KPME0472', (SELECT ROLE_ID FROM KRIM_ROLE_T WHERE NMSPC_CD = 'KPME-LM' AND ROLE_NM = 'Leave Department View Only'), (SELECT PERM_ID FROM KRIM_PERM_T WHERE NMSPC_CD = 'KPME-HR' AND NM = 'View Earn Code Group'), 'Y', SYS_GUID(), '1')
/
INSERT INTO KRIM_ROLE_PERM_T (ROLE_PERM_ID, ROLE_ID, PERM_ID, ACTV_IND, OBJ_ID, VER_NBR) VALUES ('KPME0473', (SELECT ROLE_ID FROM KRIM_ROLE_T WHERE NMSPC_CD = 'KPME-TK' AND ROLE_NM = 'Time System Administrator'), (SELECT PERM_ID FROM KRIM_PERM_T WHERE NMSPC_CD = 'KPME-HR' AND NM = 'View Earn Code Group'), 'Y', SYS_GUID(), '1')
/
INSERT INTO KRIM_ROLE_PERM_T (ROLE_PERM_ID, ROLE_ID, PERM_ID, ACTV_IND, OBJ_ID, VER_NBR) VALUES ('KPME0474', (SELECT ROLE_ID FROM KRIM_ROLE_T WHERE NMSPC_CD = 'KPME-TK' AND ROLE_NM = 'Time System View Only'), (SELECT PERM_ID FROM KRIM_PERM_T WHERE NMSPC_CD = 'KPME-HR' AND NM = 'View Earn Code Group'), 'Y', SYS_GUID(), '1')
/
INSERT INTO KRIM_ROLE_PERM_T (ROLE_PERM_ID, ROLE_ID, PERM_ID, ACTV_IND, OBJ_ID, VER_NBR) VALUES ('KPME0475', (SELECT ROLE_ID FROM KRIM_ROLE_T WHERE NMSPC_CD = 'KPME-TK' AND ROLE_NM = 'Time Location Administrator'), (SELECT PERM_ID FROM KRIM_PERM_T WHERE NMSPC_CD = 'KPME-HR' AND NM = 'View Earn Code Group'), 'Y', SYS_GUID(), '1')
/
INSERT INTO KRIM_ROLE_PERM_T (ROLE_PERM_ID, ROLE_ID, PERM_ID, ACTV_IND, OBJ_ID, VER_NBR) VALUES ('KPME0476', (SELECT ROLE_ID FROM KRIM_ROLE_T WHERE NMSPC_CD = 'KPME-TK' AND ROLE_NM = 'Time Location View Only'), (SELECT PERM_ID FROM KRIM_PERM_T WHERE NMSPC_CD = 'KPME-HR' AND NM = 'View Earn Code Group'), 'Y', SYS_GUID(), '1')
/
INSERT INTO KRIM_ROLE_PERM_T (ROLE_PERM_ID, ROLE_ID, PERM_ID, ACTV_IND, OBJ_ID, VER_NBR) VALUES ('KPME0477', (SELECT ROLE_ID FROM KRIM_ROLE_T WHERE NMSPC_CD = 'KPME-TK' AND ROLE_NM = 'Time Department Administrator'), (SELECT PERM_ID FROM KRIM_PERM_T WHERE NMSPC_CD = 'KPME-HR' AND NM = 'View Earn Code Group'), 'Y', SYS_GUID(), '1')
/
INSERT INTO KRIM_ROLE_PERM_T (ROLE_PERM_ID, ROLE_ID, PERM_ID, ACTV_IND, OBJ_ID, VER_NBR) VALUES ('KPME0478', (SELECT ROLE_ID FROM KRIM_ROLE_T WHERE NMSPC_CD = 'KPME-TK' AND ROLE_NM = 'Time Department View Only'), (SELECT PERM_ID FROM KRIM_PERM_T WHERE NMSPC_CD = 'KPME-HR' AND NM = 'View Earn Code Group'), 'Y', SYS_GUID(), '1')
/
INSERT INTO KRIM_ROLE_PERM_T (ROLE_PERM_ID, ROLE_ID, PERM_ID, ACTV_IND, OBJ_ID, VER_NBR) VALUES ('KPME0479', (SELECT ROLE_ID FROM KRIM_ROLE_T WHERE NMSPC_CD = 'KPME-LM' AND ROLE_NM = 'Leave System Administrator'), (SELECT PERM_ID FROM KRIM_PERM_T WHERE NMSPC_CD = 'KPME-HR' AND NM = 'View Earn Code Security'), 'Y', SYS_GUID(), '1')
/
INSERT INTO KRIM_ROLE_PERM_T (ROLE_PERM_ID, ROLE_ID, PERM_ID, ACTV_IND, OBJ_ID, VER_NBR) VALUES ('KPME0480', (SELECT ROLE_ID FROM KRIM_ROLE_T WHERE NMSPC_CD = 'KPME-LM' AND ROLE_NM = 'Leave System View Only'), (SELECT PERM_ID FROM KRIM_PERM_T WHERE NMSPC_CD = 'KPME-HR' AND NM = 'View Earn Code Security'), 'Y', SYS_GUID(), '1')
/
INSERT INTO KRIM_ROLE_PERM_T (ROLE_PERM_ID, ROLE_ID, PERM_ID, ACTV_IND, OBJ_ID, VER_NBR) VALUES ('KPME0481', (SELECT ROLE_ID FROM KRIM_ROLE_T WHERE NMSPC_CD = 'KPME-LM' AND ROLE_NM = 'Leave Location Administrator'), (SELECT PERM_ID FROM KRIM_PERM_T WHERE NMSPC_CD = 'KPME-HR' AND NM = 'View Earn Code Security'), 'Y', SYS_GUID(), '1')
/
INSERT INTO KRIM_ROLE_PERM_T (ROLE_PERM_ID, ROLE_ID, PERM_ID, ACTV_IND, OBJ_ID, VER_NBR) VALUES ('KPME0482', (SELECT ROLE_ID FROM KRIM_ROLE_T WHERE NMSPC_CD = 'KPME-LM' AND ROLE_NM = 'Leave Location View Only'), (SELECT PERM_ID FROM KRIM_PERM_T WHERE NMSPC_CD = 'KPME-HR' AND NM = 'View Earn Code Security'), 'Y', SYS_GUID(), '1')
/
INSERT INTO KRIM_ROLE_PERM_T (ROLE_PERM_ID, ROLE_ID, PERM_ID, ACTV_IND, OBJ_ID, VER_NBR) VALUES ('KPME0483', (SELECT ROLE_ID FROM KRIM_ROLE_T WHERE NMSPC_CD = 'KPME-LM' AND ROLE_NM = 'Leave Department Administrator'), (SELECT PERM_ID FROM KRIM_PERM_T WHERE NMSPC_CD = 'KPME-HR' AND NM = 'View Earn Code Security'), 'Y', SYS_GUID(), '1')
/
INSERT INTO KRIM_ROLE_PERM_T (ROLE_PERM_ID, ROLE_ID, PERM_ID, ACTV_IND, OBJ_ID, VER_NBR) VALUES ('KPME0484', (SELECT ROLE_ID FROM KRIM_ROLE_T WHERE NMSPC_CD = 'KPME-LM' AND ROLE_NM = 'Leave Department View Only'), (SELECT PERM_ID FROM KRIM_PERM_T WHERE NMSPC_CD = 'KPME-HR' AND NM = 'View Earn Code Security'), 'Y', SYS_GUID(), '1')
/
INSERT INTO KRIM_ROLE_PERM_T (ROLE_PERM_ID, ROLE_ID, PERM_ID, ACTV_IND, OBJ_ID, VER_NBR) VALUES ('KPME0485', (SELECT ROLE_ID FROM KRIM_ROLE_T WHERE NMSPC_CD = 'KPME-TK' AND ROLE_NM = 'Time System Administrator'), (SELECT PERM_ID FROM KRIM_PERM_T WHERE NMSPC_CD = 'KPME-HR' AND NM = 'View Earn Code Security'), 'Y', SYS_GUID(), '1')
/
INSERT INTO KRIM_ROLE_PERM_T (ROLE_PERM_ID, ROLE_ID, PERM_ID, ACTV_IND, OBJ_ID, VER_NBR) VALUES ('KPME0486', (SELECT ROLE_ID FROM KRIM_ROLE_T WHERE NMSPC_CD = 'KPME-TK' AND ROLE_NM = 'Time System View Only'), (SELECT PERM_ID FROM KRIM_PERM_T WHERE NMSPC_CD = 'KPME-HR' AND NM = 'View Earn Code Security'), 'Y', SYS_GUID(), '1')
/
INSERT INTO KRIM_ROLE_PERM_T (ROLE_PERM_ID, ROLE_ID, PERM_ID, ACTV_IND, OBJ_ID, VER_NBR) VALUES ('KPME0487', (SELECT ROLE_ID FROM KRIM_ROLE_T WHERE NMSPC_CD = 'KPME-TK' AND ROLE_NM = 'Time Location Administrator'), (SELECT PERM_ID FROM KRIM_PERM_T WHERE NMSPC_CD = 'KPME-HR' AND NM = 'View Earn Code Security'), 'Y', SYS_GUID(), '1')
/
INSERT INTO KRIM_ROLE_PERM_T (ROLE_PERM_ID, ROLE_ID, PERM_ID, ACTV_IND, OBJ_ID, VER_NBR) VALUES ('KPME0488', (SELECT ROLE_ID FROM KRIM_ROLE_T WHERE NMSPC_CD = 'KPME-TK' AND ROLE_NM = 'Time Location View Only'), (SELECT PERM_ID FROM KRIM_PERM_T WHERE NMSPC_CD = 'KPME-HR' AND NM = 'View Earn Code Security'), 'Y', SYS_GUID(), '1')
/
INSERT INTO KRIM_ROLE_PERM_T (ROLE_PERM_ID, ROLE_ID, PERM_ID, ACTV_IND, OBJ_ID, VER_NBR) VALUES ('KPME0489', (SELECT ROLE_ID FROM KRIM_ROLE_T WHERE NMSPC_CD = 'KPME-TK' AND ROLE_NM = 'Time Department Administrator'), (SELECT PERM_ID FROM KRIM_PERM_T WHERE NMSPC_CD = 'KPME-HR' AND NM = 'View Earn Code Security'), 'Y', SYS_GUID(), '1')
/
INSERT INTO KRIM_ROLE_PERM_T (ROLE_PERM_ID, ROLE_ID, PERM_ID, ACTV_IND, OBJ_ID, VER_NBR) VALUES ('KPME0490', (SELECT ROLE_ID FROM KRIM_ROLE_T WHERE NMSPC_CD = 'KPME-TK' AND ROLE_NM = 'Time Department View Only'), (SELECT PERM_ID FROM KRIM_PERM_T WHERE NMSPC_CD = 'KPME-HR' AND NM = 'View Earn Code Security'), 'Y', SYS_GUID(), '1')
/
INSERT INTO KRIM_ROLE_PERM_T (ROLE_PERM_ID, ROLE_ID, PERM_ID, ACTV_IND, OBJ_ID, VER_NBR) VALUES ('KPME0491', (SELECT ROLE_ID FROM KRIM_ROLE_T WHERE NMSPC_CD = 'KPME-LM' AND ROLE_NM = 'Leave System Administrator'), (SELECT PERM_ID FROM KRIM_PERM_T WHERE NMSPC_CD = 'KPME-HR' AND NM = 'View Job'), 'Y', SYS_GUID(), '1')
/
INSERT INTO KRIM_ROLE_PERM_T (ROLE_PERM_ID, ROLE_ID, PERM_ID, ACTV_IND, OBJ_ID, VER_NBR) VALUES ('KPME0492', (SELECT ROLE_ID FROM KRIM_ROLE_T WHERE NMSPC_CD = 'KPME-LM' AND ROLE_NM = 'Leave System View Only'), (SELECT PERM_ID FROM KRIM_PERM_T WHERE NMSPC_CD = 'KPME-HR' AND NM = 'View Job'), 'Y', SYS_GUID(), '1')
/
INSERT INTO KRIM_ROLE_PERM_T (ROLE_PERM_ID, ROLE_ID, PERM_ID, ACTV_IND, OBJ_ID, VER_NBR) VALUES ('KPME0493', (SELECT ROLE_ID FROM KRIM_ROLE_T WHERE NMSPC_CD = 'KPME-LM' AND ROLE_NM = 'Leave Location Administrator'), (SELECT PERM_ID FROM KRIM_PERM_T WHERE NMSPC_CD = 'KPME-HR' AND NM = 'View Job'), 'Y', SYS_GUID(), '1')
/
INSERT INTO KRIM_ROLE_PERM_T (ROLE_PERM_ID, ROLE_ID, PERM_ID, ACTV_IND, OBJ_ID, VER_NBR) VALUES ('KPME0494', (SELECT ROLE_ID FROM KRIM_ROLE_T WHERE NMSPC_CD = 'KPME-LM' AND ROLE_NM = 'Leave Location View Only'), (SELECT PERM_ID FROM KRIM_PERM_T WHERE NMSPC_CD = 'KPME-HR' AND NM = 'View Job'), 'Y', SYS_GUID(), '1')
/
INSERT INTO KRIM_ROLE_PERM_T (ROLE_PERM_ID, ROLE_ID, PERM_ID, ACTV_IND, OBJ_ID, VER_NBR) VALUES ('KPME0495', (SELECT ROLE_ID FROM KRIM_ROLE_T WHERE NMSPC_CD = 'KPME-LM' AND ROLE_NM = 'Leave Department Administrator'), (SELECT PERM_ID FROM KRIM_PERM_T WHERE NMSPC_CD = 'KPME-HR' AND NM = 'View Job'), 'Y', SYS_GUID(), '1')
/
INSERT INTO KRIM_ROLE_PERM_T (ROLE_PERM_ID, ROLE_ID, PERM_ID, ACTV_IND, OBJ_ID, VER_NBR) VALUES ('KPME0496', (SELECT ROLE_ID FROM KRIM_ROLE_T WHERE NMSPC_CD = 'KPME-LM' AND ROLE_NM = 'Leave Department View Only'), (SELECT PERM_ID FROM KRIM_PERM_T WHERE NMSPC_CD = 'KPME-HR' AND NM = 'View Job'), 'Y', SYS_GUID(), '1')
/
INSERT INTO KRIM_ROLE_PERM_T (ROLE_PERM_ID, ROLE_ID, PERM_ID, ACTV_IND, OBJ_ID, VER_NBR) VALUES ('KPME0497', (SELECT ROLE_ID FROM KRIM_ROLE_T WHERE NMSPC_CD = 'KPME-TK' AND ROLE_NM = 'Time System Administrator'), (SELECT PERM_ID FROM KRIM_PERM_T WHERE NMSPC_CD = 'KPME-HR' AND NM = 'View Job'), 'Y', SYS_GUID(), '1')
/
INSERT INTO KRIM_ROLE_PERM_T (ROLE_PERM_ID, ROLE_ID, PERM_ID, ACTV_IND, OBJ_ID, VER_NBR) VALUES ('KPME0498', (SELECT ROLE_ID FROM KRIM_ROLE_T WHERE NMSPC_CD = 'KPME-TK' AND ROLE_NM = 'Time System View Only'), (SELECT PERM_ID FROM KRIM_PERM_T WHERE NMSPC_CD = 'KPME-HR' AND NM = 'View Job'), 'Y', SYS_GUID(), '1')
/
INSERT INTO KRIM_ROLE_PERM_T (ROLE_PERM_ID, ROLE_ID, PERM_ID, ACTV_IND, OBJ_ID, VER_NBR) VALUES ('KPME0499', (SELECT ROLE_ID FROM KRIM_ROLE_T WHERE NMSPC_CD = 'KPME-TK' AND ROLE_NM = 'Time Location Administrator'), (SELECT PERM_ID FROM KRIM_PERM_T WHERE NMSPC_CD = 'KPME-HR' AND NM = 'View Job'), 'Y', SYS_GUID(), '1')
/
INSERT INTO KRIM_ROLE_PERM_T (ROLE_PERM_ID, ROLE_ID, PERM_ID, ACTV_IND, OBJ_ID, VER_NBR) VALUES ('KPME0500', (SELECT ROLE_ID FROM KRIM_ROLE_T WHERE NMSPC_CD = 'KPME-TK' AND ROLE_NM = 'Time Location View Only'), (SELECT PERM_ID FROM KRIM_PERM_T WHERE NMSPC_CD = 'KPME-HR' AND NM = 'View Job'), 'Y', SYS_GUID(), '1')
/
INSERT INTO KRIM_ROLE_PERM_T (ROLE_PERM_ID, ROLE_ID, PERM_ID, ACTV_IND, OBJ_ID, VER_NBR) VALUES ('KPME0501', (SELECT ROLE_ID FROM KRIM_ROLE_T WHERE NMSPC_CD = 'KPME-TK' AND ROLE_NM = 'Time Department Administrator'), (SELECT PERM_ID FROM KRIM_PERM_T WHERE NMSPC_CD = 'KPME-HR' AND NM = 'View Job'), 'Y', SYS_GUID(), '1')
/
INSERT INTO KRIM_ROLE_PERM_T (ROLE_PERM_ID, ROLE_ID, PERM_ID, ACTV_IND, OBJ_ID, VER_NBR) VALUES ('KPME0502', (SELECT ROLE_ID FROM KRIM_ROLE_T WHERE NMSPC_CD = 'KPME-TK' AND ROLE_NM = 'Time Department View Only'), (SELECT PERM_ID FROM KRIM_PERM_T WHERE NMSPC_CD = 'KPME-HR' AND NM = 'View Job'), 'Y', SYS_GUID(), '1')
/
INSERT INTO KRIM_ROLE_PERM_T (ROLE_PERM_ID, ROLE_ID, PERM_ID, ACTV_IND, OBJ_ID, VER_NBR) VALUES ('KPME0503', (SELECT ROLE_ID FROM KRIM_ROLE_T WHERE NMSPC_CD = 'KPME-LM' AND ROLE_NM = 'Leave System Administrator'), (SELECT PERM_ID FROM KRIM_PERM_T WHERE NMSPC_CD = 'KPME-HR' AND NM = 'View Location'), 'Y', SYS_GUID(), '1')
/
INSERT INTO KRIM_ROLE_PERM_T (ROLE_PERM_ID, ROLE_ID, PERM_ID, ACTV_IND, OBJ_ID, VER_NBR) VALUES ('KPME0504', (SELECT ROLE_ID FROM KRIM_ROLE_T WHERE NMSPC_CD = 'KPME-LM' AND ROLE_NM = 'Leave System View Only'), (SELECT PERM_ID FROM KRIM_PERM_T WHERE NMSPC_CD = 'KPME-HR' AND NM = 'View Location'), 'Y', SYS_GUID(), '1')
/
INSERT INTO KRIM_ROLE_PERM_T (ROLE_PERM_ID, ROLE_ID, PERM_ID, ACTV_IND, OBJ_ID, VER_NBR) VALUES ('KPME0505', (SELECT ROLE_ID FROM KRIM_ROLE_T WHERE NMSPC_CD = 'KPME-LM' AND ROLE_NM = 'Leave Location Administrator'), (SELECT PERM_ID FROM KRIM_PERM_T WHERE NMSPC_CD = 'KPME-HR' AND NM = 'View Location'), 'Y', SYS_GUID(), '1')
/
INSERT INTO KRIM_ROLE_PERM_T (ROLE_PERM_ID, ROLE_ID, PERM_ID, ACTV_IND, OBJ_ID, VER_NBR) VALUES ('KPME0506', (SELECT ROLE_ID FROM KRIM_ROLE_T WHERE NMSPC_CD = 'KPME-LM' AND ROLE_NM = 'Leave Location View Only'), (SELECT PERM_ID FROM KRIM_PERM_T WHERE NMSPC_CD = 'KPME-HR' AND NM = 'View Location'), 'Y', SYS_GUID(), '1')
/
INSERT INTO KRIM_ROLE_PERM_T (ROLE_PERM_ID, ROLE_ID, PERM_ID, ACTV_IND, OBJ_ID, VER_NBR) VALUES ('KPME0507', (SELECT ROLE_ID FROM KRIM_ROLE_T WHERE NMSPC_CD = 'KPME-LM' AND ROLE_NM = 'Leave Department Administrator'), (SELECT PERM_ID FROM KRIM_PERM_T WHERE NMSPC_CD = 'KPME-HR' AND NM = 'View Location'), 'Y', SYS_GUID(), '1')
/
INSERT INTO KRIM_ROLE_PERM_T (ROLE_PERM_ID, ROLE_ID, PERM_ID, ACTV_IND, OBJ_ID, VER_NBR) VALUES ('KPME0508', (SELECT ROLE_ID FROM KRIM_ROLE_T WHERE NMSPC_CD = 'KPME-LM' AND ROLE_NM = 'Leave Department View Only'), (SELECT PERM_ID FROM KRIM_PERM_T WHERE NMSPC_CD = 'KPME-HR' AND NM = 'View Location'), 'Y', SYS_GUID(), '1')
/
INSERT INTO KRIM_ROLE_PERM_T (ROLE_PERM_ID, ROLE_ID, PERM_ID, ACTV_IND, OBJ_ID, VER_NBR) VALUES ('KPME0509', (SELECT ROLE_ID FROM KRIM_ROLE_T WHERE NMSPC_CD = 'KPME-TK' AND ROLE_NM = 'Time System Administrator'), (SELECT PERM_ID FROM KRIM_PERM_T WHERE NMSPC_CD = 'KPME-HR' AND NM = 'View Location'), 'Y', SYS_GUID(), '1')
/
INSERT INTO KRIM_ROLE_PERM_T (ROLE_PERM_ID, ROLE_ID, PERM_ID, ACTV_IND, OBJ_ID, VER_NBR) VALUES ('KPME0510', (SELECT ROLE_ID FROM KRIM_ROLE_T WHERE NMSPC_CD = 'KPME-TK' AND ROLE_NM = 'Time System View Only'), (SELECT PERM_ID FROM KRIM_PERM_T WHERE NMSPC_CD = 'KPME-HR' AND NM = 'View Location'), 'Y', SYS_GUID(), '1')
/
INSERT INTO KRIM_ROLE_PERM_T (ROLE_PERM_ID, ROLE_ID, PERM_ID, ACTV_IND, OBJ_ID, VER_NBR) VALUES ('KPME0511', (SELECT ROLE_ID FROM KRIM_ROLE_T WHERE NMSPC_CD = 'KPME-TK' AND ROLE_NM = 'Time Location Administrator'), (SELECT PERM_ID FROM KRIM_PERM_T WHERE NMSPC_CD = 'KPME-HR' AND NM = 'View Location'), 'Y', SYS_GUID(), '1')
/
INSERT INTO KRIM_ROLE_PERM_T (ROLE_PERM_ID, ROLE_ID, PERM_ID, ACTV_IND, OBJ_ID, VER_NBR) VALUES ('KPME0512', (SELECT ROLE_ID FROM KRIM_ROLE_T WHERE NMSPC_CD = 'KPME-TK' AND ROLE_NM = 'Time Location View Only'), (SELECT PERM_ID FROM KRIM_PERM_T WHERE NMSPC_CD = 'KPME-HR' AND NM = 'View Location'), 'Y', SYS_GUID(), '1')
/
INSERT INTO KRIM_ROLE_PERM_T (ROLE_PERM_ID, ROLE_ID, PERM_ID, ACTV_IND, OBJ_ID, VER_NBR) VALUES ('KPME0513', (SELECT ROLE_ID FROM KRIM_ROLE_T WHERE NMSPC_CD = 'KPME-TK' AND ROLE_NM = 'Time Department Administrator'), (SELECT PERM_ID FROM KRIM_PERM_T WHERE NMSPC_CD = 'KPME-HR' AND NM = 'View Location'), 'Y', SYS_GUID(), '1')
/
INSERT INTO KRIM_ROLE_PERM_T (ROLE_PERM_ID, ROLE_ID, PERM_ID, ACTV_IND, OBJ_ID, VER_NBR) VALUES ('KPME0514', (SELECT ROLE_ID FROM KRIM_ROLE_T WHERE NMSPC_CD = 'KPME-TK' AND ROLE_NM = 'Time Department View Only'), (SELECT PERM_ID FROM KRIM_PERM_T WHERE NMSPC_CD = 'KPME-HR' AND NM = 'View Location'), 'Y', SYS_GUID(), '1')
/
INSERT INTO KRIM_ROLE_PERM_T (ROLE_PERM_ID, ROLE_ID, PERM_ID, ACTV_IND, OBJ_ID, VER_NBR) VALUES ('KPME0515', (SELECT ROLE_ID FROM KRIM_ROLE_T WHERE NMSPC_CD = 'KPME-LM' AND ROLE_NM = 'Leave System Administrator'), (SELECT PERM_ID FROM KRIM_PERM_T WHERE NMSPC_CD = 'KPME-HR' AND NM = 'View Pay Grade'), 'Y', SYS_GUID(), '1')
/
INSERT INTO KRIM_ROLE_PERM_T (ROLE_PERM_ID, ROLE_ID, PERM_ID, ACTV_IND, OBJ_ID, VER_NBR) VALUES ('KPME0516', (SELECT ROLE_ID FROM KRIM_ROLE_T WHERE NMSPC_CD = 'KPME-LM' AND ROLE_NM = 'Leave System View Only'), (SELECT PERM_ID FROM KRIM_PERM_T WHERE NMSPC_CD = 'KPME-HR' AND NM = 'View Pay Grade'), 'Y', SYS_GUID(), '1')
/
INSERT INTO KRIM_ROLE_PERM_T (ROLE_PERM_ID, ROLE_ID, PERM_ID, ACTV_IND, OBJ_ID, VER_NBR) VALUES ('KPME0517', (SELECT ROLE_ID FROM KRIM_ROLE_T WHERE NMSPC_CD = 'KPME-LM' AND ROLE_NM = 'Leave Location Administrator'), (SELECT PERM_ID FROM KRIM_PERM_T WHERE NMSPC_CD = 'KPME-HR' AND NM = 'View Pay Grade'), 'Y', SYS_GUID(), '1')
/
INSERT INTO KRIM_ROLE_PERM_T (ROLE_PERM_ID, ROLE_ID, PERM_ID, ACTV_IND, OBJ_ID, VER_NBR) VALUES ('KPME0518', (SELECT ROLE_ID FROM KRIM_ROLE_T WHERE NMSPC_CD = 'KPME-LM' AND ROLE_NM = 'Leave Location View Only'), (SELECT PERM_ID FROM KRIM_PERM_T WHERE NMSPC_CD = 'KPME-HR' AND NM = 'View Pay Grade'), 'Y', SYS_GUID(), '1')
/
INSERT INTO KRIM_ROLE_PERM_T (ROLE_PERM_ID, ROLE_ID, PERM_ID, ACTV_IND, OBJ_ID, VER_NBR) VALUES ('KPME0519', (SELECT ROLE_ID FROM KRIM_ROLE_T WHERE NMSPC_CD = 'KPME-LM' AND ROLE_NM = 'Leave Department Administrator'), (SELECT PERM_ID FROM KRIM_PERM_T WHERE NMSPC_CD = 'KPME-HR' AND NM = 'View Pay Grade'), 'Y', SYS_GUID(), '1')
/
INSERT INTO KRIM_ROLE_PERM_T (ROLE_PERM_ID, ROLE_ID, PERM_ID, ACTV_IND, OBJ_ID, VER_NBR) VALUES ('KPME0520', (SELECT ROLE_ID FROM KRIM_ROLE_T WHERE NMSPC_CD = 'KPME-LM' AND ROLE_NM = 'Leave Department View Only'), (SELECT PERM_ID FROM KRIM_PERM_T WHERE NMSPC_CD = 'KPME-HR' AND NM = 'View Pay Grade'), 'Y', SYS_GUID(), '1')
/
INSERT INTO KRIM_ROLE_PERM_T (ROLE_PERM_ID, ROLE_ID, PERM_ID, ACTV_IND, OBJ_ID, VER_NBR) VALUES ('KPME0521', (SELECT ROLE_ID FROM KRIM_ROLE_T WHERE NMSPC_CD = 'KPME-TK' AND ROLE_NM = 'Time System Administrator'), (SELECT PERM_ID FROM KRIM_PERM_T WHERE NMSPC_CD = 'KPME-HR' AND NM = 'View Pay Grade'), 'Y', SYS_GUID(), '1')
/
INSERT INTO KRIM_ROLE_PERM_T (ROLE_PERM_ID, ROLE_ID, PERM_ID, ACTV_IND, OBJ_ID, VER_NBR) VALUES ('KPME0522', (SELECT ROLE_ID FROM KRIM_ROLE_T WHERE NMSPC_CD = 'KPME-TK' AND ROLE_NM = 'Time System View Only'), (SELECT PERM_ID FROM KRIM_PERM_T WHERE NMSPC_CD = 'KPME-HR' AND NM = 'View Pay Grade'), 'Y', SYS_GUID(), '1')
/
INSERT INTO KRIM_ROLE_PERM_T (ROLE_PERM_ID, ROLE_ID, PERM_ID, ACTV_IND, OBJ_ID, VER_NBR) VALUES ('KPME0523', (SELECT ROLE_ID FROM KRIM_ROLE_T WHERE NMSPC_CD = 'KPME-TK' AND ROLE_NM = 'Time Location Administrator'), (SELECT PERM_ID FROM KRIM_PERM_T WHERE NMSPC_CD = 'KPME-HR' AND NM = 'View Pay Grade'), 'Y', SYS_GUID(), '1')
/
INSERT INTO KRIM_ROLE_PERM_T (ROLE_PERM_ID, ROLE_ID, PERM_ID, ACTV_IND, OBJ_ID, VER_NBR) VALUES ('KPME0524', (SELECT ROLE_ID FROM KRIM_ROLE_T WHERE NMSPC_CD = 'KPME-TK' AND ROLE_NM = 'Time Location View Only'), (SELECT PERM_ID FROM KRIM_PERM_T WHERE NMSPC_CD = 'KPME-HR' AND NM = 'View Pay Grade'), 'Y', SYS_GUID(), '1')
/
INSERT INTO KRIM_ROLE_PERM_T (ROLE_PERM_ID, ROLE_ID, PERM_ID, ACTV_IND, OBJ_ID, VER_NBR) VALUES ('KPME0525', (SELECT ROLE_ID FROM KRIM_ROLE_T WHERE NMSPC_CD = 'KPME-TK' AND ROLE_NM = 'Time Department Administrator'), (SELECT PERM_ID FROM KRIM_PERM_T WHERE NMSPC_CD = 'KPME-HR' AND NM = 'View Pay Grade'), 'Y', SYS_GUID(), '1')
/
INSERT INTO KRIM_ROLE_PERM_T (ROLE_PERM_ID, ROLE_ID, PERM_ID, ACTV_IND, OBJ_ID, VER_NBR) VALUES ('KPME0526', (SELECT ROLE_ID FROM KRIM_ROLE_T WHERE NMSPC_CD = 'KPME-TK' AND ROLE_NM = 'Time Department View Only'), (SELECT PERM_ID FROM KRIM_PERM_T WHERE NMSPC_CD = 'KPME-HR' AND NM = 'View Pay Grade'), 'Y', SYS_GUID(), '1')
/
INSERT INTO KRIM_ROLE_PERM_T (ROLE_PERM_ID, ROLE_ID, PERM_ID, ACTV_IND, OBJ_ID, VER_NBR) VALUES ('KPME0527', (SELECT ROLE_ID FROM KRIM_ROLE_T WHERE NMSPC_CD = 'KPME-LM' AND ROLE_NM = 'Leave System Administrator'), (SELECT PERM_ID FROM KRIM_PERM_T WHERE NMSPC_CD = 'KPME-HR' AND NM = 'View Pay Type'), 'Y', SYS_GUID(), '1')
/
INSERT INTO KRIM_ROLE_PERM_T (ROLE_PERM_ID, ROLE_ID, PERM_ID, ACTV_IND, OBJ_ID, VER_NBR) VALUES ('KPME0528', (SELECT ROLE_ID FROM KRIM_ROLE_T WHERE NMSPC_CD = 'KPME-LM' AND ROLE_NM = 'Leave System View Only'), (SELECT PERM_ID FROM KRIM_PERM_T WHERE NMSPC_CD = 'KPME-HR' AND NM = 'View Pay Type'), 'Y', SYS_GUID(), '1')
/
INSERT INTO KRIM_ROLE_PERM_T (ROLE_PERM_ID, ROLE_ID, PERM_ID, ACTV_IND, OBJ_ID, VER_NBR) VALUES ('KPME0529', (SELECT ROLE_ID FROM KRIM_ROLE_T WHERE NMSPC_CD = 'KPME-LM' AND ROLE_NM = 'Leave Location Administrator'), (SELECT PERM_ID FROM KRIM_PERM_T WHERE NMSPC_CD = 'KPME-HR' AND NM = 'View Pay Type'), 'Y', SYS_GUID(), '1')
/
INSERT INTO KRIM_ROLE_PERM_T (ROLE_PERM_ID, ROLE_ID, PERM_ID, ACTV_IND, OBJ_ID, VER_NBR) VALUES ('KPME0530', (SELECT ROLE_ID FROM KRIM_ROLE_T WHERE NMSPC_CD = 'KPME-LM' AND ROLE_NM = 'Leave Location View Only'), (SELECT PERM_ID FROM KRIM_PERM_T WHERE NMSPC_CD = 'KPME-HR' AND NM = 'View Pay Type'), 'Y', SYS_GUID(), '1')
/
INSERT INTO KRIM_ROLE_PERM_T (ROLE_PERM_ID, ROLE_ID, PERM_ID, ACTV_IND, OBJ_ID, VER_NBR) VALUES ('KPME0531', (SELECT ROLE_ID FROM KRIM_ROLE_T WHERE NMSPC_CD = 'KPME-LM' AND ROLE_NM = 'Leave Department Administrator'), (SELECT PERM_ID FROM KRIM_PERM_T WHERE NMSPC_CD = 'KPME-HR' AND NM = 'View Pay Type'), 'Y', SYS_GUID(), '1')
/
INSERT INTO KRIM_ROLE_PERM_T (ROLE_PERM_ID, ROLE_ID, PERM_ID, ACTV_IND, OBJ_ID, VER_NBR) VALUES ('KPME0532', (SELECT ROLE_ID FROM KRIM_ROLE_T WHERE NMSPC_CD = 'KPME-LM' AND ROLE_NM = 'Leave Department View Only'), (SELECT PERM_ID FROM KRIM_PERM_T WHERE NMSPC_CD = 'KPME-HR' AND NM = 'View Pay Type'), 'Y', SYS_GUID(), '1')
/
INSERT INTO KRIM_ROLE_PERM_T (ROLE_PERM_ID, ROLE_ID, PERM_ID, ACTV_IND, OBJ_ID, VER_NBR) VALUES ('KPME0533', (SELECT ROLE_ID FROM KRIM_ROLE_T WHERE NMSPC_CD = 'KPME-TK' AND ROLE_NM = 'Time System Administrator'), (SELECT PERM_ID FROM KRIM_PERM_T WHERE NMSPC_CD = 'KPME-HR' AND NM = 'View Pay Type'), 'Y', SYS_GUID(), '1')
/
INSERT INTO KRIM_ROLE_PERM_T (ROLE_PERM_ID, ROLE_ID, PERM_ID, ACTV_IND, OBJ_ID, VER_NBR) VALUES ('KPME0534', (SELECT ROLE_ID FROM KRIM_ROLE_T WHERE NMSPC_CD = 'KPME-TK' AND ROLE_NM = 'Time System View Only'), (SELECT PERM_ID FROM KRIM_PERM_T WHERE NMSPC_CD = 'KPME-HR' AND NM = 'View Pay Type'), 'Y', SYS_GUID(), '1')
/
INSERT INTO KRIM_ROLE_PERM_T (ROLE_PERM_ID, ROLE_ID, PERM_ID, ACTV_IND, OBJ_ID, VER_NBR) VALUES ('KPME0535', (SELECT ROLE_ID FROM KRIM_ROLE_T WHERE NMSPC_CD = 'KPME-TK' AND ROLE_NM = 'Time Location Administrator'), (SELECT PERM_ID FROM KRIM_PERM_T WHERE NMSPC_CD = 'KPME-HR' AND NM = 'View Pay Type'), 'Y', SYS_GUID(), '1')
/
INSERT INTO KRIM_ROLE_PERM_T (ROLE_PERM_ID, ROLE_ID, PERM_ID, ACTV_IND, OBJ_ID, VER_NBR) VALUES ('KPME0536', (SELECT ROLE_ID FROM KRIM_ROLE_T WHERE NMSPC_CD = 'KPME-TK' AND ROLE_NM = 'Time Location View Only'), (SELECT PERM_ID FROM KRIM_PERM_T WHERE NMSPC_CD = 'KPME-HR' AND NM = 'View Pay Type'), 'Y', SYS_GUID(), '1')
/
INSERT INTO KRIM_ROLE_PERM_T (ROLE_PERM_ID, ROLE_ID, PERM_ID, ACTV_IND, OBJ_ID, VER_NBR) VALUES ('KPME0537', (SELECT ROLE_ID FROM KRIM_ROLE_T WHERE NMSPC_CD = 'KPME-TK' AND ROLE_NM = 'Time Department Administrator'), (SELECT PERM_ID FROM KRIM_PERM_T WHERE NMSPC_CD = 'KPME-HR' AND NM = 'View Pay Type'), 'Y', SYS_GUID(), '1')
/
INSERT INTO KRIM_ROLE_PERM_T (ROLE_PERM_ID, ROLE_ID, PERM_ID, ACTV_IND, OBJ_ID, VER_NBR) VALUES ('KPME0538', (SELECT ROLE_ID FROM KRIM_ROLE_T WHERE NMSPC_CD = 'KPME-TK' AND ROLE_NM = 'Time Department View Only'), (SELECT PERM_ID FROM KRIM_PERM_T WHERE NMSPC_CD = 'KPME-HR' AND NM = 'View Pay Type'), 'Y', SYS_GUID(), '1')
/
INSERT INTO KRIM_ROLE_PERM_T (ROLE_PERM_ID, ROLE_ID, PERM_ID, ACTV_IND, OBJ_ID, VER_NBR) VALUES ('KPME0539', (SELECT ROLE_ID FROM KRIM_ROLE_T WHERE NMSPC_CD = 'KPME-LM' AND ROLE_NM = 'Leave System Administrator'), (SELECT PERM_ID FROM KRIM_PERM_T WHERE NMSPC_CD = 'KPME-HR' AND NM = 'View Position'), 'Y', SYS_GUID(), '1')
/
INSERT INTO KRIM_ROLE_PERM_T (ROLE_PERM_ID, ROLE_ID, PERM_ID, ACTV_IND, OBJ_ID, VER_NBR) VALUES ('KPME0540', (SELECT ROLE_ID FROM KRIM_ROLE_T WHERE NMSPC_CD = 'KPME-LM' AND ROLE_NM = 'Leave System View Only'), (SELECT PERM_ID FROM KRIM_PERM_T WHERE NMSPC_CD = 'KPME-HR' AND NM = 'View Position'), 'Y', SYS_GUID(), '1')
/
INSERT INTO KRIM_ROLE_PERM_T (ROLE_PERM_ID, ROLE_ID, PERM_ID, ACTV_IND, OBJ_ID, VER_NBR) VALUES ('KPME0541', (SELECT ROLE_ID FROM KRIM_ROLE_T WHERE NMSPC_CD = 'KPME-LM' AND ROLE_NM = 'Leave Location Administrator'), (SELECT PERM_ID FROM KRIM_PERM_T WHERE NMSPC_CD = 'KPME-HR' AND NM = 'View Position'), 'Y', SYS_GUID(), '1')
/
INSERT INTO KRIM_ROLE_PERM_T (ROLE_PERM_ID, ROLE_ID, PERM_ID, ACTV_IND, OBJ_ID, VER_NBR) VALUES ('KPME0542', (SELECT ROLE_ID FROM KRIM_ROLE_T WHERE NMSPC_CD = 'KPME-LM' AND ROLE_NM = 'Leave Location View Only'), (SELECT PERM_ID FROM KRIM_PERM_T WHERE NMSPC_CD = 'KPME-HR' AND NM = 'View Position'), 'Y', SYS_GUID(), '1')
/
INSERT INTO KRIM_ROLE_PERM_T (ROLE_PERM_ID, ROLE_ID, PERM_ID, ACTV_IND, OBJ_ID, VER_NBR) VALUES ('KPME0543', (SELECT ROLE_ID FROM KRIM_ROLE_T WHERE NMSPC_CD = 'KPME-LM' AND ROLE_NM = 'Leave Department Administrator'), (SELECT PERM_ID FROM KRIM_PERM_T WHERE NMSPC_CD = 'KPME-HR' AND NM = 'View Position'), 'Y', SYS_GUID(), '1')
/
INSERT INTO KRIM_ROLE_PERM_T (ROLE_PERM_ID, ROLE_ID, PERM_ID, ACTV_IND, OBJ_ID, VER_NBR) VALUES ('KPME0544', (SELECT ROLE_ID FROM KRIM_ROLE_T WHERE NMSPC_CD = 'KPME-LM' AND ROLE_NM = 'Leave Department View Only'), (SELECT PERM_ID FROM KRIM_PERM_T WHERE NMSPC_CD = 'KPME-HR' AND NM = 'View Position'), 'Y', SYS_GUID(), '1')
/
INSERT INTO KRIM_ROLE_PERM_T (ROLE_PERM_ID, ROLE_ID, PERM_ID, ACTV_IND, OBJ_ID, VER_NBR) VALUES ('KPME0545', (SELECT ROLE_ID FROM KRIM_ROLE_T WHERE NMSPC_CD = 'KPME-TK' AND ROLE_NM = 'Time System Administrator'), (SELECT PERM_ID FROM KRIM_PERM_T WHERE NMSPC_CD = 'KPME-HR' AND NM = 'View Position'), 'Y', SYS_GUID(), '1')
/
INSERT INTO KRIM_ROLE_PERM_T (ROLE_PERM_ID, ROLE_ID, PERM_ID, ACTV_IND, OBJ_ID, VER_NBR) VALUES ('KPME0546', (SELECT ROLE_ID FROM KRIM_ROLE_T WHERE NMSPC_CD = 'KPME-TK' AND ROLE_NM = 'Time System View Only'), (SELECT PERM_ID FROM KRIM_PERM_T WHERE NMSPC_CD = 'KPME-HR' AND NM = 'View Position'), 'Y', SYS_GUID(), '1')
/
INSERT INTO KRIM_ROLE_PERM_T (ROLE_PERM_ID, ROLE_ID, PERM_ID, ACTV_IND, OBJ_ID, VER_NBR) VALUES ('KPME0547', (SELECT ROLE_ID FROM KRIM_ROLE_T WHERE NMSPC_CD = 'KPME-TK' AND ROLE_NM = 'Time Location Administrator'), (SELECT PERM_ID FROM KRIM_PERM_T WHERE NMSPC_CD = 'KPME-HR' AND NM = 'View Position'), 'Y', SYS_GUID(), '1')
/
INSERT INTO KRIM_ROLE_PERM_T (ROLE_PERM_ID, ROLE_ID, PERM_ID, ACTV_IND, OBJ_ID, VER_NBR) VALUES ('KPME0548', (SELECT ROLE_ID FROM KRIM_ROLE_T WHERE NMSPC_CD = 'KPME-TK' AND ROLE_NM = 'Time Location View Only'), (SELECT PERM_ID FROM KRIM_PERM_T WHERE NMSPC_CD = 'KPME-HR' AND NM = 'View Position'), 'Y', SYS_GUID(), '1')
/
INSERT INTO KRIM_ROLE_PERM_T (ROLE_PERM_ID, ROLE_ID, PERM_ID, ACTV_IND, OBJ_ID, VER_NBR) VALUES ('KPME0549', (SELECT ROLE_ID FROM KRIM_ROLE_T WHERE NMSPC_CD = 'KPME-TK' AND ROLE_NM = 'Time Department Administrator'), (SELECT PERM_ID FROM KRIM_PERM_T WHERE NMSPC_CD = 'KPME-HR' AND NM = 'View Position'), 'Y', SYS_GUID(), '1')
/
INSERT INTO KRIM_ROLE_PERM_T (ROLE_PERM_ID, ROLE_ID, PERM_ID, ACTV_IND, OBJ_ID, VER_NBR) VALUES ('KPME0550', (SELECT ROLE_ID FROM KRIM_ROLE_T WHERE NMSPC_CD = 'KPME-TK' AND ROLE_NM = 'Time Department View Only'), (SELECT PERM_ID FROM KRIM_PERM_T WHERE NMSPC_CD = 'KPME-HR' AND NM = 'View Position'), 'Y', SYS_GUID(), '1')
/
INSERT INTO KRIM_ROLE_PERM_T (ROLE_PERM_ID, ROLE_ID, PERM_ID, ACTV_IND, OBJ_ID, VER_NBR) VALUES ('KPME0551', (SELECT ROLE_ID FROM KRIM_ROLE_T WHERE NMSPC_CD = 'KPME-LM' AND ROLE_NM = 'Leave System Administrator'), (SELECT PERM_ID FROM KRIM_PERM_T WHERE NMSPC_CD = 'KPME-HR' AND NM = 'View Principal HR Attribute'), 'Y', SYS_GUID(), '1')
/
INSERT INTO KRIM_ROLE_PERM_T (ROLE_PERM_ID, ROLE_ID, PERM_ID, ACTV_IND, OBJ_ID, VER_NBR) VALUES ('KPME0552', (SELECT ROLE_ID FROM KRIM_ROLE_T WHERE NMSPC_CD = 'KPME-LM' AND ROLE_NM = 'Leave System View Only'), (SELECT PERM_ID FROM KRIM_PERM_T WHERE NMSPC_CD = 'KPME-HR' AND NM = 'View Principal HR Attribute'), 'Y', SYS_GUID(), '1')
/
INSERT INTO KRIM_ROLE_PERM_T (ROLE_PERM_ID, ROLE_ID, PERM_ID, ACTV_IND, OBJ_ID, VER_NBR) VALUES ('KPME0553', (SELECT ROLE_ID FROM KRIM_ROLE_T WHERE NMSPC_CD = 'KPME-LM' AND ROLE_NM = 'Leave Location Administrator'), (SELECT PERM_ID FROM KRIM_PERM_T WHERE NMSPC_CD = 'KPME-HR' AND NM = 'View Principal HR Attribute'), 'Y', SYS_GUID(), '1')
/
INSERT INTO KRIM_ROLE_PERM_T (ROLE_PERM_ID, ROLE_ID, PERM_ID, ACTV_IND, OBJ_ID, VER_NBR) VALUES ('KPME0554', (SELECT ROLE_ID FROM KRIM_ROLE_T WHERE NMSPC_CD = 'KPME-LM' AND ROLE_NM = 'Leave Location View Only'), (SELECT PERM_ID FROM KRIM_PERM_T WHERE NMSPC_CD = 'KPME-HR' AND NM = 'View Principal HR Attribute'), 'Y', SYS_GUID(), '1')
/
INSERT INTO KRIM_ROLE_PERM_T (ROLE_PERM_ID, ROLE_ID, PERM_ID, ACTV_IND, OBJ_ID, VER_NBR) VALUES ('KPME0555', (SELECT ROLE_ID FROM KRIM_ROLE_T WHERE NMSPC_CD = 'KPME-LM' AND ROLE_NM = 'Leave Department Administrator'), (SELECT PERM_ID FROM KRIM_PERM_T WHERE NMSPC_CD = 'KPME-HR' AND NM = 'View Principal HR Attribute'), 'Y', SYS_GUID(), '1')
/
INSERT INTO KRIM_ROLE_PERM_T (ROLE_PERM_ID, ROLE_ID, PERM_ID, ACTV_IND, OBJ_ID, VER_NBR) VALUES ('KPME0556', (SELECT ROLE_ID FROM KRIM_ROLE_T WHERE NMSPC_CD = 'KPME-LM' AND ROLE_NM = 'Leave Department View Only'), (SELECT PERM_ID FROM KRIM_PERM_T WHERE NMSPC_CD = 'KPME-HR' AND NM = 'View Principal HR Attribute'), 'Y', SYS_GUID(), '1')
/
INSERT INTO KRIM_ROLE_PERM_T (ROLE_PERM_ID, ROLE_ID, PERM_ID, ACTV_IND, OBJ_ID, VER_NBR) VALUES ('KPME0557', (SELECT ROLE_ID FROM KRIM_ROLE_T WHERE NMSPC_CD = 'KPME-TK' AND ROLE_NM = 'Time System Administrator'), (SELECT PERM_ID FROM KRIM_PERM_T WHERE NMSPC_CD = 'KPME-HR' AND NM = 'View Principal HR Attribute'), 'Y', SYS_GUID(), '1')
/
INSERT INTO KRIM_ROLE_PERM_T (ROLE_PERM_ID, ROLE_ID, PERM_ID, ACTV_IND, OBJ_ID, VER_NBR) VALUES ('KPME0558', (SELECT ROLE_ID FROM KRIM_ROLE_T WHERE NMSPC_CD = 'KPME-TK' AND ROLE_NM = 'Time System View Only'), (SELECT PERM_ID FROM KRIM_PERM_T WHERE NMSPC_CD = 'KPME-HR' AND NM = 'View Principal HR Attribute'), 'Y', SYS_GUID(), '1')
/
INSERT INTO KRIM_ROLE_PERM_T (ROLE_PERM_ID, ROLE_ID, PERM_ID, ACTV_IND, OBJ_ID, VER_NBR) VALUES ('KPME0559', (SELECT ROLE_ID FROM KRIM_ROLE_T WHERE NMSPC_CD = 'KPME-TK' AND ROLE_NM = 'Time Location Administrator'), (SELECT PERM_ID FROM KRIM_PERM_T WHERE NMSPC_CD = 'KPME-HR' AND NM = 'View Principal HR Attribute'), 'Y', SYS_GUID(), '1')
/
INSERT INTO KRIM_ROLE_PERM_T (ROLE_PERM_ID, ROLE_ID, PERM_ID, ACTV_IND, OBJ_ID, VER_NBR) VALUES ('KPME0560', (SELECT ROLE_ID FROM KRIM_ROLE_T WHERE NMSPC_CD = 'KPME-TK' AND ROLE_NM = 'Time Location View Only'), (SELECT PERM_ID FROM KRIM_PERM_T WHERE NMSPC_CD = 'KPME-HR' AND NM = 'View Principal HR Attribute'), 'Y', SYS_GUID(), '1')
/
INSERT INTO KRIM_ROLE_PERM_T (ROLE_PERM_ID, ROLE_ID, PERM_ID, ACTV_IND, OBJ_ID, VER_NBR) VALUES ('KPME0561', (SELECT ROLE_ID FROM KRIM_ROLE_T WHERE NMSPC_CD = 'KPME-TK' AND ROLE_NM = 'Time Department Administrator'), (SELECT PERM_ID FROM KRIM_PERM_T WHERE NMSPC_CD = 'KPME-HR' AND NM = 'View Principal HR Attribute'), 'Y', SYS_GUID(), '1')
/
INSERT INTO KRIM_ROLE_PERM_T (ROLE_PERM_ID, ROLE_ID, PERM_ID, ACTV_IND, OBJ_ID, VER_NBR) VALUES ('KPME0562', (SELECT ROLE_ID FROM KRIM_ROLE_T WHERE NMSPC_CD = 'KPME-TK' AND ROLE_NM = 'Time Department View Only'), (SELECT PERM_ID FROM KRIM_PERM_T WHERE NMSPC_CD = 'KPME-HR' AND NM = 'View Principal HR Attribute'), 'Y', SYS_GUID(), '1')
/
INSERT INTO KRIM_ROLE_PERM_T (ROLE_PERM_ID, ROLE_ID, PERM_ID, ACTV_IND, OBJ_ID, VER_NBR) VALUES ('KPME0563', (SELECT ROLE_ID FROM KRIM_ROLE_T WHERE NMSPC_CD = 'KPME-LM' AND ROLE_NM = 'Leave System Administrator'), (SELECT PERM_ID FROM KRIM_PERM_T WHERE NMSPC_CD = 'KPME-HR' AND NM = 'View Salary Group'), 'Y', SYS_GUID(), '1')
/
INSERT INTO KRIM_ROLE_PERM_T (ROLE_PERM_ID, ROLE_ID, PERM_ID, ACTV_IND, OBJ_ID, VER_NBR) VALUES ('KPME0564', (SELECT ROLE_ID FROM KRIM_ROLE_T WHERE NMSPC_CD = 'KPME-LM' AND ROLE_NM = 'Leave System View Only'), (SELECT PERM_ID FROM KRIM_PERM_T WHERE NMSPC_CD = 'KPME-HR' AND NM = 'View Salary Group'), 'Y', SYS_GUID(), '1')
/
INSERT INTO KRIM_ROLE_PERM_T (ROLE_PERM_ID, ROLE_ID, PERM_ID, ACTV_IND, OBJ_ID, VER_NBR) VALUES ('KPME0565', (SELECT ROLE_ID FROM KRIM_ROLE_T WHERE NMSPC_CD = 'KPME-LM' AND ROLE_NM = 'Leave Location Administrator'), (SELECT PERM_ID FROM KRIM_PERM_T WHERE NMSPC_CD = 'KPME-HR' AND NM = 'View Salary Group'), 'Y', SYS_GUID(), '1')
/
INSERT INTO KRIM_ROLE_PERM_T (ROLE_PERM_ID, ROLE_ID, PERM_ID, ACTV_IND, OBJ_ID, VER_NBR) VALUES ('KPME0566', (SELECT ROLE_ID FROM KRIM_ROLE_T WHERE NMSPC_CD = 'KPME-LM' AND ROLE_NM = 'Leave Location View Only'), (SELECT PERM_ID FROM KRIM_PERM_T WHERE NMSPC_CD = 'KPME-HR' AND NM = 'View Salary Group'), 'Y', SYS_GUID(), '1')
/
INSERT INTO KRIM_ROLE_PERM_T (ROLE_PERM_ID, ROLE_ID, PERM_ID, ACTV_IND, OBJ_ID, VER_NBR) VALUES ('KPME0567', (SELECT ROLE_ID FROM KRIM_ROLE_T WHERE NMSPC_CD = 'KPME-LM' AND ROLE_NM = 'Leave Department Administrator'), (SELECT PERM_ID FROM KRIM_PERM_T WHERE NMSPC_CD = 'KPME-HR' AND NM = 'View Salary Group'), 'Y', SYS_GUID(), '1')
/
INSERT INTO KRIM_ROLE_PERM_T (ROLE_PERM_ID, ROLE_ID, PERM_ID, ACTV_IND, OBJ_ID, VER_NBR) VALUES ('KPME0568', (SELECT ROLE_ID FROM KRIM_ROLE_T WHERE NMSPC_CD = 'KPME-LM' AND ROLE_NM = 'Leave Department View Only'), (SELECT PERM_ID FROM KRIM_PERM_T WHERE NMSPC_CD = 'KPME-HR' AND NM = 'View Salary Group'), 'Y', SYS_GUID(), '1')
/
INSERT INTO KRIM_ROLE_PERM_T (ROLE_PERM_ID, ROLE_ID, PERM_ID, ACTV_IND, OBJ_ID, VER_NBR) VALUES ('KPME0569', (SELECT ROLE_ID FROM KRIM_ROLE_T WHERE NMSPC_CD = 'KPME-TK' AND ROLE_NM = 'Time System Administrator'), (SELECT PERM_ID FROM KRIM_PERM_T WHERE NMSPC_CD = 'KPME-HR' AND NM = 'View Salary Group'), 'Y', SYS_GUID(), '1')
/
INSERT INTO KRIM_ROLE_PERM_T (ROLE_PERM_ID, ROLE_ID, PERM_ID, ACTV_IND, OBJ_ID, VER_NBR) VALUES ('KPME0570', (SELECT ROLE_ID FROM KRIM_ROLE_T WHERE NMSPC_CD = 'KPME-TK' AND ROLE_NM = 'Time System View Only'), (SELECT PERM_ID FROM KRIM_PERM_T WHERE NMSPC_CD = 'KPME-HR' AND NM = 'View Salary Group'), 'Y', SYS_GUID(), '1')
/
INSERT INTO KRIM_ROLE_PERM_T (ROLE_PERM_ID, ROLE_ID, PERM_ID, ACTV_IND, OBJ_ID, VER_NBR) VALUES ('KPME0571', (SELECT ROLE_ID FROM KRIM_ROLE_T WHERE NMSPC_CD = 'KPME-TK' AND ROLE_NM = 'Time Location Administrator'), (SELECT PERM_ID FROM KRIM_PERM_T WHERE NMSPC_CD = 'KPME-HR' AND NM = 'View Salary Group'), 'Y', SYS_GUID(), '1')
/
INSERT INTO KRIM_ROLE_PERM_T (ROLE_PERM_ID, ROLE_ID, PERM_ID, ACTV_IND, OBJ_ID, VER_NBR) VALUES ('KPME0572', (SELECT ROLE_ID FROM KRIM_ROLE_T WHERE NMSPC_CD = 'KPME-TK' AND ROLE_NM = 'Time Location View Only'), (SELECT PERM_ID FROM KRIM_PERM_T WHERE NMSPC_CD = 'KPME-HR' AND NM = 'View Salary Group'), 'Y', SYS_GUID(), '1')
/
INSERT INTO KRIM_ROLE_PERM_T (ROLE_PERM_ID, ROLE_ID, PERM_ID, ACTV_IND, OBJ_ID, VER_NBR) VALUES ('KPME0573', (SELECT ROLE_ID FROM KRIM_ROLE_T WHERE NMSPC_CD = 'KPME-TK' AND ROLE_NM = 'Time Department Administrator'), (SELECT PERM_ID FROM KRIM_PERM_T WHERE NMSPC_CD = 'KPME-HR' AND NM = 'View Salary Group'), 'Y', SYS_GUID(), '1')
/
INSERT INTO KRIM_ROLE_PERM_T (ROLE_PERM_ID, ROLE_ID, PERM_ID, ACTV_IND, OBJ_ID, VER_NBR) VALUES ('KPME0574', (SELECT ROLE_ID FROM KRIM_ROLE_T WHERE NMSPC_CD = 'KPME-TK' AND ROLE_NM = 'Time Department View Only'), (SELECT PERM_ID FROM KRIM_PERM_T WHERE NMSPC_CD = 'KPME-HR' AND NM = 'View Salary Group'), 'Y', SYS_GUID(), '1')
/
INSERT INTO KRIM_ROLE_PERM_T (ROLE_PERM_ID, ROLE_ID, PERM_ID, ACTV_IND, OBJ_ID, VER_NBR) VALUES ('KPME0575', (SELECT ROLE_ID FROM KRIM_ROLE_T WHERE NMSPC_CD = 'KPME-LM' AND ROLE_NM = 'Leave System Administrator'), (SELECT PERM_ID FROM KRIM_PERM_T WHERE NMSPC_CD = 'KPME-HR' AND NM = 'View Work Area'), 'Y', SYS_GUID(), '1')
/
INSERT INTO KRIM_ROLE_PERM_T (ROLE_PERM_ID, ROLE_ID, PERM_ID, ACTV_IND, OBJ_ID, VER_NBR) VALUES ('KPME0576', (SELECT ROLE_ID FROM KRIM_ROLE_T WHERE NMSPC_CD = 'KPME-LM' AND ROLE_NM = 'Leave System View Only'), (SELECT PERM_ID FROM KRIM_PERM_T WHERE NMSPC_CD = 'KPME-HR' AND NM = 'View Work Area'), 'Y', SYS_GUID(), '1')
/
INSERT INTO KRIM_ROLE_PERM_T (ROLE_PERM_ID, ROLE_ID, PERM_ID, ACTV_IND, OBJ_ID, VER_NBR) VALUES ('KPME0577', (SELECT ROLE_ID FROM KRIM_ROLE_T WHERE NMSPC_CD = 'KPME-LM' AND ROLE_NM = 'Leave Location Administrator'), (SELECT PERM_ID FROM KRIM_PERM_T WHERE NMSPC_CD = 'KPME-HR' AND NM = 'View Work Area'), 'Y', SYS_GUID(), '1')
/
INSERT INTO KRIM_ROLE_PERM_T (ROLE_PERM_ID, ROLE_ID, PERM_ID, ACTV_IND, OBJ_ID, VER_NBR) VALUES ('KPME0578', (SELECT ROLE_ID FROM KRIM_ROLE_T WHERE NMSPC_CD = 'KPME-LM' AND ROLE_NM = 'Leave Location View Only'), (SELECT PERM_ID FROM KRIM_PERM_T WHERE NMSPC_CD = 'KPME-HR' AND NM = 'View Work Area'), 'Y', SYS_GUID(), '1')
/
INSERT INTO KRIM_ROLE_PERM_T (ROLE_PERM_ID, ROLE_ID, PERM_ID, ACTV_IND, OBJ_ID, VER_NBR) VALUES ('KPME0579', (SELECT ROLE_ID FROM KRIM_ROLE_T WHERE NMSPC_CD = 'KPME-LM' AND ROLE_NM = 'Leave Department Administrator'), (SELECT PERM_ID FROM KRIM_PERM_T WHERE NMSPC_CD = 'KPME-HR' AND NM = 'View Work Area'), 'Y', SYS_GUID(), '1')
/
INSERT INTO KRIM_ROLE_PERM_T (ROLE_PERM_ID, ROLE_ID, PERM_ID, ACTV_IND, OBJ_ID, VER_NBR) VALUES ('KPME0580', (SELECT ROLE_ID FROM KRIM_ROLE_T WHERE NMSPC_CD = 'KPME-LM' AND ROLE_NM = 'Leave Department View Only'), (SELECT PERM_ID FROM KRIM_PERM_T WHERE NMSPC_CD = 'KPME-HR' AND NM = 'View Work Area'), 'Y', SYS_GUID(), '1')
/
INSERT INTO KRIM_ROLE_PERM_T (ROLE_PERM_ID, ROLE_ID, PERM_ID, ACTV_IND, OBJ_ID, VER_NBR) VALUES ('KPME0581', (SELECT ROLE_ID FROM KRIM_ROLE_T WHERE NMSPC_CD = 'KPME-TK' AND ROLE_NM = 'Time System Administrator'), (SELECT PERM_ID FROM KRIM_PERM_T WHERE NMSPC_CD = 'KPME-HR' AND NM = 'View Work Area'), 'Y', SYS_GUID(), '1')
/
INSERT INTO KRIM_ROLE_PERM_T (ROLE_PERM_ID, ROLE_ID, PERM_ID, ACTV_IND, OBJ_ID, VER_NBR) VALUES ('KPME0582', (SELECT ROLE_ID FROM KRIM_ROLE_T WHERE NMSPC_CD = 'KPME-TK' AND ROLE_NM = 'Time System View Only'), (SELECT PERM_ID FROM KRIM_PERM_T WHERE NMSPC_CD = 'KPME-HR' AND NM = 'View Work Area'), 'Y', SYS_GUID(), '1')
/
INSERT INTO KRIM_ROLE_PERM_T (ROLE_PERM_ID, ROLE_ID, PERM_ID, ACTV_IND, OBJ_ID, VER_NBR) VALUES ('KPME0583', (SELECT ROLE_ID FROM KRIM_ROLE_T WHERE NMSPC_CD = 'KPME-TK' AND ROLE_NM = 'Time Location Administrator'), (SELECT PERM_ID FROM KRIM_PERM_T WHERE NMSPC_CD = 'KPME-HR' AND NM = 'View Work Area'), 'Y', SYS_GUID(), '1')
/
INSERT INTO KRIM_ROLE_PERM_T (ROLE_PERM_ID, ROLE_ID, PERM_ID, ACTV_IND, OBJ_ID, VER_NBR) VALUES ('KPME0584', (SELECT ROLE_ID FROM KRIM_ROLE_T WHERE NMSPC_CD = 'KPME-TK' AND ROLE_NM = 'Time Location View Only'), (SELECT PERM_ID FROM KRIM_PERM_T WHERE NMSPC_CD = 'KPME-HR' AND NM = 'View Work Area'), 'Y', SYS_GUID(), '1')
/
INSERT INTO KRIM_ROLE_PERM_T (ROLE_PERM_ID, ROLE_ID, PERM_ID, ACTV_IND, OBJ_ID, VER_NBR) VALUES ('KPME0585', (SELECT ROLE_ID FROM KRIM_ROLE_T WHERE NMSPC_CD = 'KPME-TK' AND ROLE_NM = 'Time Department Administrator'), (SELECT PERM_ID FROM KRIM_PERM_T WHERE NMSPC_CD = 'KPME-HR' AND NM = 'View Work Area'), 'Y', SYS_GUID(), '1')
/
INSERT INTO KRIM_ROLE_PERM_T (ROLE_PERM_ID, ROLE_ID, PERM_ID, ACTV_IND, OBJ_ID, VER_NBR) VALUES ('KPME0586', (SELECT ROLE_ID FROM KRIM_ROLE_T WHERE NMSPC_CD = 'KPME-TK' AND ROLE_NM = 'Time Department View Only'), (SELECT PERM_ID FROM KRIM_PERM_T WHERE NMSPC_CD = 'KPME-HR' AND NM = 'View Work Area'), 'Y', SYS_GUID(), '1')
/
INSERT INTO KRIM_ROLE_PERM_T (ROLE_PERM_ID, ROLE_ID, PERM_ID, ACTV_IND, OBJ_ID, VER_NBR) VALUES ('KPME0587', (SELECT ROLE_ID FROM KRIM_ROLE_T WHERE NMSPC_CD = 'KPME-LM' AND ROLE_NM = 'Leave System Administrator'), (SELECT PERM_ID FROM KRIM_PERM_T WHERE NMSPC_CD = 'KPME-HR' AND NM = 'View Position Base'), 'Y', SYS_GUID(), '1')
/
INSERT INTO KRIM_ROLE_PERM_T (ROLE_PERM_ID, ROLE_ID, PERM_ID, ACTV_IND, OBJ_ID, VER_NBR) VALUES ('KPME0588', (SELECT ROLE_ID FROM KRIM_ROLE_T WHERE NMSPC_CD = 'KPME-LM' AND ROLE_NM = 'Leave System View Only'), (SELECT PERM_ID FROM KRIM_PERM_T WHERE NMSPC_CD = 'KPME-HR' AND NM = 'View Position Base'), 'Y', SYS_GUID(), '1')
/
INSERT INTO KRIM_ROLE_PERM_T (ROLE_PERM_ID, ROLE_ID, PERM_ID, ACTV_IND, OBJ_ID, VER_NBR) VALUES ('KPME0589', (SELECT ROLE_ID FROM KRIM_ROLE_T WHERE NMSPC_CD = 'KPME-LM' AND ROLE_NM = 'Leave Location Administrator'), (SELECT PERM_ID FROM KRIM_PERM_T WHERE NMSPC_CD = 'KPME-HR' AND NM = 'View Position Base'), 'Y', SYS_GUID(), '1')
/
INSERT INTO KRIM_ROLE_PERM_T (ROLE_PERM_ID, ROLE_ID, PERM_ID, ACTV_IND, OBJ_ID, VER_NBR) VALUES ('KPME0590', (SELECT ROLE_ID FROM KRIM_ROLE_T WHERE NMSPC_CD = 'KPME-LM' AND ROLE_NM = 'Leave Location View Only'), (SELECT PERM_ID FROM KRIM_PERM_T WHERE NMSPC_CD = 'KPME-HR' AND NM = 'View Position Base'), 'Y', SYS_GUID(), '1')
/
INSERT INTO KRIM_ROLE_PERM_T (ROLE_PERM_ID, ROLE_ID, PERM_ID, ACTV_IND, OBJ_ID, VER_NBR) VALUES ('KPME0591', (SELECT ROLE_ID FROM KRIM_ROLE_T WHERE NMSPC_CD = 'KPME-LM' AND ROLE_NM = 'Leave Department Administrator'), (SELECT PERM_ID FROM KRIM_PERM_T WHERE NMSPC_CD = 'KPME-HR' AND NM = 'View Position Base'), 'Y', SYS_GUID(), '1')
/
INSERT INTO KRIM_ROLE_PERM_T (ROLE_PERM_ID, ROLE_ID, PERM_ID, ACTV_IND, OBJ_ID, VER_NBR) VALUES ('KPME0592', (SELECT ROLE_ID FROM KRIM_ROLE_T WHERE NMSPC_CD = 'KPME-LM' AND ROLE_NM = 'Leave Department View Only'), (SELECT PERM_ID FROM KRIM_PERM_T WHERE NMSPC_CD = 'KPME-HR' AND NM = 'View Position Base'), 'Y', SYS_GUID(), '1')
/
INSERT INTO KRIM_ROLE_PERM_T (ROLE_PERM_ID, ROLE_ID, PERM_ID, ACTV_IND, OBJ_ID, VER_NBR) VALUES ('KPME0593', (SELECT ROLE_ID FROM KRIM_ROLE_T WHERE NMSPC_CD = 'KPME-TK' AND ROLE_NM = 'Time System Administrator'), (SELECT PERM_ID FROM KRIM_PERM_T WHERE NMSPC_CD = 'KPME-HR' AND NM = 'View Position Base'), 'Y', SYS_GUID(), '1')
/
INSERT INTO KRIM_ROLE_PERM_T (ROLE_PERM_ID, ROLE_ID, PERM_ID, ACTV_IND, OBJ_ID, VER_NBR) VALUES ('KPME0594', (SELECT ROLE_ID FROM KRIM_ROLE_T WHERE NMSPC_CD = 'KPME-TK' AND ROLE_NM = 'Time System View Only'), (SELECT PERM_ID FROM KRIM_PERM_T WHERE NMSPC_CD = 'KPME-HR' AND NM = 'View Position Base'), 'Y', SYS_GUID(), '1')
/
INSERT INTO KRIM_ROLE_PERM_T (ROLE_PERM_ID, ROLE_ID, PERM_ID, ACTV_IND, OBJ_ID, VER_NBR) VALUES ('KPME0595', (SELECT ROLE_ID FROM KRIM_ROLE_T WHERE NMSPC_CD = 'KPME-TK' AND ROLE_NM = 'Time Location Administrator'), (SELECT PERM_ID FROM KRIM_PERM_T WHERE NMSPC_CD = 'KPME-HR' AND NM = 'View Position Base'), 'Y', SYS_GUID(), '1')
/
INSERT INTO KRIM_ROLE_PERM_T (ROLE_PERM_ID, ROLE_ID, PERM_ID, ACTV_IND, OBJ_ID, VER_NBR) VALUES ('KPME0596', (SELECT ROLE_ID FROM KRIM_ROLE_T WHERE NMSPC_CD = 'KPME-TK' AND ROLE_NM = 'Time Location View Only'), (SELECT PERM_ID FROM KRIM_PERM_T WHERE NMSPC_CD = 'KPME-HR' AND NM = 'View Position Base'), 'Y', SYS_GUID(), '1')
/
INSERT INTO KRIM_ROLE_PERM_T (ROLE_PERM_ID, ROLE_ID, PERM_ID, ACTV_IND, OBJ_ID, VER_NBR) VALUES ('KPME0597', (SELECT ROLE_ID FROM KRIM_ROLE_T WHERE NMSPC_CD = 'KPME-TK' AND ROLE_NM = 'Time Department Administrator'), (SELECT PERM_ID FROM KRIM_PERM_T WHERE NMSPC_CD = 'KPME-HR' AND NM = 'View Position Base'), 'Y', SYS_GUID(), '1')
/
INSERT INTO KRIM_ROLE_PERM_T (ROLE_PERM_ID, ROLE_ID, PERM_ID, ACTV_IND, OBJ_ID, VER_NBR) VALUES ('KPME0598', (SELECT ROLE_ID FROM KRIM_ROLE_T WHERE NMSPC_CD = 'KPME-TK' AND ROLE_NM = 'Time Department View Only'), (SELECT PERM_ID FROM KRIM_PERM_T WHERE NMSPC_CD = 'KPME-HR' AND NM = 'View Position Base'), 'Y', SYS_GUID(), '1')
/
-- Changeset src/main/config/db/2.0.1/db.changelog-201401021250.xml::1::jwillia
INSERT INTO KRCR_CMPNT_T (NMSPC_CD, CMPNT_CD, OBJ_ID, VER_NBR, NM, ACTV_IND) VALUES ('KPME-HR', 'KeyValues', 'SYS_GUID()', '1', 'KeyValues', 'Y')
/
-- Changeset src/main/config/db/2.0.1/db.changelog-201401021250.xml::2::jwillia
INSERT INTO KRCR_PARM_T (NMSPC_CD, CMPNT_CD, PARM_NM, OBJ_ID, VER_NBR, PARM_TYP_CD, VAL, PARM_DESC_TXT, EVAL_OPRTR_CD, APPL_ID) VALUES ('KPME-HR', 'KeyValues', 'TIME_ZONES', 'SYS_GUID()', '1', 'VALID', 'America/Chicago;America/Denver;America/Detroit;America/Indiana/Indianapolis;America/Phoenix;America/Los_Angeles', 'A semicolon delimited list of timezones for timezone dropdown lists.', 'A', 'KPME')
/
-- Changeset src/main/config/db/2.0.1/db.changelog-201401151035.xml::1::neerajsk
-- Adding Rice KIM type + KIM role bootstrap data for the KPME role-proxy derived role
INSERT INTO KRIM_TYP_T (KIM_TYP_ID, NMSPC_CD, NM, SRVC_NM, ACTV_IND, OBJ_ID, VER_NBR) VALUES ('KPME0005', 'KPME-WKFLW', 'Derived Role: KPME Role Proxy', '{http://kpme.kuali.org/core/v2_0}kpmeRoleProxyDerivedRoleTypeService', 'Y', SYS_GUID(), '1')
/
INSERT INTO KRIM_ROLE_T (ROLE_ID, KIM_TYP_ID, NMSPC_CD, ROLE_NM, DESC_TXT, ACTV_IND, LAST_UPDT_DT, OBJ_ID, VER_NBR) VALUES ('KPME0019', (SELECT KIM_TYP_ID FROM KRIM_TYP_T WHERE NMSPC_CD = 'KPME-WKFLW' AND NM = 'Derived Role: KPME Role Proxy'), 'KPME-HR', 'Derived Role : KPME Role Proxy', 'The derived role that acts as a KPME role proxy', 'Y', SYSDATE, SYS_GUID(), '1')
/

--  Changeset src/main/config/db/2.0.1/db.changelog-201401241035.xml::1::neerajsk::(Checksum: 3:3b9a3b8fc1c5704d979dd82e16fd6c04)
--  Adding Rice KIM type + KIM role data for the Approver Proxy and Approver Delegate Proxy derived roles
INSERT INTO KRIM_TYP_T (ACTV_IND, KIM_TYP_ID, NM, NMSPC_CD, OBJ_ID, SRVC_NM, VER_NBR) VALUES ('Y', 'KPME0006', 'Derived Role: Approver Proxy', 'KPME-WKFLW', SYS_GUID(), '{http://kpme.kuali.org/core/v2_0}approverProxyDerivedRoleTypeService', '1');
/
INSERT INTO KRIM_TYP_T (ACTV_IND, KIM_TYP_ID, NM, NMSPC_CD, OBJ_ID, SRVC_NM, VER_NBR) VALUES ('Y', 'KPME0007', 'Derived Role: Approver Delegate Proxy', 'KPME-WKFLW', SYS_GUID(), '{http://kpme.kuali.org/core/v2_0}approverDelegateProxyDerivedRoleTypeService', '1');
/
INSERT INTO KRIM_ROLE_T (ACTV_IND, DESC_TXT, KIM_TYP_ID, LAST_UPDT_DT, NMSPC_CD, OBJ_ID, ROLE_ID, ROLE_NM, VER_NBR) VALUES ('Y', 'The derived role that acts as a proxy for the Approver role', (SELECT KIM_TYP_ID FROM KRIM_TYP_T WHERE NMSPC_CD = 'KPME-WKFLW' AND NM = 'Derived Role: Approver Proxy'), SYSDATE, 'KPME-HR', SYS_GUID(), 'KPME0020', 'Derived Role: Approver Proxy', '1');
/
INSERT INTO KRIM_ROLE_T (ACTV_IND, DESC_TXT, KIM_TYP_ID, LAST_UPDT_DT, NMSPC_CD, OBJ_ID, ROLE_ID, ROLE_NM, VER_NBR) VALUES ('Y', 'The derived role that acts as a proxy for the Approver Delegate role', (SELECT KIM_TYP_ID FROM KRIM_TYP_T WHERE NMSPC_CD = 'KPME-WKFLW' AND NM = 'Derived Role: Approver Delegate Proxy'), SYSDATE, 'KPME-HR', SYS_GUID(), 'KPME0021', 'Derived Role: Approver Delegate Proxy', '1');
/